Mono path[0] = 'F:/SteamLibrary/steamapps/common/OxygenNotIncluded/OxygenNotIncluded_Data/Managed'
Mono config path = 'F:/SteamLibrary/steamapps/common/OxygenNotIncluded/MonoBleedingEdge/etc'
Found 3 interfaces on host : 0) 192.168.0.14 1) 172.26.192.1 2) 172.31.80.1
Player connection [25776]  Target information:

Player connection [25776]  * "[IP] 192.168.0.14 [Port] 55000 [Flags] 2 [Guid] 3428101270 [EditorId] 917078058 [Version] 1048832 [Id] WindowsPlayer(2,DESKTOP-SPCCJVG) [Debug] 0 [PackageName] WindowsPlayer [ProjectName] Oxygen Not Included" 

Player connection [25776]  * "[IP] 172.26.192.1 [Port] 55000 [Flags] 2 [Guid] 3428101270 [EditorId] 917078058 [Version] 1048832 [Id] WindowsPlayer(2,DESKTOP-SPCCJVG) [Debug] 0 [PackageName] WindowsPlayer [ProjectName] Oxygen Not Included" 

Player connection [25776]  * "[IP] 172.31.80.1 [Port] 55000 [Flags] 2 [Guid] 3428101270 [EditorId] 917078058 [Version] 1048832 [Id] WindowsPlayer(2,DESKTOP-SPCCJVG) [Debug] 0 [PackageName] WindowsPlayer [ProjectName] Oxygen Not Included" 

Player connection [25776] Started UDP target info broadcast (1) on [225.0.0.222:54997].

Input System module state changed to: Initialized.
[PhysX] Initialized MultithreadedTaskDispatcher with 16 workers.
Initialize engine version: 2022.3.62f2 (7670c08855a9)
[Subsystems] Discovering subsystems at path F:/SteamLibrary/steamapps/common/OxygenNotIncluded/OxygenNotIncluded_Data/UnitySubsystems
GfxDevice: creating device client; threaded=1; jobified=1
Direct3D:
    Version:  Direct3D 11.0 [level 11.1]
    Renderer: NVIDIA GeForce RTX 3060 (ID=0x2504)
    Vendor:   NVIDIA
    VRAM:     12115 MB
    Driver:   32.0.15.8115
Begin MonoManager ReloadAssembly
- Loaded All Assemblies, in  5.161 seconds
- Finished resetting the current domain, in  0.001 seconds
<RI> Initializing input.
<RI> Input initialized.
<RI> Initialized touch support.
[PhysX] Initialized MultithreadedTaskDispatcher with 16 workers.
UnloadTime: 0.528700 ms
[14:50:02.581] [1] [INFO] Applying resolution 1920x1080 @1hz (fullscreen: MaximizedWindow)
[14:50:02.589] [1] [INFO] Low Res Textures? No
[14:50:02.609] [1] [INFO] Date: 11/03/2025 14:50:02
[14:50:02.610] [1] [INFO] Build: ??-697712-? (preview)
[14:50:02.613] [1] [INFO] Creating SteamManager.
[14:50:02.745] [1] [INFO] DistributionPlatform initialized.
[14:50:02.745] [1] [INFO] -----------------------------------------------------------
[14:50:02.750] [1] [INFO] Build: U57-697712-SCRP (preview)
[14:50:02.750] [1] [INFO] -----------------------------------------------------------
[14:50:02.750] [1] [INFO] DLC Information
[14:50:02.753] [1] [INFO] - DLC4_ID loaded: True
[14:50:02.753] [1] [INFO] - DLC3_ID loaded: True
[14:50:02.753] [1] [INFO] - DLC2_ID loaded: True
[14:50:02.753] [1] [INFO] - EXPANSION1_ID loaded: True
[14:50:02.753] [1] [INFO] -----------------------------------------------------------
The referenced script on this Behaviour (Game Object '<null>') is missing!
UnityEngine.StackTraceUtility:ExtractStackTrace () (at C:/build/output/unity/unity/Runtime/Export/Scripting/StackTrace.cs:37)
UnityEngine.ResourcesAPI:LoadAll (string,System.Type) (at C:/build/output/unity/unity/Runtime/Export/Resources/Resources.bindings.cs:103)
UnityEngine.Resources:LoadAll (string,System.Type) (at C:/build/output/unity/unity/Runtime/Export/Resources/Resources.bindings.cs:174)
UnityEngine.Resources:LoadAll<FMODUnity.Platform> (string) (at C:/build/output/unity/unity/Runtime/Export/Resources/Resources.bindings.cs:186)
FMODUnity.Settings:PopulatePlatformsFromAsset () (at /home/build/workspace/game/Assets/Plugins/FMOD/src/Settings.cs:661)
FMODUnity.Settings:OnEnable () (at /home/build/workspace/game/Assets/Plugins/FMOD/src/Settings.cs:604)
UnityEngine.ResourcesAPI:Load (string,System.Type) (at C:/build/output/unity/unity/Runtime/Export/Resources/Resources.bindings.cs:102)
UnityEngine.Resources:Load (string,System.Type) (at C:/build/output/unity/unity/Runtime/Export/Resources/Resources.bindings.cs:153)
UnityEngine.Resources:Load (string) (at C:/build/output/unity/unity/Runtime/Export/Resources/Resources.bindings.cs:143)
FMODUnity.Settings:Initialize () (at /home/build/workspace/game/Assets/Plugins/FMOD/src/Settings.cs:282)
FMODUnity.Settings:get_Instance () (at /home/build/workspace/game/Assets/Plugins/FMOD/src/Settings.cs:270)
KFMOD:Initialize () (at /home/build/workspace/game/Assets/Plugins/Klei/audio/KFMOD.cs:76)
LaunchInitializer:Update () (at /home/build/workspace/game/Assets/scripts/game/LaunchInitializer.cs:81)

[/home/build/workspace/game/Assets/Plugins/FMOD/src/Settings.cs line 282]

[14:50:05.488] [1] [INFO] Loading Expansion1 assets from bundle
[14:50:08.123] [1] [INFO] Loading DLC DLC2_ID assets from bundle
[14:50:08.776] [1] [INFO] Loading DLC DLC3_ID assets from bundle
[14:50:09.410] [1] [INFO] Loading DLC DLC4_ID assets from bundle
SYSTEM INFO:
    Platform=WindowsPlayer
    OSname=Windows 11  (10.0.26200) 64bit
    OSversion=10.0.26200.0
    CPUmodel=System Product Name (ASUS)
    CPUdeviceType=Desktop
    CPUarch=AMD64
    ProcBits=64
    CPUcount=16
    CPUtype=AMD Ryzen 7 5800X 8-Core Processor 
    SystemMemoryMegs=32681
    GPUgraphicsDeviceID=9476
    GPUname=NVIDIA GeForce RTX 3060
    GPUgraphicsDeviceType=Direct3D11
    GPUgraphicsDeviceVendor=NVIDIA
    GPUgraphicsDeviceVendorID=4318
    GPUgraphicsDeviceVersion=Direct3D 11.0 [level 11.1]
    GPUmemoryMegs=12115
    GPUgraphicsMultiThreaded=False
    GPUgraphicsShaderLevel=50
    GPUmaxTextureSize=16384
    GPUnpotSupport=Full
    GPUsupportedRenderTargetCount=8
    GPUsupports2DArrayTextures=True
    GPUsupports3DTextures=True
    GPUsupportsComputeShaders=True
    GPUsupportsImageEffects=True
    GPUsupportsInstancing=True
    GPUsupportsRenderToCubemap=True
    GPUsupportsShadows=True
    GPUsupportsSparseTextures=True
    GPUcopyTextureSupport=Basic, Copy3D, DifferentTypes, TextureToRT, RTToTexture
    System Language=English
[14:50:10.231] [1] [INFO] Initializing at 2025-11-03 14:50:10.231
[14:50:10.231] [1] [INFO] Save path: C:\Users\actep\OneDrive\Documents\Klei\OxygenNotIncluded
[14:50:10.895] [1] [INFO] Latent reinstall of mod Blueprints Expanded
[14:50:10.905] [1] [INFO] 	Mod Manager // by @Ony 👾 has a mod.yaml with a staticID `ModManager`, using that from now on.
[14:50:10.924] [1] [INFO] Mod Manager // by @Ony 👾: Successfully loaded from path 'root' with content 'DLL'.
[14:50:10.924] [1] [INFO] Better Info Cards (BetterInfoCards): Setting up mod.
[14:50:10.930] [1] [INFO] 	Better Info Cards has a mod.yaml with a staticID `Aze.BetterInfoCards`, using that from now on.
[14:50:10.931] [1] [INFO] 	Better Info Cards: Found valid mod_info.yaml in folder 'root': requiredDlcIds='', forbiddenDlcIds='' at 469369
[14:50:10.931] [1] [INFO] 	Better Info Cards: No archived_versions for this mod, using root version directly.
[14:50:10.932] [1] [INFO] Better Info Cards: Successfully loaded from path 'root' with content 'DLL'.
[14:50:10.932] [1] [INFO] Container Tooltips (ContainerTooltips): Setting up mod.
[14:50:10.936] [1] [INFO] 	Container Tooltips has a mod.yaml with a staticID `Aze.ContainerTooltips`, using that from now on.
[14:50:10.941] [1] [WARNING] 	Container Tooltips: mod_info.yaml in folder 'root' is using supportedContent which has been deprecated. See stickied post on the Klei forums.
[14:50:10.941] [1] [INFO] 	Container Tooltips: Found valid mod_info.yaml in folder 'root': requiredDlcIds='', forbiddenDlcIds='' at 469369
[14:50:10.941] [1] [INFO] 	Container Tooltips: No archived_versions for this mod, using root version directly.
[14:50:10.942] [1] [INFO] Container Tooltips: Successfully loaded from path 'root' with content 'DLL'.
[14:50:10.946] [1] [INFO] 	Preset Manager has a mod.yaml with a staticID `DupePrioPresetManager`, using that from now on.
[14:50:10.957] [1] [INFO] Preset Manager: Successfully loaded from path 'root' with content 'DLL'.
[14:50:10.958] [1] [INFO] Blueprints Expanded: Is missing a mod_info.yaml file and will not be loaded, which is required. See the stickied post in the Mods and Tools section on the Klei forums.
[14:50:10.958] [1] [WARNING] Blueprints Expanded: No archive supports this game version, skipping content.
[14:50:10.963] [1] [INFO] 	Show Building Ranges has a mod.yaml with a staticID `PeterHan.ShowRange`, using that from now on.
[14:50:10.966] [1] [INFO] Show Building Ranges: Successfully loaded from path 'root' with content 'DLL'.
[14:50:10.972] [1] [INFO] 	Popup Control has a mod.yaml with a staticID `PeterHan.ToastControl`, using that from now on.
[14:50:10.976] [1] [INFO] Popup Control: Successfully loaded from path 'root' with content 'DLL'.
[14:50:10.981] [1] [INFO] 	Pip Plant Overlay has a mod.yaml with a staticID `PeterHan.PipPlantOverlay`, using that from now on.
[14:50:10.982] [1] [INFO] Pip Plant Overlay: Successfully loaded from path 'root' with content 'DLL'.
[14:50:10.987] [1] [INFO] 	Instant Switch has a mod.yaml with a staticID `InstantSwitchToggle`, using that from now on.
[14:50:10.992] [1] [INFO] Instant Switch: Successfully loaded from path 'root' with content 'DLL'.
[14:50:10.997] [1] [INFO] 	[Vanilla + DLC] Rooms Expanded has a mod.yaml with a staticID `pether-pg.RoomsExpanded`, using that from now on.
[14:50:11.025] [1] [INFO] [Vanilla + DLC] Rooms Expanded: Successfully loaded from path 'root' with content 'DLL'.
[14:50:11.029] [1] [INFO] 	Cluster Generation Manager [CGM] has a mod.yaml with a staticID `ClusterTraitGenerationManager`, using that from now on.
[14:50:11.036] [1] [INFO] Cluster Generation Manager [CGM]: Successfully loaded from path 'root' with content 'DLL'.
[14:50:11.039] [1] [INFO] 	AI Improvements has a mod.yaml with a staticID `PeterHan.AIImprovements`, using that from now on.
[14:50:11.045] [1] [INFO] AI Improvements: Successfully loaded from path 'root' with content 'DLL'.
[14:50:11.048] [1] [INFO] 	No Long Commutes has a mod.yaml with a staticID `Cairath.NoLongCommutes`, using that from now on.
[14:50:11.055] [1] [INFO] No Long Commutes: Successfully loaded from path 'root' with content 'DLL'.
[14:50:11.056] [1] [INFO] 	True Tiles has a mod.yaml with a staticID `TrueTiles`, using that from now on.
[14:50:11.061] [1] [INFO] True Tiles: Successfully loaded from path 'root' with content 'DLL'.
[14:50:11.062] [1] [INFO] 	Suppress Notifications has a mod.yaml with a staticID `Aze.SuppressNotifications`, using that from now on.
[14:50:11.063] [1] [INFO] Suppress Notifications: Successfully loaded from path 'root' with content 'DLL'.
[14:50:11.065] [1] [INFO] 	Better Automation Overlay has a mod.yaml with a staticID `Aze.BetterLogicOverlay`, using that from now on.
[14:50:11.069] [1] [INFO] Better Automation Overlay: Successfully loaded from path 'root' with content 'DLL'.
[14:50:11.073] [1] [INFO] 	Research Queue has a mod.yaml with a staticID `PeterHan.ResearchQueue`, using that from now on.
[14:50:11.078] [1] [INFO] Research Queue: Successfully loaded from path 'root' with content 'DLL'.
[14:50:11.083] [1] [INFO] 	Mod Updater has a mod.yaml with a staticID `PeterHan.ModUpdateDate`, using that from now on.
[14:50:11.088] [1] [INFO] Mod Updater: Successfully loaded from path 'root' with content 'DLL'.
[14:50:11.092] [1] [INFO] 	Geyser Calculated Average Output Tooltip has a mod.yaml with a staticID `Cairath.GeyserCalculatedAvgOutputTooltip`, using that from now on.
[14:50:11.095] [1] [INFO] Geyser Calculated Average Output Tooltip: Successfully loaded from path 'root' with content 'DLL'.
[14:50:11.096] [1] [INFO] 	Falling Sand has a mod.yaml with a staticID `PeterHan.FallingSand`, using that from now on.
[14:50:11.106] [1] [INFO] Falling Sand: Successfully loaded from path 'root' with content 'DLL'.
[14:50:11.109] [1] [INFO] 	DGSM  - Duplicants Generation Settings Manager // by @Ony 👾 has a mod.yaml with a staticID `DGSM2`, using that from now on.
[14:50:11.115] [1] [INFO] DGSM  - Duplicants Generation Settings Manager // by @Ony 👾: Successfully loaded from path 'root' with content 'DLL'.
[14:50:11.115] [1] [INFO] 	Queue For Sinks has a mod.yaml with a staticID `PeterHan.QueueForSink`, using that from now on.
[14:50:11.117] [1] [INFO] Queue For Sinks: Successfully loaded from path 'root' with content 'DLL'.
[14:50:11.122] [1] [INFO] 	Critical Notification Pauser has a mod.yaml with a staticID `NotificationPauser`, using that from now on.
[14:50:11.126] [1] [INFO] Critical Notification Pauser: Successfully loaded from path 'root' with content 'DLL'.
[14:50:11.132] [1] [INFO] ChainedDeconstruction: Successfully loaded from path 'root' with content 'DLL'.
[14:50:11.137] [1] [INFO] Build Over Plants: Successfully loaded from path 'root' with content 'DLL'.
[14:50:11.139] [1] [INFO] 	Bigger Building Menu has a mod.yaml with a staticID `Cairath.BiggerBuildingMenu`, using that from now on.
[14:50:11.141] [1] [INFO] Bigger Building Menu: Successfully loaded from path 'root' with content 'DLL'.
[14:50:11.145] [1] [INFO] 	Better Deselect has a mod.yaml with a staticID `Aze.BetterDeselect`, using that from now on.
[14:50:11.150] [1] [INFO] Better Deselect: Successfully loaded from path 'root' with content 'DLL'.
[14:50:11.155] [1] [INFO] 	Bigger Camera Zoom Out has a mod.yaml with a staticID `Cairath.BiggerCameraZoomOut`, using that from now on.
[14:50:11.157] [1] [INFO] Bigger Camera Zoom Out: Successfully loaded from path 'root' with content 'DLL'.
[14:50:11.159] [1] [INFO] 	Mods Presets Organizer (MPOrganizer) // by @Ony 👾 has a mod.yaml with a staticID `ModsPresetsOrganizer`, using that from now on.
[14:50:11.164] [1] [INFO] Mods Presets Organizer (MPOrganizer) // by @Ony 👾: Successfully loaded from path 'root' with content 'DLL'.
[14:50:11.165] [1] [INFO] 	Build Menu Search Hotkey has a mod.yaml with a staticID `Aze.BuildMenuSearchHotkey`, using that from now on.
[14:50:11.169] [1] [INFO] Build Menu Search Hotkey: Successfully loaded from path 'root' with content 'DLL'.
[14:50:11.175] [1] [INFO] 	Speed Control 202107 has a mod.yaml with a staticID `hustlion_dev_speed_control`, using that from now on.
[14:50:11.176] [1] [INFO] Speed Control 202107: Successfully loaded from path 'root' with content 'DLL'.
[14:50:11.177] [1] [WARNING] Recoverable parse error in C:/Users/actep/OneDrive/Documents/Klei/OxygenNotIncluded/mods/Steam/1722760223\mod.yaml
Found a property '﻿title' on a type 'KMod.KModHeader', but that type doesn't have that property!
[14:50:11.177] [1] [INFO] 	Reset Build Priority has a mod.yaml with a staticID `Hein.ResetBuildPriority`, using that from now on.
[14:50:11.179] [1] [INFO] Reset Build Priority: Successfully loaded from path 'root' with content 'DLL'.
[14:50:11.183] [1] [INFO] 	Drag Area More Visible has a mod.yaml with a staticID `DragAreaMoreVisible`, using that from now on.
[14:50:11.185] [1] [INFO] Drag Area More Visible: Successfully loaded from path 'root' with content 'DLL'.
[14:50:11.189] [1] [INFO] 	Wounded Go To Med Bed has a mod.yaml with a staticID `Cairath.WoundedGoToMedBed`, using that from now on.
[14:50:11.196] [1] [INFO] Wounded Go To Med Bed: Successfully loaded from path 'root' with content 'DLL'.
[14:50:11.200] [1] [INFO] 	Pipe Flow Overlay has a mod.yaml with a staticID `sjPipeFlowOverlay`, using that from now on.
[14:50:11.205] [1] [INFO] Pipe Flow Overlay: Successfully loaded from path 'root' with content 'DLL'.
[14:50:11.209] [1] [INFO] 	Map Overlay has a mod.yaml with a staticID `MapOverlay`, using that from now on.
[14:50:11.214] [1] [INFO] Map Overlay: Successfully loaded from path 'root' with content 'DLL'.
[14:50:11.218] [1] [INFO] 	Demolish Neutronium has a mod.yaml with a staticID `lv.modo.DemolishNeutronium`, using that from now on.
[14:50:11.223] [1] [INFO] Demolish Neutronium: Successfully loaded from path 'root' with content 'DLL'.
[14:50:11.226] [1] [INFO] 	No Drop // by @Ony  has a mod.yaml with a staticID `NoDrop`, using that from now on.
[14:50:11.232] [1] [INFO] No Drop // by @Ony : Successfully loaded from path 'root' with content 'DLL'.
[14:50:11.235] [1] [INFO] 	Skills Master // by @Ony  has a mod.yaml with a staticID `SkillsMaster`, using that from now on.
[14:50:11.241] [1] [INFO] Skills Master // by @Ony : Successfully loaded from path 'root' with content 'DLL'.
[14:50:11.245] [1] [INFO] 	Debug Console // by @Ony  has a mod.yaml with a staticID `DebugConsole`, using that from now on.
[14:50:11.246] [1] [INFO] Debug Console // by @Ony : Successfully loaded from path 'root' with content 'DLL'.
[14:50:11.252] [1] [INFO] 	Mass Move Tool has a mod.yaml with a staticID `MassMoveTo`, using that from now on.
[14:50:11.256] [1] [INFO] Mass Move Tool: Successfully loaded from path 'root' with content 'DLL'.
[14:50:11.258] [1] [INFO] Using builtin mod system.
[14:50:11.258] [1] [INFO] Loading mod content DLL [Mod Manager // by @Ony 👾:1843965353] (provides DLL)
[14:50:11.260] [1] [INFO] Loading MOD dll: NickBuhro.Translit.dll
[14:50:11.285] [1] [INFO] Loading MOD dll: Release.Mod.ModManager.dll
Fallback handler could not load library F:/SteamLibrary/steamapps/common/OxygenNotIncluded/OxygenNotIncluded_Data/MonoBleedingEdge/data-000002EAE21C5380.dll
Fallback handler could not load library F:/SteamLibrary/steamapps/common/OxygenNotIncluded/OxygenNotIncluded_Data/MonoBleedingEdge/data-000002EAEAB7F100.dll
[48;5;21m  [Mod Manager][1]: Version: 2.3.5.1032 initialized [48;5;0m
[14:50:11.678] [1] [INFO] Loading mod content DLL [Better Info Cards:BetterInfoCards] (provides DLL)
[14:50:11.679] [1] [INFO] Loading MOD dll: BetterInfoCards.dll
[14:50:11.686] [1] [INFO]     - version: 2025.11.3.2
[14:50:11.702] [1] [INFO] [PLib/BetterInfoCards] Registered mod options class BetterInfoCards.Options for Aze.BetterInfoCards
Fallback handler could not load library F:/SteamLibrary/steamapps/common/OxygenNotIncluded/OxygenNotIncluded_Data/MonoBleedingEdge/data-000002EAEB513330.dll
[14:50:12.015] [1] [INFO] Loading mod content DLL [Container Tooltips:ContainerTooltips] (provides DLL)
[14:50:12.015] [1] [INFO] Loading MOD dll: ContainerTooltips.dll
[14:50:12.151] [1] [INFO] [PLib] Mod ContainerTooltips initialized, version 2025.10.7.11
[14:50:12.154] [1] [INFO] [PLib/ContainerTooltips] Registered mod options class BadMod.ContainerTooltips.Configuration.Options for Aze.ContainerTooltips
[14:50:12.156] [1] [INFO] Loading mod content DLL [Preset Manager:2977728791] (provides DLL)
[14:50:12.156] [1] [INFO] Loading MOD dll: DupePrioPresetManager.dll
[14:50:12.342] [1] [INFO] [DupePrioPresetManager]: Initializing file paths..
[14:50:12.343] [1] [INFO] [DupePrioPresetManager]: Initializing folders..
[14:50:12.343] [1] [INFO] [DupePrioPresetManager]: Folders succesfully initialized
[14:50:12.382] [1] [INFO] [DupePrioPresetManager]: patching MainMenu.OnPrefabInit
[14:50:12.392] [1] [INFO] [PLib/DupePrioPresetManager] Registered mod ID DupePrioPresetManager for automatic version checking
[14:50:12.393] [1] [INFO] [DupePrioPresetManager]: DupePrioPresetManager - Mod Version: 1.2.0.0 
[14:50:12.397] [6] [INFO] [SgtImalas_VersionCheck]: Mod Version Data was null, trying to fetch it
[14:50:12.425] [1] [INFO] Loading mod content DLL [Show Building Ranges:1960996649] (provides DLL)
[14:50:12.426] [1] [INFO] Loading MOD dll: ShowRange.dll
[14:50:12.473] [6] [INFO] [SgtImalas_VersionCheck]: mod version data fetched from github
[14:50:12.546] [1] [INFO] [PLib] Mod ShowRange initialized, version 3.6.0.0
[14:50:12.549] [1] [INFO] [PLib/ShowRange] Registered mod ID PeterHan.ShowRange for automatic version checking
[14:50:12.550] [1] [INFO] Loading mod content DLL [Pip Plant Overlay:2493100777] (provides DLL)
[14:50:12.551] [1] [INFO] Loading MOD dll: PipPlantOverlay.dll
[14:50:12.689] [1] [INFO] [PLib] Mod PipPlantOverlay initialized, version 2.6.0.0
[14:50:12.692] [1] [INFO] [PLibPatches] Registered 1 handler(s) for PipPlantOverlay
[14:50:12.708] [1] [INFO] [PLib/PipPlantOverlay] Registered mod ID PeterHan.PipPlantOverlay for automatic version checking
[14:50:12.709] [1] [INFO] Loading mod content DLL [[Vanilla + DLC] Rooms Expanded:2348079481] (provides DLL)
[14:50:12.710] [1] [INFO] Loading MOD dll: RoomsExpandedMerged.dll
[14:50:12.736] [9] [INFO] [SgtImalas_VersionCheck]: parsing version data
[14:50:12.739] [9] [INFO] [SgtImalas_VersionCheck]: version data recieved
[14:50:12.999] [1] [INFO] RoomsExpanded: Loaded from: C:/Users/actep/OneDrive/Documents/Klei/OxygenNotIncluded/mods/Steam/2348079481
[14:50:12.999] [1] [INFO] RoomsExpanded: Mod version: 2025.06.22.1325 supporting game build 675600 (ALL)
[14:50:13.002] [1] [INFO] [PLib] Mod RoomsExpandedMerged initialized, version 2025.6.22.1325
[14:50:13.005] [1] [INFO] [PLib/RoomsExpandedMerged] Registered mod options class RoomsExpanded.Settings for pether-pg.RoomsExpanded
[14:50:13.019] [1] [INFO] RoomsExpanded: POptions registered!
[14:50:13.022] [1] [INFO] Loading mod content DLL [Cluster Generation Manager [CGM]:2947429297] (provides DLL)
[14:50:13.022] [1] [INFO] Loading MOD dll: ClusterTraitGenerationManager.dll
[14:50:13.281] [1] [INFO] [PLib/ClusterTraitGenerationManager] Registered mod options class ClusterTraitGenerationManager.Config for ClusterTraitGenerationManager
The referenced script (UnityEngine.UI.Extensions.MinMaxSlider) on this Behaviour is missing!
UnityEngine.StackTraceUtility:ExtractStackTrace () (at C:/build/output/unity/unity/Runtime/Export/Scripting/StackTrace.cs:37)
UnityEngine.AssetBundle:LoadAsset (string,System.Type) (at C:/build/output/unity/unity/Modules/AssetBundle/Managed/AssetBundle.bindings.cs:243)
UnityEngine.AssetBundle:LoadAsset<UnityEngine.GameObject> (string) (at C:/build/output/unity/unity/Modules/AssetBundle/Managed/AssetBundle.bindings.cs:224)
ClusterTraitGenerationManager.ModAssets:LoadAssets ()
ClusterTraitGenerationManager.Mod:OnLoad (HarmonyLib.Harmony)
KMod.DLLLoader:LoadDLLs (KMod.Mod,string,string,bool) (at /home/build/workspace/game/Assets/scripts/Mods/ModDLLLoader.cs:170)
KMod.Mod:Load (KMod.Content) (at /home/build/workspace/game/Assets/scripts/Mods/Mods.cs:967)
KMod.Manager:Load (KMod.Content) (at /home/build/workspace/game/Assets/scripts/Mods/Mods.cs:1654)
Global:Awake () (at /home/build/workspace/game/Assets/scripts/game/Global.cs:430)
UnityEngine.Object:Internal_InstantiateSingleWithParent (UnityEngine.Object,UnityEngine.Transform,UnityEngine.Vector3,UnityEngine.Quaternion)
UnityEngine.Object:Instantiate (UnityEngine.Object,UnityEngine.Vector3,UnityEngine.Quaternion,UnityEngine.Transform) (at C:/build/output/unity/unity/Runtime/Export/Scripting/UnityEngineObject.bindings.cs:353)
UnityEngine.Object:Instantiate<UnityEngine.GameObject> (UnityEngine.GameObject,UnityEngine.Vector3,UnityEngine.Quaternion,UnityEngine.Transform) (at C:/build/output/unity/unity/Runtime/Export/Scripting/UnityEngineObject.bindings.cs:450)
Util:KInstantiate (UnityEngine.GameObject,UnityEngine.Vector3,UnityEngine.Quaternion,UnityEngine.GameObject,string,bool,int) (at /home/build/workspace/game/Assets/Plugins/Klei/util/Util.cs:324)
Util:KInstantiate (UnityEngine.GameObject,UnityEngine.GameObject,string) (at /home/build/workspace/game/Assets/Plugins/Klei/util/Util.cs:296)
LaunchInitializer:Update () (at /home/build/workspace/game/Assets/scripts/game/LaunchInitializer.cs:90)

[/home/build/workspace/game/Assets/scripts/game/LaunchInitializer.cs line 90]

The referenced script on this Behaviour (Game Object '') is missing!
UnityEngine.StackTraceUtility:ExtractStackTrace () (at C:/build/output/unity/unity/Runtime/Export/Scripting/StackTrace.cs:37)
UnityEngine.AssetBundle:LoadAsset (string,System.Type) (at C:/build/output/unity/unity/Modules/AssetBundle/Managed/AssetBundle.bindings.cs:243)
UnityEngine.AssetBundle:LoadAsset<UnityEngine.GameObject> (string) (at C:/build/output/unity/unity/Modules/AssetBundle/Managed/AssetBundle.bindings.cs:224)
ClusterTraitGenerationManager.ModAssets:LoadAssets ()
ClusterTraitGenerationManager.Mod:OnLoad (HarmonyLib.Harmony)
KMod.DLLLoader:LoadDLLs (KMod.Mod,string,string,bool) (at /home/build/workspace/game/Assets/scripts/Mods/ModDLLLoader.cs:170)
KMod.Mod:Load (KMod.Content) (at /home/build/workspace/game/Assets/scripts/Mods/Mods.cs:967)
KMod.Manager:Load (KMod.Content) (at /home/build/workspace/game/Assets/scripts/Mods/Mods.cs:1654)
Global:Awake () (at /home/build/workspace/game/Assets/scripts/game/Global.cs:430)
UnityEngine.Object:Internal_InstantiateSingleWithParent (UnityEngine.Object,UnityEngine.Transform,UnityEngine.Vector3,UnityEngine.Quaternion)
UnityEngine.Object:Instantiate (UnityEngine.Object,UnityEngine.Vector3,UnityEngine.Quaternion,UnityEngine.Transform) (at C:/build/output/unity/unity/Runtime/Export/Scripting/UnityEngineObject.bindings.cs:353)
UnityEngine.Object:Instantiate<UnityEngine.GameObject> (UnityEngine.GameObject,UnityEngine.Vector3,UnityEngine.Quaternion,UnityEngine.Transform) (at C:/build/output/unity/unity/Runtime/Export/Scripting/UnityEngineObject.bindings.cs:450)
Util:KInstantiate (UnityEngine.GameObject,UnityEngine.Vector3,UnityEngine.Quaternion,UnityEngine.GameObject,string,bool,int) (at /home/build/workspace/game/Assets/Plugins/Klei/util/Util.cs:324)
Util:KInstantiate (UnityEngine.GameObject,UnityEngine.GameObject,string) (at /home/build/workspace/game/Assets/Plugins/Klei/util/Util.cs:296)
LaunchInitializer:Update () (at /home/build/workspace/game/Assets/scripts/game/LaunchInitializer.cs:90)

[/home/build/workspace/game/Assets/scripts/game/LaunchInitializer.cs line 90]

The referenced script (HexGrid) on this Behaviour is missing!
UnityEngine.StackTraceUtility:ExtractStackTrace () (at C:/build/output/unity/unity/Runtime/Export/Scripting/StackTrace.cs:37)
UnityEngine.AssetBundle:LoadAsset (string,System.Type) (at C:/build/output/unity/unity/Modules/AssetBundle/Managed/AssetBundle.bindings.cs:243)
UnityEngine.AssetBundle:LoadAsset<UnityEngine.GameObject> (string) (at C:/build/output/unity/unity/Modules/AssetBundle/Managed/AssetBundle.bindings.cs:224)
ClusterTraitGenerationManager.ModAssets:LoadAssets ()
ClusterTraitGenerationManager.Mod:OnLoad (HarmonyLib.Harmony)
KMod.DLLLoader:LoadDLLs (KMod.Mod,string,string,bool) (at /home/build/workspace/game/Assets/scripts/Mods/ModDLLLoader.cs:170)
KMod.Mod:Load (KMod.Content) (at /home/build/workspace/game/Assets/scripts/Mods/Mods.cs:967)
KMod.Manager:Load (KMod.Content) (at /home/build/workspace/game/Assets/scripts/Mods/Mods.cs:1654)
Global:Awake () (at /home/build/workspace/game/Assets/scripts/game/Global.cs:430)
UnityEngine.Object:Internal_InstantiateSingleWithParent (UnityEngine.Object,UnityEngine.Transform,UnityEngine.Vector3,UnityEngine.Quaternion)
UnityEngine.Object:Instantiate (UnityEngine.Object,UnityEngine.Vector3,UnityEngine.Quaternion,UnityEngine.Transform) (at C:/build/output/unity/unity/Runtime/Export/Scripting/UnityEngineObject.bindings.cs:353)
UnityEngine.Object:Instantiate<UnityEngine.GameObject> (UnityEngine.GameObject,UnityEngine.Vector3,UnityEngine.Quaternion,UnityEngine.Transform) (at C:/build/output/unity/unity/Runtime/Export/Scripting/UnityEngineObject.bindings.cs:450)
Util:KInstantiate (UnityEngine.GameObject,UnityEngine.Vector3,UnityEngine.Quaternion,UnityEngine.GameObject,string,bool,int) (at /home/build/workspace/game/Assets/Plugins/Klei/util/Util.cs:324)
Util:KInstantiate (UnityEngine.GameObject,UnityEngine.GameObject,string) (at /home/build/workspace/game/Assets/Plugins/Klei/util/Util.cs:296)
LaunchInitializer:Update () (at /home/build/workspace/game/Assets/scripts/game/LaunchInitializer.cs:90)

[/home/build/workspace/game/Assets/scripts/game/LaunchInitializer.cs line 90]

The referenced script on this Behaviour (Game Object '') is missing!
UnityEngine.StackTraceUtility:ExtractStackTrace () (at C:/build/output/unity/unity/Runtime/Export/Scripting/StackTrace.cs:37)
UnityEngine.AssetBundle:LoadAsset (string,System.Type) (at C:/build/output/unity/unity/Modules/AssetBundle/Managed/AssetBundle.bindings.cs:243)
UnityEngine.AssetBundle:LoadAsset<UnityEngine.GameObject> (string) (at C:/build/output/unity/unity/Modules/AssetBundle/Managed/AssetBundle.bindings.cs:224)
ClusterTraitGenerationManager.ModAssets:LoadAssets ()
ClusterTraitGenerationManager.Mod:OnLoad (HarmonyLib.Harmony)
KMod.DLLLoader:LoadDLLs (KMod.Mod,string,string,bool) (at /home/build/workspace/game/Assets/scripts/Mods/ModDLLLoader.cs:170)
KMod.Mod:Load (KMod.Content) (at /home/build/workspace/game/Assets/scripts/Mods/Mods.cs:967)
KMod.Manager:Load (KMod.Content) (at /home/build/workspace/game/Assets/scripts/Mods/Mods.cs:1654)
Global:Awake () (at /home/build/workspace/game/Assets/scripts/game/Global.cs:430)
UnityEngine.Object:Internal_InstantiateSingleWithParent (UnityEngine.Object,UnityEngine.Transform,UnityEngine.Vector3,UnityEngine.Quaternion)
UnityEngine.Object:Instantiate (UnityEngine.Object,UnityEngine.Vector3,UnityEngine.Quaternion,UnityEngine.Transform) (at C:/build/output/unity/unity/Runtime/Export/Scripting/UnityEngineObject.bindings.cs:353)
UnityEngine.Object:Instantiate<UnityEngine.GameObject> (UnityEngine.GameObject,UnityEngine.Vector3,UnityEngine.Quaternion,UnityEngine.Transform) (at C:/build/output/unity/unity/Runtime/Export/Scripting/UnityEngineObject.bindings.cs:450)
Util:KInstantiate (UnityEngine.GameObject,UnityEngine.Vector3,UnityEngine.Quaternion,UnityEngine.GameObject,string,bool,int) (at /home/build/workspace/game/Assets/Plugins/Klei/util/Util.cs:324)
Util:KInstantiate (UnityEngine.GameObject,UnityEngine.GameObject,string) (at /home/build/workspace/game/Assets/Plugins/Klei/util/Util.cs:296)
LaunchInitializer:Update () (at /home/build/workspace/game/Assets/scripts/game/LaunchInitializer.cs:90)

[/home/build/workspace/game/Assets/scripts/game/LaunchInitializer.cs line 90]

The referenced script (HexGrid) on this Behaviour is missing!
UnityEngine.StackTraceUtility:ExtractStackTrace () (at C:/build/output/unity/unity/Runtime/Export/Scripting/StackTrace.cs:37)
UnityEngine.AssetBundle:LoadAsset (string,System.Type) (at C:/build/output/unity/unity/Modules/AssetBundle/Managed/AssetBundle.bindings.cs:243)
UnityEngine.AssetBundle:LoadAsset<UnityEngine.GameObject> (string) (at C:/build/output/unity/unity/Modules/AssetBundle/Managed/AssetBundle.bindings.cs:224)
ClusterTraitGenerationManager.ModAssets:LoadAssets ()
ClusterTraitGenerationManager.Mod:OnLoad (HarmonyLib.Harmony)
KMod.DLLLoader:LoadDLLs (KMod.Mod,string,string,bool) (at /home/build/workspace/game/Assets/scripts/Mods/ModDLLLoader.cs:170)
KMod.Mod:Load (KMod.Content) (at /home/build/workspace/game/Assets/scripts/Mods/Mods.cs:967)
KMod.Manager:Load (KMod.Content) (at /home/build/workspace/game/Assets/scripts/Mods/Mods.cs:1654)
Global:Awake () (at /home/build/workspace/game/Assets/scripts/game/Global.cs:430)
UnityEngine.Object:Internal_InstantiateSingleWithParent (UnityEngine.Object,UnityEngine.Transform,UnityEngine.Vector3,UnityEngine.Quaternion)
UnityEngine.Object:Instantiate (UnityEngine.Object,UnityEngine.Vector3,UnityEngine.Quaternion,UnityEngine.Transform) (at C:/build/output/unity/unity/Runtime/Export/Scripting/UnityEngineObject.bindings.cs:353)
UnityEngine.Object:Instantiate<UnityEngine.GameObject> (UnityEngine.GameObject,UnityEngine.Vector3,UnityEngine.Quaternion,UnityEngine.Transform) (at C:/build/output/unity/unity/Runtime/Export/Scripting/UnityEngineObject.bindings.cs:450)
Util:KInstantiate (UnityEngine.GameObject,UnityEngine.Vector3,UnityEngine.Quaternion,UnityEngine.GameObject,string,bool,int) (at /home/build/workspace/game/Assets/Plugins/Klei/util/Util.cs:324)
Util:KInstantiate (UnityEngine.GameObject,UnityEngine.GameObject,string) (at /home/build/workspace/game/Assets/Plugins/Klei/util/Util.cs:296)
LaunchInitializer:Update () (at /home/build/workspace/game/Assets/scripts/game/LaunchInitializer.cs:90)

[/home/build/workspace/game/Assets/scripts/game/LaunchInitializer.cs line 90]

The referenced script on this Behaviour (Game Object '') is missing!
UnityEngine.StackTraceUtility:ExtractStackTrace () (at C:/build/output/unity/unity/Runtime/Export/Scripting/StackTrace.cs:37)
UnityEngine.AssetBundle:LoadAsset (string,System.Type) (at C:/build/output/unity/unity/Modules/AssetBundle/Managed/AssetBundle.bindings.cs:243)
UnityEngine.AssetBundle:LoadAsset<UnityEngine.GameObject> (string) (at C:/build/output/unity/unity/Modules/AssetBundle/Managed/AssetBundle.bindings.cs:224)
ClusterTraitGenerationManager.ModAssets:LoadAssets ()
ClusterTraitGenerationManager.Mod:OnLoad (HarmonyLib.Harmony)
KMod.DLLLoader:LoadDLLs (KMod.Mod,string,string,bool) (at /home/build/workspace/game/Assets/scripts/Mods/ModDLLLoader.cs:170)
KMod.Mod:Load (KMod.Content) (at /home/build/workspace/game/Assets/scripts/Mods/Mods.cs:967)
KMod.Manager:Load (KMod.Content) (at /home/build/workspace/game/Assets/scripts/Mods/Mods.cs:1654)
Global:Awake () (at /home/build/workspace/game/Assets/scripts/game/Global.cs:430)
UnityEngine.Object:Internal_InstantiateSingleWithParent (UnityEngine.Object,UnityEngine.Transform,UnityEngine.Vector3,UnityEngine.Quaternion)
UnityEngine.Object:Instantiate (UnityEngine.Object,UnityEngine.Vector3,UnityEngine.Quaternion,UnityEngine.Transform) (at C:/build/output/unity/unity/Runtime/Export/Scripting/UnityEngineObject.bindings.cs:353)
UnityEngine.Object:Instantiate<UnityEngine.GameObject> (UnityEngine.GameObject,UnityEngine.Vector3,UnityEngine.Quaternion,UnityEngine.Transform) (at C:/build/output/unity/unity/Runtime/Export/Scripting/UnityEngineObject.bindings.cs:450)
Util:KInstantiate (UnityEngine.GameObject,UnityEngine.Vector3,UnityEngine.Quaternion,UnityEngine.GameObject,string,bool,int) (at /home/build/workspace/game/Assets/Plugins/Klei/util/Util.cs:324)
Util:KInstantiate (UnityEngine.GameObject,UnityEngine.GameObject,string) (at /home/build/workspace/game/Assets/Plugins/Klei/util/Util.cs:296)
LaunchInitializer:Update () (at /home/build/workspace/game/Assets/scripts/game/LaunchInitializer.cs:90)

[/home/build/workspace/game/Assets/scripts/game/LaunchInitializer.cs line 90]

[14:50:13.730] [1] [INFO] [ClusterTraitGenerationManager]: Initializing file paths..
[14:50:13.730] [1] [INFO] [ClusterTraitGenerationManager]: Initializing folders..
[14:50:13.731] [1] [INFO] [ClusterTraitGenerationManager]: Folders succesfully initialized
[14:50:13.760] [1] [INFO] [ClusterTraitGenerationManager]: patching MainMenu.OnPrefabInit
[14:50:13.764] [1] [INFO] [PLib/ClusterTraitGenerationManager] Registered mod ID ClusterTraitGenerationManager for automatic version checking
[14:50:13.765] [1] [INFO] [ClusterTraitGenerationManager]: ClusterTraitGenerationManager - Mod Version: 5.7.0.0 
[14:50:13.770] [1] [INFO] Loading mod content DLL [No Long Commutes:1725950119] (provides DLL)
[14:50:13.770] [1] [INFO] Loading MOD dll: NoLongCommutes.dll
[14:50:13.811] <<-- CaiLib -->> Loaded [ No Long Commutes ] with version 2022.10.7.0
[14:50:13.817] [1] [INFO] Loading mod content DLL [True Tiles:2815406414] (provides DLL)
[14:50:13.818] [1] [INFO] Loading MOD dll: TrueTiles.dll
[14:50:13.973] [1] [INFO] [TrueTiles]:  (debug) external path set to, C:\Users\actep\OneDrive\Documents\Klei\OxygenNotIncluded\mods\settings\akismods\truetiles\settings.json
[14:50:13.979] [1] [INFO] [TrueTiles]:  (debug) Reading configurations from , C:\Users\actep\OneDrive\Documents\Klei\OxygenNotIncluded\mods\settings\akismods\truetiles\settings.json
[14:50:13.982] [1] [INFO] [TrueTiles]:  (debug) saved config to C:/Users/actep/OneDrive/Documents/Klei/OxygenNotIncluded/mods/Steam/2815406414\settings.json
[14:50:13.982] [1] [INFO] [TrueTiles]: Loaded True Tiles, v1.3.1.0
[14:50:13.982] [1] [INFO] [TrueTiles]:  (debug) True Tiles loaded in DEBUG MODE.
[14:50:14.059] [1] [INFO] Loading mod content DLL [Suppress Notifications:1832319118] (provides DLL)
[14:50:14.060] [1] [INFO] Loading MOD dll: SuppressNotifications.dll
[14:50:14.135] [1] [INFO]     - version: 2024.11.25.0
[14:50:14.177] [1] [INFO] Loading mod content DLL [Better Automation Overlay:1878896484] (provides DLL)
[14:50:14.179] [1] [INFO] Loading MOD dll: BetterLogicOverlay.dll
[14:50:14.276] [1] [INFO]     - version: 2025.3.13.2
[14:50:14.283] [1] [INFO] [PLib/BetterLogicOverlay] Registered mod options class BetterLogicOverlay.Options for Aze.BetterLogicOverlay
[14:50:14.345] [1] [INFO] Loading mod content DLL [Research Queue:1893887916] (provides DLL)
[14:50:14.346] [1] [INFO] Loading MOD dll: ResearchQueue.dll
[14:50:14.478] [1] [INFO] [PLib] Mod ResearchQueue initialized, version 3.5.0.0
[14:50:14.480] [1] [INFO] [PLib/ResearchQueue] Registered mod ID PeterHan.ResearchQueue for automatic version checking
[14:50:14.484] [1] [INFO] Loading mod content DLL [Mod Updater:2018291283] (provides DLL)
[14:50:14.484] [1] [INFO] Loading MOD dll: ModUpdateDate.dll
[14:50:14.601] [1] [INFO] [PLib] Mod ModUpdateDate initialized, version 2.16.0.0
[14:50:14.605] [1] [INFO] [PLibPatches] Registered 1 handler(s) for ModUpdateDate
[14:50:14.605] [1] [INFO] [PLib/ModUpdateDate] Registered mod options class PeterHan.ModUpdateDate.ModUpdateInfo for PeterHan.ModUpdateDate
[14:50:14.683] [1] [INFO] Loading mod content DLL [Geyser Calculated Average Output Tooltip:1706181611] (provides DLL)
[14:50:14.684] [1] [INFO] Loading MOD dll: GeyserCalculatedAvgOutputTooltip.dll
[14:50:14.725] <<-- CaiLib -->> Loaded [ Geyser Calculated Average Output Tooltip ] with version 2022.10.7.0
[14:50:14.746] [1] [INFO] Loading mod content DLL [Falling Sand:1855163252] (provides DLL)
[14:50:14.746] [1] [INFO] Loading MOD dll: FallingSand.dll
[14:50:14.858] [1] [INFO] [PLib] Mod FallingSand initialized, version 3.2.0.0
[14:50:14.862] [1] [INFO] [PLibPatches] Registered 1 handler(s) for FallingSand
[14:50:14.863] [1] [INFO] [PLib/FallingSand] Registered mod ID PeterHan.FallingSand for automatic version checking
[14:50:14.868] [1] [INFO] Loading mod content DLL [DGSM  - Duplicants Generation Settings Manager // by @Ony 👾:1838445101] (provides DLL)
[14:50:14.869] [1] [INFO] Loading MOD dll: DGSM_Scripts.dll
[14:50:14.891] [1] [INFO] Loading MOD dll: Ony.OxygenNotIncluded.Scripts.dll
[14:50:14.911] [1] [INFO] Loading MOD dll: Release.Mod.DGSM2.dll
[48;5;21m  [DGSM2][1]: Version: 3.8.10.712 initialized [48;5;0m
[14:50:15.050] [1] [INFO] Loading mod content DLL [Queue For Sinks:1881925531] (provides DLL)
[14:50:15.051] [1] [INFO] Loading MOD dll: QueueForSink.dll
[14:50:15.155] [1] [INFO] [PLib] Mod QueueForSink initialized, version 3.14.0.0
[14:50:15.159] [1] [INFO] [PLib/QueueForSink] Registered mod ID PeterHan.QueueForSink for automatic version checking
[14:50:15.164] [1] [INFO] Loading mod content DLL [ChainedDeconstruction:1737893485] (provides DLL)
[14:50:15.164] [1] [INFO] Loading MOD dll: ChainedDeconstruction.dll
[14:50:15.198] [1] [INFO] Loading MOD dll: Common.dll
[14:50:15.237] [1] [INFO] ChainedDeconstruction: Initialized successfully. Version: 3.0.3.0, Path: C:\Users\actep\OneDrive\Documents\Klei\OxygenNotIncluded\mods\Steam\1737893485, Config root: C:\Users\actep\OneDrive\Documents\Klei\OxygenNotIncluded\mods\Steam\1737893485
[14:50:15.245] [1] [INFO] Common: Set FileWatcher on C:\Users\actep\OneDrive\Documents\Klei\OxygenNotIncluded\mods\Steam\1737893485\Chainables.json
[14:50:15.257] [1] [INFO] ChainedDeconstruction: Set chainables:
all
[14:50:15.262] [1] [INFO] Loading mod content DLL [Bigger Building Menu:1703611962] (provides DLL)
[14:50:15.262] [1] [INFO] Loading MOD dll: BiggerBuildingMenu.dll
[14:50:15.304] <<-- CaiLib -->> Loaded [ Bigger Building Menu ] with version 2022.11.16.1
[14:50:15.305] [1] [INFO] C:/Users/actep/OneDrive/Documents/Klei/OxygenNotIncluded/mods/Steam/1703611962\Config.json
[14:50:15.306] <<-- Bigger Building Menu -->> Failed to read config file Config.json with exception: Could not find file "C:\Users\actep\OneDrive\Documents\Klei\OxygenNotIncluded\mods\Steam\1703611962\Config.json"
[14:50:15.316] [1] [INFO] Loading mod content DLL [Better Deselect:1870696175] (provides DLL)
[14:50:15.317] [1] [INFO] Loading MOD dll: BetterDeselect.dll
[14:50:15.390] [1] [INFO]     - version: 2024.2.15.1
[14:50:15.397] [1] [INFO] [PLib/BetterDeselect] Registered mod options class BetterDeselect.Options for Aze.BetterDeselect
[14:50:15.430] [1] [INFO] Loading mod content DLL [Bigger Camera Zoom Out:1717463209] (provides DLL)
[14:50:15.431] [1] [INFO] Loading MOD dll: BiggerCameraZoomOut.dll
[14:50:15.472] <<-- CaiLib -->> Loaded [ Bigger Camera Zoom Out ] with version 2022.10.7.0
[14:50:15.513] [1] [INFO] Loading mod content DLL [Mods Presets Organizer (MPOrganizer) // by @Ony 👾:3284635963] (provides DLL)
[14:50:15.515] [1] [INFO] Loading MOD dll: Release.Mod.ModsPresetsOrganizer.dll
[48;5;21m  [ModsPresetsOrganizer][1]: Version: 1.3.6.670 initialized [48;5;0m
[14:50:15.583] [1] [INFO] Loading mod content DLL [Build Menu Search Hotkey:3164212090] (provides DLL)
[14:50:15.583] [1] [INFO] Loading MOD dll: BuildMenuSearchHotkey.dll
[14:50:15.671] [1] [INFO]     - version: 2024.8.19.1
[14:50:15.681] [1] [INFO] [PLib/BuildMenuSearchHotkey] Registered mod options class BuildMenuSearchHotkey.Options for Aze.BuildMenuSearchHotkey
[14:50:15.698] [1] [INFO] Loading mod content DLL [Speed Control 202107:2552175137] (provides DLL)
[14:50:15.699] [1] [INFO] Loading MOD dll: SpeedControl.dll
[14:50:15.758] [1] [INFO] Loading mod content DLL [Drag Area More Visible:2844843044] (provides DLL)
[14:50:15.758] [1] [INFO] Loading MOD dll: DragAreaMoreVisible.dll
[14:50:15.800] [1] [INFO] Loading mod content DLL [Wounded Go To Med Bed:1822160024] (provides DLL)
[14:50:15.800] [1] [INFO] Loading MOD dll: WoundedGoToMedBed.dll
[14:50:15.842] <<-- CaiLib -->> Loaded [ Wounded Go To Med Bed ] with version 2022.10.10.0
[14:50:15.955] [1] [INFO] Loading mod content DLL [Pipe Flow Overlay:2968583663] (provides DLL)
[14:50:15.956] [1] [INFO] Loading MOD dll: PipeFlowOverlay.dll
[14:50:16.074] [1] [INFO] [PLib] Mod PipeFlowOverlay initialized, version 2021.6.29.0
[14:50:16.078] [1] [INFO] [PLib/PipeFlowOverlay] Registered mod options class PipeFlowOverlay.PipeFlowOverlaySettings for sjPipeFlowOverlay
[14:50:16.080] [1] [INFO] Generated C:/Users/actep/OneDrive/Documents/Klei/OxygenNotIncluded/mods/Steam/2968583663/translations/pipeflowoverlay_template.pot
[14:50:16.086] [1] [INFO] Loading mod content DLL [Map Overlay:3555374847] (provides DLL)
[14:50:16.086] [1] [INFO] Loading MOD dll: MapOverlayMod.dll
[14:50:16.191] [1] [INFO] [PLib] Mod MapOverlayMod initialized, version 2025.1.04.0
[14:50:16.193] [1] [INFO] [PLib/MapOverlayMod] Registered mod options class MapOverlay.MapOverlaySettings for MapOverlay
[14:50:16.213] [1] [INFO] Loading mod content DLL [Demolish Neutronium:2721654252] (provides DLL)
[14:50:16.215] [1] [INFO] Loading MOD dll: DemolishNeutronium.dll
[14:50:16.324] [1] [INFO] [Demolish Neutronium] Loading settings...
[14:50:16.334] [1] [INFO] [Demolish Neutronium] Settings loaded: {"DigTimeMultiplier":5.0,"DustEnabled":true,"DustAmount":0.01,"DustMultiplier":2.0,"DebugLogging":false}
[14:50:16.370] [1] [INFO] [PLib] Mod DemolishNeutronium initialized, version Unknown
[14:50:16.371] [1] [INFO] [PLib/DemolishNeutronium] Registered mod options class DemolishNeutronium.Models.Settings for lv.modo.DemolishNeutronium
[14:50:16.377] [1] [INFO] Loading mod content DLL [No Drop // by @Ony :1868454866] (provides DLL)
[14:50:16.378] [1] [INFO] Loading MOD dll: Release.Mod.NoDrop.dll
[14:50:16.421] [1] [INFO] PATCHED BeginDrawing: callvirt HoverTextDrawer BeginDrawing() BeginDrawing
[48;5;21m  [NoDrop][1]: Version: 1.3.2.45 initialized [48;5;0m
[14:50:16.527] [1] [INFO] Loading mod content DLL [Skills Master // by @Ony :2965547030] (provides DLL)
[14:50:16.528] [1] [INFO] Loading MOD dll: Release.Mod.SkillsMaster.dll
True
[48;5;21m  [SkillsMaster][1]: Version: 1.1.3.50 initialized [48;5;0m
[14:50:16.617] [1] [INFO] Loading mod content DLL [Mass Move Tool:3301490799] (provides DLL)
[14:50:16.618] [1] [INFO] Loading MOD dll: MassMoveTo.dll
[14:50:16.802] [1] [INFO] [MassMoveTo]: patching MainMenu.OnPrefabInit
[14:50:16.808] [1] [INFO] [PLib/MassMoveTo] Registered mod ID MassMoveTo for automatic version checking
[14:50:16.808] [1] [INFO] [MassMoveTo]: MassMoveTo - Mod Version: 1.4.0 
[14:50:16.909] [1] [INFO] [ClusterTraitGenerationManager]: Initializing Moonlet.ModAPI integration
[14:50:16.910] [1] [INFO] [ClusterTraitGenerationManager]: Moonlet.ModAPI not found, Moonlet Integration going to sleep. zzzzz
[14:50:16.978] [1] [INFO] [PKeyBinding] Registering 1 key bind(s) for mod BuildMenuSearchHotkey
[14:50:16.979] [1] [INFO] [PKeyBinding] Registering 1 key bind(s) for mod PipPlantOverlay
[14:50:16.979] [1] [INFO] [PKeyBinding] Registering 1 key bind(s) for mod MassMoveTo
[14:50:17.005] [1] [INFO] Localization.Initialize!
[14:50:17.012] [1] [INFO] Generated C:/Users/actep/OneDrive/Documents/Klei/OxygenNotIncluded/mods/strings_templates/dupepriopresetmanager_template.pot
[14:50:17.015] [1] [INFO] Generated C:\Users\actep\OneDrive\Documents\Klei\OxygenNotIncluded\mods\Steam\2977728791\translation_template.pot
[14:50:17.020] [1] [INFO] RoomsExpanded: Loading translation file: C:\Users\actep\OneDrive\Documents\Klei\OxygenNotIncluded\mods\Steam\2348079481\Translations\en.po
[14:50:17.020] [1] [INFO] RoomsExpanded: Translation file not found, using default strings.
[14:50:17.023] [1] [INFO] Generated C:/Users/actep/OneDrive/Documents/Klei/OxygenNotIncluded/mods/Steam/2348079481/Translations/roomsexpanded_template.pot
[14:50:17.024] [1] [INFO] RoomsExpanded: using translation done by pether.pg
[14:50:17.036] [1] [INFO] Generated C:/Users/actep/OneDrive/Documents/Klei/OxygenNotIncluded/mods/strings_templates/clustertraitgenerationmanager_template.pot
[14:50:17.040] [1] [INFO] Generated C:\Users\actep\OneDrive\Documents\Klei\OxygenNotIncluded\mods\Steam\2947429297\translation_template.pot
[14:50:17.043] [1] [INFO] Generated C:\Users\actep\OneDrive\Documents\Klei\OxygenNotIncluded\mods\Steam\2947429297\translations\translation_template.pot
[14:50:17.049] [1] [INFO] [TrueTiles]: Generated C:/Users/actep/OneDrive/Documents/Klei/OxygenNotIncluded/mods/strings_templates/truetiles_template.pot
[14:50:17.055] [1] [INFO] Generated C:/Users/actep/OneDrive/Documents/Klei/OxygenNotIncluded/mods/strings_templates/massmoveto_template.pot
[14:50:17.056] [1] [INFO] Generated C:\Users\actep\OneDrive\Documents\Klei\OxygenNotIncluded\mods\Steam\3301490799\translation_template.pot
[14:50:17.058] [1] [INFO] Generated C:\Users\actep\OneDrive\Documents\Klei\OxygenNotIncluded\mods\Steam\3301490799\translations\translation_template.pot
[14:50:17.061] [1] [INFO] Better Info Cards (BetterInfoCards): Setting up mod.
[14:50:17.062] [1] [INFO] 	Better Info Cards has a mod.yaml with a staticID `Aze.BetterInfoCards`, using that from now on.
[14:50:17.062] [1] [INFO] 	Better Info Cards: Found valid mod_info.yaml in folder 'root': requiredDlcIds='', forbiddenDlcIds='' at 469369
[14:50:17.062] [1] [INFO] 	Better Info Cards: No archived_versions for this mod, using root version directly.
[14:50:17.063] [1] [INFO] Better Info Cards: Successfully loaded from path 'root' with content 'DLL'.
[14:50:17.063] [1] [INFO] C:\Users\actep\OneDrive\Documents\Klei\OxygenNotIncluded\mods\Dev\BetterInfoCards
[14:50:17.065] [1] [INFO] Subscribe to mod Better Info Cards
[14:50:17.068] [1] [INFO] Container Tooltips (ContainerTooltips): Setting up mod.
[14:50:17.069] [1] [INFO] 	Container Tooltips has a mod.yaml with a staticID `Aze.ContainerTooltips`, using that from now on.
[14:50:17.069] [1] [WARNING] 	Container Tooltips: mod_info.yaml in folder 'root' is using supportedContent which has been deprecated. See stickied post on the Klei forums.
[14:50:17.069] [1] [INFO] 	Container Tooltips: Found valid mod_info.yaml in folder 'root': requiredDlcIds='', forbiddenDlcIds='' at 469369
[14:50:17.070] [1] [INFO] 	Container Tooltips: No archived_versions for this mod, using root version directly.
[14:50:17.070] [1] [INFO] Container Tooltips: Successfully loaded from path 'root' with content 'DLL'.
[14:50:17.070] [1] [INFO] C:\Users\actep\OneDrive\Documents\Klei\OxygenNotIncluded\mods\Dev\ContainerTooltips
[14:50:17.070] [1] [INFO] Subscribe to mod Container Tooltips
[14:50:17.111] [1] [INFO] Test Data Location / docs / C:\Users\actep\OneDrive\Documents\Klei\OxygenNotIncluded
[14:50:17.111] [1] [INFO] Test Data Location / local / C:\Users\actep\AppData\Local\Klei\OxygenNotIncluded
[14:50:17.115] [1] [INFO] Test Data Locations / C:\Users\actep\OneDrive\Documents\Klei\OxygenNotIncluded\test / write True / read True / removed True
[14:50:17.115] [1] [INFO] Test Data Locations / C:\Users\actep\AppData\Local\Klei\OxygenNotIncluded\test / write True / read True / removed True
[14:50:17.117] [1] [INFO] Logged into Steam with ID:76561198064607706, NAME:AcTePuKc
[14:50:17.117] [1] [INFO] [Account] Requesting auth ticket from Steam
[14:50:17.215] [7] [INFO] [ClusterTraitGenerationManager]: checking if any moonlets should be added
[14:50:17.305] [7] [WARNING] Couldn't get trait []
[14:50:17.305] [7] [WARNING] Couldn't get trait []
[14:50:18.319] [15] [INFO] [Account] Got login for user KU_Zkth_oLM
[14:50:18.532] [7] [INFO] [ClusterTraitGenerationManager]: checking if any moonlets should be added
[14:50:18.534] [7] [INFO] [ClusterTraitGenerationManager]: adding additional world: expansion1::worlds/MiniMetallicSwampyWarp
[14:50:19.949] [7] [WARNING] Couldn't get trait []
[14:50:19.949] [7] [WARNING] Couldn't get trait []
[14:50:20.865] [1] [INFO] RoomsExpanded: Trying to get RoomTypes type...
[14:50:20.918] [1] [INFO] [TrueTiles]: Loading a pack from TrueTiles C:/Users/actep/OneDrive/Documents/Klei/OxygenNotIncluded/mods/Steam/2815406414\true_tiles_addon\AltAirflow
[14:50:20.918] [1] [INFO] [TrueTiles]: Loading a pack from TrueTiles C:/Users/actep/OneDrive/Documents/Klei/OxygenNotIncluded/mods/Steam/2815406414\true_tiles_addon\CutesyCarpet
[14:50:20.918] [1] [INFO] [TrueTiles]: Loading a pack from TrueTiles C:/Users/actep/OneDrive/Documents/Klei/OxygenNotIncluded/mods/Steam/2815406414\true_tiles_addon\Default
[14:50:20.941] [1] [INFO] [TrueTiles]:  (debug) LOADING C:/Users/actep/OneDrive/Documents/Klei/OxygenNotIncluded/mods/Steam/2815406414\true_tiles_addon\AltAirflow
[14:50:20.946] [1] [INFO] [TrueTiles]:  (debug) asset bundle pack
[14:50:20.946] [1] [INFO] [TrueTiles]:  (debug) has asset data: True C:/Users/actep/OneDrive/Documents/Klei/OxygenNotIncluded/mods/Steam/2815406414\true_tiles_addon\AltAirflow\truetiles_altairflow
[14:50:20.951] [1] [INFO] [TrueTiles]:  (debug) LOADING C:/Users/actep/OneDrive/Documents/Klei/OxygenNotIncluded/mods/Steam/2815406414\true_tiles_addon\CutesyCarpet
[14:50:20.958] [1] [INFO] [TrueTiles]:  (debug) asset bundle pack
[14:50:20.958] [1] [INFO] [TrueTiles]:  (debug) has asset data: True C:/Users/actep/OneDrive/Documents/Klei/OxygenNotIncluded/mods/Steam/2815406414\true_tiles_addon\CutesyCarpet\truetiles_cutesy_carpets
[14:50:20.960] [1] [INFO] [TrueTiles]:  (debug) LOADING C:/Users/actep/OneDrive/Documents/Klei/OxygenNotIncluded/mods/Steam/2815406414\true_tiles_addon\Default
[14:50:20.961] [1] [INFO] [TrueTiles]:  (debug) asset bundle pack
[14:50:20.962] [1] [INFO] [TrueTiles]:  (debug) has asset data: True C:/Users/actep/OneDrive/Documents/Klei/OxygenNotIncluded/mods/Steam/2815406414\true_tiles_addon\Default\truetiles_default
[14:50:20.963] [1] [INFO] [TrueTiles]:  (debug) LOADING C:\Users\actep\OneDrive\Documents\Klei\OxygenNotIncluded\mods\tile_texture_packs\AltAirflow
[14:50:20.972] [1] [INFO] [TrueTiles]:  (debug) asset bundle pack
[14:50:20.972] [1] [INFO] [TrueTiles]:  (debug) has asset data: True C:/Users/actep/OneDrive/Documents/Klei/OxygenNotIncluded/mods/Steam/2815406414\true_tiles_addon\AltAirflow\truetiles_altairflow
[14:50:20.973] [1] [INFO] [TrueTiles]:  (debug) LOADING C:\Users\actep\OneDrive\Documents\Klei\OxygenNotIncluded\mods\tile_texture_packs\CutesyCarpet
[14:50:20.980] [1] [INFO] [TrueTiles]:  (debug) asset bundle pack
[14:50:20.980] [1] [INFO] [TrueTiles]:  (debug) has asset data: True C:/Users/actep/OneDrive/Documents/Klei/OxygenNotIncluded/mods/Steam/2815406414\true_tiles_addon\CutesyCarpet\truetiles_cutesy_carpets
[14:50:20.981] [1] [INFO] [TrueTiles]:  (debug) LOADING C:\Users\actep\OneDrive\Documents\Klei\OxygenNotIncluded\mods\tile_texture_packs\Default
[14:50:20.986] [1] [INFO] [TrueTiles]:  (debug) asset bundle pack
[14:50:20.986] [1] [INFO] [TrueTiles]:  (debug) has asset data: True C:/Users/actep/OneDrive/Documents/Klei/OxygenNotIncluded/mods/Steam/2815406414\true_tiles_addon\Default\truetiles_default
[14:50:21.006] [1] [INFO] [TrueTiles]:  (debug) Loaded json 8 C:/Users/actep/OneDrive/Documents/Klei/OxygenNotIncluded/mods/Steam/2815406414\true_tiles_addon\Default\tiles.json
[14:50:21.007] [1] [INFO] [TrueTiles]: Loaded tile art overrides from C:/Users/actep/OneDrive/Documents/Klei/OxygenNotIncluded/mods/Steam/2815406414\true_tiles_addon\Default\tiles.json
[14:50:21.015] [1] [INFO] [TrueTiles]:  (debug) Loaded json 8 C:/Users/actep/OneDrive/Documents/Klei/OxygenNotIncluded/mods/Steam/2815406414\true_tiles_addon\CutesyCarpet\tiles.json
[14:50:21.015] [1] [INFO] [TrueTiles]: Loaded tile art overrides from C:/Users/actep/OneDrive/Documents/Klei/OxygenNotIncluded/mods/Steam/2815406414\true_tiles_addon\CutesyCarpet\tiles.json
[14:50:21.019] [1] [INFO] [TrueTiles]:  (debug) Loaded json 8 C:/Users/actep/OneDrive/Documents/Klei/OxygenNotIncluded/mods/Steam/2815406414\true_tiles_addon\AltAirflow\tiles.json
[14:50:21.019] [1] [INFO] [TrueTiles]: Loaded tile art overrides from C:/Users/actep/OneDrive/Documents/Klei/OxygenNotIncluded/mods/Steam/2815406414\true_tiles_addon\AltAirflow\tiles.json
[14:50:21.136] [1] [INFO] RoomsExpanded: RoomTypes_Constructor_Patch Postfix
[14:50:21.178] [1] [INFO] RoomsExpanded: VARIETY_OF_ROOMS - removed Farm requirement
[14:50:21.243] [1] [INFO] [ContainerTooltips]: Db.Initialize postfix running. Calling UserMod.InitializeStatusItem().
[14:50:21.255] [1] [WARNING] squirrel_kanim ui placeSymbol [ ui ] is missing
[14:50:21.704] [7] [INFO] [ClusterTraitGenerationManager]: checking if any moonlets should be added
[14:50:21.706] [7] [INFO] [ClusterTraitGenerationManager]: adding additional world: expansion1::worlds/MiniMetallicSwampyWarp
[14:50:21.882] [7] [WARNING] Couldn't get trait []
[14:50:21.882] [7] [WARNING] Couldn't get trait []
[14:50:22.146] [7] [INFO] [ClusterTraitGenerationManager]: checking if any moonlets should be added
[14:50:22.147] [7] [INFO] [ClusterTraitGenerationManager]: adding additional world: expansion1::worlds/MiniMetallicSwampyWarp
[14:50:22.147] [7] [WARNING] Couldn't get trait []
[14:50:22.147] [7] [WARNING] Couldn't get trait []
[14:50:22.263] [7] [INFO] [ClusterTraitGenerationManager]: checking if any moonlets should be added
[14:50:22.264] [7] [INFO] [ClusterTraitGenerationManager]: adding additional world: expansion1::worlds/MiniMetallicSwampyWarp
[14:50:22.444] [7] [WARNING] Couldn't get trait []
[14:50:22.444] [7] [WARNING] Couldn't get trait []
[14:50:22.638] [1] [INFO] [PLib/ShowRange] Visualizer added to AirFilter, range 3
[14:50:22.639] [1] [INFO] [PLib/ShowRange] Visualizer added to AlgaeHabitat, range 3
[14:50:22.639] [1] [INFO] [PLib/ShowRange] Visualizer added to AlgaeHabitat, range 1
[14:50:22.639] [1] [INFO] [PLib/ShowRange] Visualizer added to CO2Scrubber, range 3
[14:50:22.639] [1] [INFO] [PLib/ShowRange] Visualizer added to DevLifeSupport, range 10
[14:50:22.639] [1] [INFO] [PLib/ShowRange] Visualizer added to GasMiniPump, range 2
[14:50:22.639] [1] [INFO] [PLib/ShowRange] Visualizer added to GasPump, range 2
[14:50:22.639] [1] [INFO] [PLib/ShowRange] Visualizer added to LiquidCooledFan, range 8
[14:50:22.639] [1] [INFO] [PLib/ShowRange] Visualizer added to LiquidMiniPump, range 2
[14:50:22.639] [1] [INFO] [PLib/ShowRange] Visualizer added to LiquidPump, range 2
[14:50:22.640] [1] [INFO] [PLib/ShowRange] Visualizer added to OxygenMaskStation, range 2
[14:50:22.640] [1] [INFO] [PLib/ShowRange] Visualizer added to VerticalWindTunnel, range 2
[14:50:22.640] [1] [INFO] [PLib/ShowRange] Visualizer added to VerticalWindTunnel, range 2
[14:50:22.650] [7] [INFO] World settings reload complete!
[14:50:23.519] [1] [INFO] [ClusterTraitGenerationManager]: creating geyser data entry: GeyserGeneric_molten_aluminum, isGeneric: True
[14:50:23.520] [1] [INFO] [ClusterTraitGenerationManager]: creating geyser data entry: GeyserGeneric_liquid_co2, isGeneric: True
[14:50:23.520] [1] [INFO] [ClusterTraitGenerationManager]: creating geyser data entry: GeyserGeneric_hot_co2, isGeneric: True
[14:50:23.520] [1] [INFO] [ClusterTraitGenerationManager]: creating geyser data entry: GeyserGeneric_chlorine_gas, isGeneric: True
[14:50:23.520] [1] [INFO] [ClusterTraitGenerationManager]: creating geyser data entry: GeyserGeneric_molten_cobalt, isGeneric: True
[14:50:23.520] [1] [INFO] [ClusterTraitGenerationManager]: creating geyser data entry: GeyserGeneric_chlorine_gas_cool, isGeneric: False
[14:50:23.521] [1] [INFO] [ClusterTraitGenerationManager]: creating geyser data entry: GeyserGeneric_slush_salt_water, isGeneric: True
[14:50:23.521] [1] [INFO] [ClusterTraitGenerationManager]: creating geyser data entry: GeyserGeneric_slush_water, isGeneric: True
[14:50:23.521] [1] [INFO] [ClusterTraitGenerationManager]: creating geyser data entry: GeyserGeneric_steam, isGeneric: True
[14:50:23.521] [1] [INFO] [ClusterTraitGenerationManager]: creating geyser data entry: GeyserGeneric_molten_copper, isGeneric: True
[14:50:23.521] [1] [INFO] [ClusterTraitGenerationManager]: creating geyser data entry: GeyserGeneric_molten_gold, isGeneric: True
[14:50:23.521] [1] [INFO] [ClusterTraitGenerationManager]: creating geyser data entry: GeyserGeneric_hot_po2, isGeneric: True
[14:50:23.521] [1] [INFO] [ClusterTraitGenerationManager]: creating geyser data entry: GeyserGeneric_hot_hydrogen, isGeneric: True
[14:50:23.521] [1] [INFO] [ClusterTraitGenerationManager]: creating geyser data entry: GeyserGeneric_slimy_po2, isGeneric: True
[14:50:23.521] [1] [INFO] [ClusterTraitGenerationManager]: creating geyser data entry: GeyserGeneric_molten_iron, isGeneric: True
[14:50:23.521] [1] [INFO] [ClusterTraitGenerationManager]: creating geyser data entry: GeyserGeneric_oil_drip, isGeneric: True
[14:50:23.521] [1] [INFO] [ClusterTraitGenerationManager]: creating geyser data entry: GeyserGeneric_liquid_sulfur, isGeneric: True
[14:50:23.521] [1] [INFO] [ClusterTraitGenerationManager]: creating geyser data entry: GeyserGeneric_small_volcano, isGeneric: True
[14:50:23.521] [1] [INFO] [ClusterTraitGenerationManager]: creating geyser data entry: GeyserGeneric_methane, isGeneric: True
[14:50:23.521] [1] [INFO] [ClusterTraitGenerationManager]: creating geyser data entry: GeyserGeneric_molten_niobium, isGeneric: False
[14:50:23.521] [1] [INFO] [ClusterTraitGenerationManager]: creating geyser data entry: GeyserGeneric_filthy_water, isGeneric: True
[14:50:23.521] [1] [INFO] [ClusterTraitGenerationManager]: creating geyser data entry: GeyserGeneric_salt_water, isGeneric: True
[14:50:23.521] [1] [INFO] [ClusterTraitGenerationManager]: creating geyser data entry: GeyserGeneric_hot_steam, isGeneric: True
[14:50:23.521] [1] [INFO] [ClusterTraitGenerationManager]: creating geyser data entry: GeyserGeneric_molten_tungsten, isGeneric: False
[14:50:23.521] [1] [INFO] [ClusterTraitGenerationManager]: creating geyser data entry: GeyserGeneric_big_volcano, isGeneric: True
[14:50:23.521] [1] [INFO] [ClusterTraitGenerationManager]: creating geyser data entry: GeyserGeneric_hot_water, isGeneric: True
[14:50:23.521] [1] [INFO] [ClusterTraitGenerationManager]: AllGeysersCount: 26
[14:50:23.521] [1] [INFO] [ClusterTraitGenerationManager]: GenericGeysersCount: 23
[14:50:24.112] [1] [INFO] [TrueTiles]:  (debug) Loading tile: Tile
[14:50:24.112] [1] [INFO] [TrueTiles]:  (debug)    Ceramic
[14:50:24.122] [1] [INFO] [TrueTiles]:  (debug)    Fossil
[14:50:24.123] [1] [INFO] [TrueTiles]:  (debug)    Granite
[14:50:24.123] [1] [INFO] [TrueTiles]:  (debug)    Graphite
[14:50:24.125] [1] [INFO] [TrueTiles]:  (debug)    IgneousRock
[14:50:24.126] [1] [INFO] [TrueTiles]:  (debug)    Isoresin
[14:50:24.127] [1] [INFO] [TrueTiles]:  (debug)    MaficRock
[14:50:24.128] [1] [INFO] [TrueTiles]:  (debug)    Obsidian
[14:50:24.128] [1] [INFO] [TrueTiles]:  (debug)    SandStone
[14:50:24.129] [1] [INFO] [TrueTiles]:  (debug)    SedimentaryRock
[14:50:24.130] [1] [INFO] [TrueTiles]:  (debug)    SuperInsulator
[14:50:24.131] [1] [INFO] [TrueTiles]:  (debug) Loading tile: CarpetTile
[14:50:24.131] [1] [INFO] [TrueTiles]:  (debug)    Ceramic
[14:50:24.138] [1] [INFO] [TrueTiles]:  (debug)    Fossil
[14:50:24.139] [1] [INFO] [TrueTiles]:  (debug)    Granite
[14:50:24.140] [1] [INFO] [TrueTiles]:  (debug)    Graphite
[14:50:24.140] [1] [INFO] [TrueTiles]:  (debug)    IgneousRock
[14:50:24.141] [1] [INFO] [TrueTiles]:  (debug)    Isoresin
[14:50:24.142] [1] [INFO] [TrueTiles]:  (debug)    MaficRock
[14:50:24.143] [1] [INFO] [TrueTiles]:  (debug)    Obsidian
[14:50:24.143] [1] [INFO] [TrueTiles]:  (debug)    SedimentaryRock
[14:50:24.144] [1] [INFO] [TrueTiles]:  (debug)    SuperInsulator
[14:50:24.146] [1] [INFO] [TrueTiles]:  (debug)    SandStone
[14:50:24.146] [1] [INFO] [TrueTiles]:  (debug) Loading tile: InsulationTile
[14:50:24.146] [1] [INFO] [TrueTiles]:  (debug)    Ceramic
[14:50:24.146] [1] [INFO] [TrueTiles]:  (debug)    Fossil
[14:50:24.147] [1] [INFO] [TrueTiles]:  (debug)    Granite
[14:50:24.147] [1] [INFO] [TrueTiles]:  (debug)    Graphite
[14:50:24.148] [1] [INFO] [TrueTiles]:  (debug)    IgneousRock
[14:50:24.149] [1] [INFO] [TrueTiles]:  (debug)    Isoresin
[14:50:24.149] [1] [INFO] [TrueTiles]:  (debug)    MaficRock
[14:50:24.150] [1] [INFO] [TrueTiles]:  (debug)    Obsidian
[14:50:24.150] [1] [INFO] [TrueTiles]:  (debug)    SandStone
[14:50:24.151] [1] [INFO] [TrueTiles]:  (debug)    SedimentaryRock
[14:50:24.152] [1] [INFO] [TrueTiles]:  (debug)    SuperInsulator
[14:50:24.152] [1] [INFO] [TrueTiles]:  (debug) Loading tile: PlasticTile
[14:50:24.152] [1] [INFO] [TrueTiles]:  (debug)    HardPolypropylene
[14:50:24.153] [1] [INFO] [TrueTiles]:  (debug) Loading tile: MeshTile
[14:50:24.153] [1] [INFO] [TrueTiles]:  (debug)    AluminumOre
[14:50:24.154] [1] [INFO] [TrueTiles]:  (debug)    Cinnabar
[14:50:24.155] [1] [INFO] [TrueTiles]:  (debug)    Cobaltite
[14:50:24.158] [1] [INFO] [TrueTiles]:  (debug)    Cuprite
[14:50:24.160] [1] [INFO] [TrueTiles]:  (debug)    Electrum
[14:50:24.162] [1] [INFO] [TrueTiles]:  (debug)    GoldAmalgam
[14:50:24.164] [1] [INFO] [TrueTiles]:  (debug)    IronOre
[14:50:24.164] [1] [INFO] [TrueTiles]:  (debug)    Niobium
[14:50:24.165] [1] [INFO] [TrueTiles]:  (debug)    Steel
[14:50:24.167] [1] [INFO] [TrueTiles]:  (debug)    TempConductorSolid
[14:50:24.169] [1] [INFO] [TrueTiles]:  (debug)    UraniumOre
[14:50:24.170] [1] [INFO] [TrueTiles]:  (debug)    Wolframite
[14:50:24.171] [1] [INFO] [TrueTiles]:  (debug)    Aluminum
[14:50:24.171] [1] [INFO] [TrueTiles]:  (debug)    Cobalt
[14:50:24.171] [1] [INFO] [TrueTiles]:  (debug)    Copper
[14:50:24.171] [1] [INFO] [TrueTiles]:  (debug)    Gold
[14:50:24.171] [1] [INFO] [TrueTiles]:  (debug)    FoolsGold
[14:50:24.171] [1] [INFO] [TrueTiles]:  (debug)    Iron
[14:50:24.171] [1] [INFO] [TrueTiles]:  (debug)    Lead
[14:50:24.173] [1] [INFO] [TrueTiles]:  (debug)    DepletedUranium
[14:50:24.173] [1] [INFO] [TrueTiles]:  (debug)    EnrichedUranium
[14:50:24.173] [1] [INFO] [TrueTiles]:  (debug)    SolidMercury
[14:50:24.173] [1] [INFO] [TrueTiles]:  (debug)    Tungsten
[14:50:24.173] [1] [INFO] [TrueTiles]:  (debug) Loading tile: GasPermeableMembrane
[14:50:24.173] [1] [INFO] [TrueTiles]:  (debug)    AluminumOre
[14:50:24.182] [1] [INFO] [TrueTiles]:  (debug)    Cinnabar
[14:50:24.182] [1] [INFO] [TrueTiles]:  (debug)    Cobaltite
[14:50:24.183] [1] [INFO] [TrueTiles]:  (debug)    Cuprite
[14:50:24.184] [1] [INFO] [TrueTiles]:  (debug)    Electrum
[14:50:24.185] [1] [INFO] [TrueTiles]:  (debug)    GoldAmalgam
[14:50:24.185] [1] [INFO] [TrueTiles]:  (debug)    IronOre
[14:50:24.188] [1] [INFO] [TrueTiles]:  (debug)    Niobium
[14:50:24.189] [1] [INFO] [TrueTiles]:  (debug)    Steel
[14:50:24.190] [1] [INFO] [TrueTiles]:  (debug)    TempConductorSolid
[14:50:24.191] [1] [INFO] [TrueTiles]:  (debug)    UraniumOre
[14:50:24.193] [1] [INFO] [TrueTiles]:  (debug)    Wolframite
[14:50:24.194] [1] [INFO] [TrueTiles]:  (debug)    Aluminum
[14:50:24.194] [1] [INFO] [TrueTiles]:  (debug)    SolidMercury
[14:50:24.194] [1] [INFO] [TrueTiles]:  (debug)    Cobalt
[14:50:24.194] [1] [INFO] [TrueTiles]:  (debug)    Copper
[14:50:24.194] [1] [INFO] [TrueTiles]:  (debug)    Gold
[14:50:24.194] [1] [INFO] [TrueTiles]:  (debug)    FoolsGold
[14:50:24.194] [1] [INFO] [TrueTiles]:  (debug)    Iron
[14:50:24.194] [1] [INFO] [TrueTiles]:  (debug)    Lead
[14:50:24.195] [1] [INFO] [TrueTiles]:  (debug)    DepletedUranium
[14:50:24.195] [1] [INFO] [TrueTiles]:  (debug)    EnrichedUranium
[14:50:24.195] [1] [INFO] [TrueTiles]:  (debug)    Tungsten
[14:50:24.195] [1] [INFO] [TrueTiles]:  (debug) Loading tile: MetalTile
[14:50:24.195] [1] [INFO] [TrueTiles]:  (debug)    Aluminum
[14:50:24.195] [1] [INFO] [TrueTiles]:  (debug)    Cobalt
[14:50:24.197] [1] [INFO] [TrueTiles]:  (debug)    Copper
[14:50:24.200] [1] [INFO] [TrueTiles]:  (debug)    DepletedUranium
[14:50:24.201] [1] [INFO] [TrueTiles]:  (debug)    Gold
[14:50:24.203] [1] [INFO] [TrueTiles]:  (debug)    Iron
[14:50:24.203] [1] [INFO] [TrueTiles]:  (debug)    Lead
[14:50:24.205] [1] [INFO] [TrueTiles]:  (debug)    Niobium
[14:50:24.206] [1] [INFO] [TrueTiles]:  (debug)    Steel
[14:50:24.208] [1] [INFO] [TrueTiles]:  (debug)    TempConductorSolid
[14:50:24.209] [1] [INFO] [TrueTiles]:  (debug)    SolidMercury
[14:50:24.210] [1] [INFO] [TrueTiles]:  (debug)    Tungsten
[14:50:24.212] [1] [INFO] [TrueTiles]:  (debug) Loading tile: GlassTile
[14:50:24.212] [1] [INFO] [TrueTiles]:  (debug)    Diamond
[14:50:24.213] [1] [INFO] [TrueTiles]: Loaded texture assets. Loading took 00:00:00.101
Unloading 5 Unused Serialized files (Serialized files now loaded: 10)
MaximizedWindow is not currently supported on Windows, setting to FullsceenWindow instead
Unloading 6779 unused Assets / (200.7 MB). Loaded Objects now: 85125.
Memory consumption went from 0.81 GB to 0.61 GB.
Total: 81.436200 ms (FindLiveObjects: 6.420100 ms CreateObjectMapping: 3.261700 ms MarkObjects: 67.386900 ms  DeleteObjects: 4.366500 ms)

Unloading 2 Unused Serialized files (Serialized files now loaded: 10)
[PhysX] Initialized MultithreadedTaskDispatcher with 16 workers.
UnloadTime: 2.847300 ms
[14:50:25.426] [1] [INFO] C:/Users/actep/OneDrive/Documents/Klei/OxygenNotIncluded/mods/Steam/3284635963
[14:50:25.427] [1] [INFO] C:/Users/actep/OneDrive/Documents/Klei/OxygenNotIncluded/mods/Steam/3284635963
[14:50:25.430] [1] [INFO] C:/Users/actep/OneDrive/Documents/Klei/OxygenNotIncluded/mods/Steam/2348079481
[14:50:25.431] [1] [INFO] C:/Users/actep/OneDrive/Documents/Klei/OxygenNotIncluded/mods/Steam/2348079481
[14:50:25.433] [1] [INFO] C:/Users/actep/OneDrive/Documents/Klei/OxygenNotIncluded/mods/Steam/1878896484
[14:50:25.435] [1] [INFO] C:/Users/actep/OneDrive/Documents/Klei/OxygenNotIncluded/mods/Steam/1878896484
[14:50:25.438] [1] [INFO] C:/Users/actep/OneDrive/Documents/Klei/OxygenNotIncluded/mods/Steam/1870696175
[14:50:25.439] [1] [INFO] C:/Users/actep/OneDrive/Documents/Klei/OxygenNotIncluded/mods/Steam/1870696175
[14:50:25.442] [1] [INFO] C:/Users/actep/OneDrive/Documents/Klei/OxygenNotIncluded/mods/Dev/BetterInfoCards
[14:50:25.444] [1] [INFO] C:/Users/actep/OneDrive/Documents/Klei/OxygenNotIncluded/mods/Dev/BetterInfoCards
[14:50:25.447] [1] [INFO] C:/Users/actep/OneDrive/Documents/Klei/OxygenNotIncluded/mods/Steam/1703611962
[14:50:25.448] [1] [INFO] C:/Users/actep/OneDrive/Documents/Klei/OxygenNotIncluded/mods/Steam/1703611962
[14:50:25.452] [1] [INFO] C:/Users/actep/OneDrive/Documents/Klei/OxygenNotIncluded/mods/Steam/1717463209
[14:50:25.453] [1] [INFO] C:/Users/actep/OneDrive/Documents/Klei/OxygenNotIncluded/mods/Steam/1717463209
[14:50:25.458] [1] [INFO] C:/Users/actep/OneDrive/Documents/Klei/OxygenNotIncluded/mods/Steam/3164212090
[14:50:25.459] [1] [INFO] C:/Users/actep/OneDrive/Documents/Klei/OxygenNotIncluded/mods/Steam/3164212090
[14:50:25.465] [1] [INFO] C:/Users/actep/OneDrive/Documents/Klei/OxygenNotIncluded/mods/Steam/1737893485
[14:50:25.466] [1] [INFO] C:/Users/actep/OneDrive/Documents/Klei/OxygenNotIncluded/mods/Steam/1737893485
[14:50:25.471] [1] [INFO] C:/Users/actep/OneDrive/Documents/Klei/OxygenNotIncluded/mods/Steam/2947429297
[14:50:25.472] [1] [INFO] C:/Users/actep/OneDrive/Documents/Klei/OxygenNotIncluded/mods/Steam/2947429297
[14:50:25.543] [1] [INFO] C:/Users/actep/OneDrive/Documents/Klei/OxygenNotIncluded/mods/Dev/ContainerTooltips
[14:50:25.545] [1] [INFO] C:/Users/actep/OneDrive/Documents/Klei/OxygenNotIncluded/mods/Dev/ContainerTooltips
[14:50:25.551] [1] [INFO] C:/Users/actep/OneDrive/Documents/Klei/OxygenNotIncluded/mods/Steam/2721654252
[14:50:25.552] [1] [INFO] C:/Users/actep/OneDrive/Documents/Klei/OxygenNotIncluded/mods/Steam/2721654252
[14:50:25.559] [1] [INFO] C:/Users/actep/OneDrive/Documents/Klei/OxygenNotIncluded/mods/Steam/1838445101
[14:50:25.561] [1] [INFO] C:/Users/actep/OneDrive/Documents/Klei/OxygenNotIncluded/mods/Steam/1838445101
[14:50:25.567] [1] [INFO] C:/Users/actep/OneDrive/Documents/Klei/OxygenNotIncluded/mods/Steam/2844843044
[14:50:25.569] [1] [INFO] C:/Users/actep/OneDrive/Documents/Klei/OxygenNotIncluded/mods/Steam/2844843044
[14:50:25.575] [1] [INFO] C:/Users/actep/OneDrive/Documents/Klei/OxygenNotIncluded/mods/Steam/1855163252
[14:50:25.575] [1] [INFO] C:/Users/actep/OneDrive/Documents/Klei/OxygenNotIncluded/mods/Steam/1855163252
[14:50:25.584] [1] [INFO] C:/Users/actep/OneDrive/Documents/Klei/OxygenNotIncluded/mods/Steam/1706181611
[14:50:25.585] [1] [INFO] C:/Users/actep/OneDrive/Documents/Klei/OxygenNotIncluded/mods/Steam/1706181611
[14:50:25.592] [1] [INFO] C:/Users/actep/OneDrive/Documents/Klei/OxygenNotIncluded/mods/Steam/3555374847
[14:50:25.593] [1] [INFO] C:/Users/actep/OneDrive/Documents/Klei/OxygenNotIncluded/mods/Steam/3555374847
[14:50:25.601] [1] [INFO] C:/Users/actep/OneDrive/Documents/Klei/OxygenNotIncluded/mods/Steam/3301490799
[14:50:25.602] [1] [INFO] C:/Users/actep/OneDrive/Documents/Klei/OxygenNotIncluded/mods/Steam/3301490799
[14:50:25.611] [1] [INFO] C:/Users/actep/OneDrive/Documents/Klei/OxygenNotIncluded/mods/Steam/1843965353
[14:50:25.612] [1] [INFO] C:/Users/actep/OneDrive/Documents/Klei/OxygenNotIncluded/mods/Steam/1843965353
[14:50:25.620] [1] [INFO] C:/Users/actep/OneDrive/Documents/Klei/OxygenNotIncluded/mods/Steam/2018291283
[14:50:25.621] [1] [INFO] C:/Users/actep/OneDrive/Documents/Klei/OxygenNotIncluded/mods/Steam/2018291283
[14:50:25.631] [1] [INFO] C:/Users/actep/OneDrive/Documents/Klei/OxygenNotIncluded/mods/Steam/1868454866
[14:50:25.632] [1] [INFO] C:/Users/actep/OneDrive/Documents/Klei/OxygenNotIncluded/mods/Steam/1868454866
[14:50:25.642] [1] [INFO] C:/Users/actep/OneDrive/Documents/Klei/OxygenNotIncluded/mods/Steam/1725950119
[14:50:25.643] [1] [INFO] C:/Users/actep/OneDrive/Documents/Klei/OxygenNotIncluded/mods/Steam/1725950119
[14:50:25.654] [1] [INFO] C:/Users/actep/OneDrive/Documents/Klei/OxygenNotIncluded/mods/Steam/2493100777
[14:50:25.656] [1] [INFO] C:/Users/actep/OneDrive/Documents/Klei/OxygenNotIncluded/mods/Steam/2493100777
[14:50:25.666] [1] [INFO] C:/Users/actep/OneDrive/Documents/Klei/OxygenNotIncluded/mods/Steam/2968583663
[14:50:25.668] [1] [INFO] C:/Users/actep/OneDrive/Documents/Klei/OxygenNotIncluded/mods/Steam/2968583663
[14:50:25.678] [1] [INFO] C:/Users/actep/OneDrive/Documents/Klei/OxygenNotIncluded/mods/Steam/2977728791
[14:50:25.680] [1] [INFO] C:/Users/actep/OneDrive/Documents/Klei/OxygenNotIncluded/mods/Steam/2977728791
[14:50:25.690] [1] [INFO] C:/Users/actep/OneDrive/Documents/Klei/OxygenNotIncluded/mods/Steam/1881925531
[14:50:25.692] [1] [INFO] C:/Users/actep/OneDrive/Documents/Klei/OxygenNotIncluded/mods/Steam/1881925531
[14:50:25.703] [1] [INFO] C:/Users/actep/OneDrive/Documents/Klei/OxygenNotIncluded/mods/Steam/1893887916
[14:50:25.704] [1] [INFO] C:/Users/actep/OneDrive/Documents/Klei/OxygenNotIncluded/mods/Steam/1893887916
[14:50:25.715] [1] [INFO] C:/Users/actep/OneDrive/Documents/Klei/OxygenNotIncluded/mods/Steam/1960996649
[14:50:25.716] [1] [INFO] C:/Users/actep/OneDrive/Documents/Klei/OxygenNotIncluded/mods/Steam/1960996649
[14:50:25.728] [1] [INFO] C:/Users/actep/OneDrive/Documents/Klei/OxygenNotIncluded/mods/Steam/2965547030
[14:50:25.730] [1] [INFO] C:/Users/actep/OneDrive/Documents/Klei/OxygenNotIncluded/mods/Steam/2965547030
[14:50:25.742] [1] [INFO] C:/Users/actep/OneDrive/Documents/Klei/OxygenNotIncluded/mods/Steam/2552175137
[14:50:25.743] [1] [INFO] C:/Users/actep/OneDrive/Documents/Klei/OxygenNotIncluded/mods/Steam/2552175137
[14:50:25.755] [1] [INFO] C:/Users/actep/OneDrive/Documents/Klei/OxygenNotIncluded/mods/Steam/1832319118
[14:50:25.755] [1] [INFO] C:/Users/actep/OneDrive/Documents/Klei/OxygenNotIncluded/mods/Steam/1832319118
[14:50:25.769] [1] [INFO] C:/Users/actep/OneDrive/Documents/Klei/OxygenNotIncluded/mods/Steam/2815406414
[14:50:25.770] [1] [INFO] C:/Users/actep/OneDrive/Documents/Klei/OxygenNotIncluded/mods/Steam/2815406414
[14:50:25.784] [1] [INFO] C:/Users/actep/OneDrive/Documents/Klei/OxygenNotIncluded/mods/Steam/1822160024
[14:50:25.785] [1] [INFO] C:/Users/actep/OneDrive/Documents/Klei/OxygenNotIncluded/mods/Steam/1822160024
[14:50:25.798] [1] [INFO] C:/Users/actep/OneDrive/Documents/Klei/OxygenNotIncluded/mods/Steam/2128885110
[14:50:25.800] [1] [INFO] C:/Users/actep/OneDrive/Documents/Klei/OxygenNotIncluded/mods/Steam/2128885110
[14:50:25.813] [1] [INFO] C:/Users/actep/OneDrive/Documents/Klei/OxygenNotIncluded/mods/Steam/3468585385
[14:50:25.815] [1] [INFO] C:/Users/actep/OneDrive/Documents/Klei/OxygenNotIncluded/mods/Steam/3468585385
[14:50:25.830] [1] [INFO] C:/Users/actep/OneDrive/Documents/Klei/OxygenNotIncluded/mods/Steam/1835394161
[14:50:25.831] [1] [INFO] C:/Users/actep/OneDrive/Documents/Klei/OxygenNotIncluded/mods/Steam/1835394161
[14:50:25.845] [1] [INFO] C:/Users/actep/OneDrive/Documents/Klei/OxygenNotIncluded/mods/Steam/1708809748
[14:50:25.910] [1] [INFO] C:/Users/actep/OneDrive/Documents/Klei/OxygenNotIncluded/mods/Steam/1708809748
[14:50:25.925] [1] [INFO] C:/Users/actep/OneDrive/Documents/Klei/OxygenNotIncluded/mods/Steam/2041219184
[14:50:25.926] [1] [INFO] C:/Users/actep/OneDrive/Documents/Klei/OxygenNotIncluded/mods/Steam/2041219184
[14:50:25.942] [1] [INFO] C:/Users/actep/OneDrive/Documents/Klei/OxygenNotIncluded/mods/Steam/3384457117
[14:50:25.943] [1] [INFO] C:/Users/actep/OneDrive/Documents/Klei/OxygenNotIncluded/mods/Steam/3384457117
[14:50:25.958] [1] [INFO] C:/Users/actep/OneDrive/Documents/Klei/OxygenNotIncluded/mods/Steam/2032187035
[14:50:25.960] [1] [INFO] C:/Users/actep/OneDrive/Documents/Klei/OxygenNotIncluded/mods/Steam/2032187035
[14:50:25.977] [1] [INFO] C:/Users/actep/OneDrive/Documents/Klei/OxygenNotIncluded/mods/Steam/1722760223
[14:50:25.978] [1] [INFO] C:/Users/actep/OneDrive/Documents/Klei/OxygenNotIncluded/mods/Steam/1722760223
[14:50:25.994] [1] [INFO] C:/Users/actep/OneDrive/Documents/Klei/OxygenNotIncluded/mods/Steam/1843965353
[14:50:25.994] [1] [INFO] C:/Users/actep/OneDrive/Documents/Klei/OxygenNotIncluded/mods/Steam/1843965353
[14:50:25.995] [1] [INFO] C:/Users/actep/OneDrive/Documents/Klei/OxygenNotIncluded/mods/Dev/BetterInfoCards
[14:50:25.995] [1] [INFO] C:/Users/actep/OneDrive/Documents/Klei/OxygenNotIncluded/mods/Dev/ContainerTooltips
[14:50:25.995] [1] [INFO] C:/Users/actep/OneDrive/Documents/Klei/OxygenNotIncluded/mods/Steam/2977728791
[14:50:25.995] [1] [INFO] C:/Users/actep/OneDrive/Documents/Klei/OxygenNotIncluded/mods/Steam/3468585385
[14:50:25.995] [1] [INFO] C:/Users/actep/OneDrive/Documents/Klei/OxygenNotIncluded/mods/Steam/1960996649
[14:50:25.995] [1] [INFO] C:/Users/actep/OneDrive/Documents/Klei/OxygenNotIncluded/mods/Steam/2032187035
[14:50:25.995] [1] [INFO] C:/Users/actep/OneDrive/Documents/Klei/OxygenNotIncluded/mods/Steam/2493100777
[14:50:25.995] [1] [INFO] C:/Users/actep/OneDrive/Documents/Klei/OxygenNotIncluded/mods/Steam/3384457117
[14:50:25.995] [1] [INFO] C:/Users/actep/OneDrive/Documents/Klei/OxygenNotIncluded/mods/Steam/2348079481
[14:50:25.995] [1] [INFO] C:/Users/actep/OneDrive/Documents/Klei/OxygenNotIncluded/mods/Steam/2947429297
[14:50:25.995] [1] [INFO] C:/Users/actep/OneDrive/Documents/Klei/OxygenNotIncluded/mods/Steam/2128885110
[14:50:25.995] [1] [INFO] C:/Users/actep/OneDrive/Documents/Klei/OxygenNotIncluded/mods/Steam/1725950119
[14:50:25.995] [1] [INFO] C:/Users/actep/OneDrive/Documents/Klei/OxygenNotIncluded/mods/Steam/2815406414
[14:50:25.995] [1] [INFO] C:/Users/actep/OneDrive/Documents/Klei/OxygenNotIncluded/mods/Steam/1832319118
[14:50:25.995] [1] [INFO] C:/Users/actep/OneDrive/Documents/Klei/OxygenNotIncluded/mods/Steam/1878896484
[14:50:25.995] [1] [INFO] C:/Users/actep/OneDrive/Documents/Klei/OxygenNotIncluded/mods/Steam/1893887916
[14:50:25.995] [1] [INFO] C:/Users/actep/OneDrive/Documents/Klei/OxygenNotIncluded/mods/Steam/2018291283
[14:50:25.995] [1] [INFO] C:/Users/actep/OneDrive/Documents/Klei/OxygenNotIncluded/mods/Steam/1706181611
[14:50:25.995] [1] [INFO] C:/Users/actep/OneDrive/Documents/Klei/OxygenNotIncluded/mods/Steam/1855163252
[14:50:25.995] [1] [INFO] C:/Users/actep/OneDrive/Documents/Klei/OxygenNotIncluded/mods/Steam/1838445101
[14:50:25.995] [1] [INFO] C:/Users/actep/OneDrive/Documents/Klei/OxygenNotIncluded/mods/Steam/1881925531
[14:50:25.995] [1] [INFO] C:/Users/actep/OneDrive/Documents/Klei/OxygenNotIncluded/mods/Steam/1708809748
[14:50:25.995] [1] [INFO] C:/Users/actep/OneDrive/Documents/Klei/OxygenNotIncluded/mods/Steam/1737893485
[14:50:25.995] [1] [INFO] C:/Users/actep/OneDrive/Documents/Klei/OxygenNotIncluded/mods/Steam/1835394161
[14:50:25.995] [1] [INFO] C:/Users/actep/OneDrive/Documents/Klei/OxygenNotIncluded/mods/Steam/1703611962
[14:50:25.995] [1] [INFO] C:/Users/actep/OneDrive/Documents/Klei/OxygenNotIncluded/mods/Steam/1870696175
[14:50:25.995] [1] [INFO] C:/Users/actep/OneDrive/Documents/Klei/OxygenNotIncluded/mods/Steam/1717463209
[14:50:25.995] [1] [INFO] C:/Users/actep/OneDrive/Documents/Klei/OxygenNotIncluded/mods/Steam/3284635963
[14:50:25.995] [1] [INFO] C:/Users/actep/OneDrive/Documents/Klei/OxygenNotIncluded/mods/Steam/3164212090
[14:50:25.995] [1] [INFO] C:/Users/actep/OneDrive/Documents/Klei/OxygenNotIncluded/mods/Steam/2552175137
[14:50:25.995] [1] [INFO] C:/Users/actep/OneDrive/Documents/Klei/OxygenNotIncluded/mods/Steam/1722760223
[14:50:25.995] [1] [INFO] C:/Users/actep/OneDrive/Documents/Klei/OxygenNotIncluded/mods/Steam/2844843044
[14:50:25.995] [1] [INFO] C:/Users/actep/OneDrive/Documents/Klei/OxygenNotIncluded/mods/Steam/1822160024
[14:50:25.995] [1] [INFO] C:/Users/actep/OneDrive/Documents/Klei/OxygenNotIncluded/mods/Steam/2968583663
[14:50:25.995] [1] [INFO] C:/Users/actep/OneDrive/Documents/Klei/OxygenNotIncluded/mods/Steam/3555374847
[14:50:25.995] [1] [INFO] C:/Users/actep/OneDrive/Documents/Klei/OxygenNotIncluded/mods/Steam/2721654252
[14:50:25.995] [1] [INFO] C:/Users/actep/OneDrive/Documents/Klei/OxygenNotIncluded/mods/Steam/1868454866
[14:50:25.995] [1] [INFO] C:/Users/actep/OneDrive/Documents/Klei/OxygenNotIncluded/mods/Steam/2965547030
[14:50:25.995] [1] [INFO] C:/Users/actep/OneDrive/Documents/Klei/OxygenNotIncluded/mods/Steam/2041219184
[14:50:25.995] [1] [INFO] C:/Users/actep/OneDrive/Documents/Klei/OxygenNotIncluded/mods/Steam/3301490799
[14:50:26.004] [1] [INFO] C:/Users/actep/OneDrive/Documents/Klei/OxygenNotIncluded/mods/Steam/1843965353
[14:50:26.004] [1] [INFO] C:/Users/actep/OneDrive/Documents/Klei/OxygenNotIncluded/mods/Dev/BetterInfoCards
[14:50:26.004] [1] [INFO] C:/Users/actep/OneDrive/Documents/Klei/OxygenNotIncluded/mods/Dev/ContainerTooltips
[14:50:26.004] [1] [INFO] C:/Users/actep/OneDrive/Documents/Klei/OxygenNotIncluded/mods/Steam/2977728791
[14:50:26.004] [1] [INFO] C:/Users/actep/OneDrive/Documents/Klei/OxygenNotIncluded/mods/Steam/3468585385
[14:50:26.004] [1] [INFO] C:/Users/actep/OneDrive/Documents/Klei/OxygenNotIncluded/mods/Steam/1960996649
[14:50:26.004] [1] [INFO] C:/Users/actep/OneDrive/Documents/Klei/OxygenNotIncluded/mods/Steam/2032187035
[14:50:26.004] [1] [INFO] C:/Users/actep/OneDrive/Documents/Klei/OxygenNotIncluded/mods/Steam/2493100777
[14:50:26.004] [1] [INFO] C:/Users/actep/OneDrive/Documents/Klei/OxygenNotIncluded/mods/Steam/3384457117
[14:50:26.004] [1] [INFO] C:/Users/actep/OneDrive/Documents/Klei/OxygenNotIncluded/mods/Steam/2348079481
[14:50:26.004] [1] [INFO] C:/Users/actep/OneDrive/Documents/Klei/OxygenNotIncluded/mods/Steam/2947429297
[14:50:26.004] [1] [INFO] C:/Users/actep/OneDrive/Documents/Klei/OxygenNotIncluded/mods/Steam/2128885110
[14:50:26.004] [1] [INFO] C:/Users/actep/OneDrive/Documents/Klei/OxygenNotIncluded/mods/Steam/1725950119
[14:50:26.004] [1] [INFO] C:/Users/actep/OneDrive/Documents/Klei/OxygenNotIncluded/mods/Steam/2815406414
[14:50:26.004] [1] [INFO] C:/Users/actep/OneDrive/Documents/Klei/OxygenNotIncluded/mods/Steam/1832319118
[14:50:26.004] [1] [INFO] C:/Users/actep/OneDrive/Documents/Klei/OxygenNotIncluded/mods/Steam/1878896484
[14:50:26.004] [1] [INFO] C:/Users/actep/OneDrive/Documents/Klei/OxygenNotIncluded/mods/Steam/1893887916
[14:50:26.004] [1] [INFO] C:/Users/actep/OneDrive/Documents/Klei/OxygenNotIncluded/mods/Steam/2018291283
[14:50:26.004] [1] [INFO] C:/Users/actep/OneDrive/Documents/Klei/OxygenNotIncluded/mods/Steam/1706181611
[14:50:26.004] [1] [INFO] C:/Users/actep/OneDrive/Documents/Klei/OxygenNotIncluded/mods/Steam/1855163252
[14:50:26.004] [1] [INFO] C:/Users/actep/OneDrive/Documents/Klei/OxygenNotIncluded/mods/Steam/1838445101
[14:50:26.004] [1] [INFO] C:/Users/actep/OneDrive/Documents/Klei/OxygenNotIncluded/mods/Steam/1881925531
[14:50:26.004] [1] [INFO] C:/Users/actep/OneDrive/Documents/Klei/OxygenNotIncluded/mods/Steam/1708809748
[14:50:26.004] [1] [INFO] C:/Users/actep/OneDrive/Documents/Klei/OxygenNotIncluded/mods/Steam/1737893485
[14:50:26.004] [1] [INFO] C:/Users/actep/OneDrive/Documents/Klei/OxygenNotIncluded/mods/Steam/1835394161
[14:50:26.004] [1] [INFO] C:/Users/actep/OneDrive/Documents/Klei/OxygenNotIncluded/mods/Steam/1703611962
[14:50:26.004] [1] [INFO] C:/Users/actep/OneDrive/Documents/Klei/OxygenNotIncluded/mods/Steam/1870696175
[14:50:26.004] [1] [INFO] C:/Users/actep/OneDrive/Documents/Klei/OxygenNotIncluded/mods/Steam/1717463209
[14:50:26.004] [1] [INFO] C:/Users/actep/OneDrive/Documents/Klei/OxygenNotIncluded/mods/Steam/3284635963
[14:50:26.004] [1] [INFO] C:/Users/actep/OneDrive/Documents/Klei/OxygenNotIncluded/mods/Steam/3164212090
[14:50:26.004] [1] [INFO] C:/Users/actep/OneDrive/Documents/Klei/OxygenNotIncluded/mods/Steam/2552175137
[14:50:26.004] [1] [INFO] C:/Users/actep/OneDrive/Documents/Klei/OxygenNotIncluded/mods/Steam/1722760223
[14:50:26.004] [1] [INFO] C:/Users/actep/OneDrive/Documents/Klei/OxygenNotIncluded/mods/Steam/2844843044
[14:50:26.004] [1] [INFO] C:/Users/actep/OneDrive/Documents/Klei/OxygenNotIncluded/mods/Steam/1822160024
[14:50:26.004] [1] [INFO] C:/Users/actep/OneDrive/Documents/Klei/OxygenNotIncluded/mods/Steam/2968583663
[14:50:26.004] [1] [INFO] C:/Users/actep/OneDrive/Documents/Klei/OxygenNotIncluded/mods/Steam/3555374847
[14:50:26.004] [1] [INFO] C:/Users/actep/OneDrive/Documents/Klei/OxygenNotIncluded/mods/Steam/2721654252
[14:50:26.004] [1] [INFO] C:/Users/actep/OneDrive/Documents/Klei/OxygenNotIncluded/mods/Steam/1868454866
[14:50:26.004] [1] [INFO] C:/Users/actep/OneDrive/Documents/Klei/OxygenNotIncluded/mods/Steam/2965547030
[14:50:26.004] [1] [INFO] C:/Users/actep/OneDrive/Documents/Klei/OxygenNotIncluded/mods/Steam/2041219184
[14:50:26.004] [1] [INFO] C:/Users/actep/OneDrive/Documents/Klei/OxygenNotIncluded/mods/Steam/3301490799
[14:50:26.166] [1] [INFO] [ClusterTraitGenerationManager/Sgt_Imalas-VersionChecker]: Current UI handler version: 10
[14:50:26.167] [1] [INFO] [Sgt_Imalas-VersionChecker]: starting version check
[14:50:26.167] [1] [INFO] [Sgt_Imalas-VersionChecker]: checking for outdated plib version checkers
[14:50:26.179] [1] [INFO] [plib mod count]: 0
[14:50:26.180] [1] [INFO] [Sgt_Imalas-VersionChecker]: version checked 2 mods.
[14:50:26.180] [1] [INFO] [ClusterTraitGenerationManager/Sgt_Imalas-VersionChecker]: no mods out of date
Unloading 9 unused Assets / (264 B). Loaded Objects now: 94061.
Memory consumption went from 382.9 MB to 382.9 MB.
Total: 79.003900 ms (FindLiveObjects: 6.269800 ms CreateObjectMapping: 3.353000 ms MarkObjects: 69.182000 ms  DeleteObjects: 0.198300 ms)

[14:50:26.412] [1] [INFO] -- MAIN MENU -- 
[14:50:26.501] [1] [INFO] Checking which steam branch we're on. Got: [public_testing]
[14:50:26.527] [1] [INFO] [PLib/ModUpdateDate] SteamUGCServiceFixed initializing with 39 items
[14:50:26.554] [1] [INFO] Screen resolution updated, saving values to prefs: 1920x1080 @ 60, fullscreen: FullScreenWindow
[14:50:26.904] [1] [INFO] 	No Drop // by @Ony 👾 has a mod.yaml with a staticID `NoDrop`, using that from now on.
[14:50:26.905] [1] [INFO] No Drop // by @Ony 👾: Successfully loaded from path 'root' with content 'DLL'.
[14:50:26.905] [1] [INFO] F:\SteamLibrary\steamapps\workshop\content\457140\1868454866\2398817160310404274_legacy.bin
[14:50:26.905] [1] [INFO] Subscribe to mod No Drop // by @Ony 
[14:50:26.919] [1] [INFO] 	Pipe Flow Overlay has a mod.yaml with a staticID `sjPipeFlowOverlay`, using that from now on.
[14:50:26.920] [1] [INFO] Pipe Flow Overlay: Successfully loaded from path 'root' with content 'DLL'.
[14:50:26.920] [1] [INFO] F:\SteamLibrary\steamapps\workshop\content\457140\2968583663\2021607899160242440_legacy.bin
[14:50:26.920] [1] [INFO] Subscribe to mod Pipe Flow Overlay
[14:50:26.930] [1] [INFO] 	Critical Notification Pauser has a mod.yaml with a staticID `NotificationPauser`, using that from now on.
[14:50:26.931] [1] [INFO] Critical Notification Pauser: Successfully loaded from path 'root' with content 'DLL'.
[14:50:26.931] [1] [INFO] F:\SteamLibrary\steamapps\workshop\content\457140\1708809748\1883080807480246592_legacy.bin
[14:50:26.931] [1] [INFO] Subscribe to mod Critical Notification Pauser
[14:50:26.942] [1] [INFO] 	Better Automation Overlay has a mod.yaml with a staticID `Aze.BetterLogicOverlay`, using that from now on.
[14:50:26.942] [1] [INFO] Better Automation Overlay: Successfully loaded from path 'root' with content 'DLL'.
[14:50:26.942] [1] [INFO] F:\SteamLibrary\steamapps\workshop\content\457140\1878896484\26563898570402646_legacy.bin
[14:50:26.942] [1] [INFO] Subscribe to mod Better Automation Overlay
[14:50:26.952] [1] [INFO] 	DGSM  - Duplicants Generation Settings Manager // by @Ony 👾 has a mod.yaml with a staticID `DGSM2`, using that from now on.
[14:50:26.953] [1] [INFO] DGSM  - Duplicants Generation Settings Manager // by @Ony 👾: Successfully loaded from path 'root' with content 'DLL'.
[14:50:26.953] [1] [INFO] F:\SteamLibrary\steamapps\workshop\content\457140\1838445101\2517033479543942566_legacy.bin
[14:50:26.953] [1] [INFO] Subscribe to mod DGSM  - Duplicants Generation Settings Manager // by @Ony 
[14:50:26.965] [1] [WARNING] Recoverable parse error in F:\SteamLibrary\steamapps\workshop\content\457140\1722760223\1838044955944809236_legacy.bin\mod.yaml
Found a property '﻿title' on a type 'KMod.KModHeader', but that type doesn't have that property!
[14:50:26.965] [1] [WARNING] Recoverable parse error in F:\SteamLibrary\steamapps\workshop\content\457140\1722760223\1838044955944809236_legacy.bin\mod.yaml
Found a property '﻿title' on a type 'KMod.KModHeader', but that type doesn't have that property!
[14:50:26.965] [1] [INFO] 	Reset Build Priority has a mod.yaml with a staticID `HeinResetBuildPriority`, using that from now on.
[14:50:26.966] [1] [INFO] Reset Build Priority: Successfully loaded from path 'root' with content 'DLL'.
[14:50:26.966] [1] [INFO] F:\SteamLibrary\steamapps\workshop\content\457140\1722760223\1838044955944809236_legacy.bin
[14:50:26.966] [1] [INFO] Subscribe to mod Reset Build Priority
[14:50:26.978] [1] [INFO] 	Geyser Calculated Average Output Tooltip has a mod.yaml with a staticID `Cairath.GeyserCalculatedAvgOutputTooltip`, using that from now on.
[14:50:26.979] [1] [INFO] Geyser Calculated Average Output Tooltip: Successfully loaded from path 'root' with content 'DLL'.
[14:50:26.979] [1] [INFO] F:\SteamLibrary\steamapps\workshop\content\457140\1706181611\1840307935412818066_legacy.bin
[14:50:26.979] [1] [INFO] Subscribe to mod Geyser Calculated Average Output Tooltip
[14:50:26.989] [1] [INFO] 	Drag Area More Visible has a mod.yaml with a staticID `DragAreaMoreVisible`, using that from now on.
[14:50:26.990] [1] [INFO] Drag Area More Visible: Successfully loaded from path 'root' with content 'DLL'.
[14:50:26.990] [1] [INFO] F:\SteamLibrary\steamapps\workshop\content\457140\2844843044\1911234380749542306_legacy.bin
[14:50:26.990] [1] [INFO] Subscribe to mod Drag Area More Visible
[14:50:27.001] [1] [INFO] 	Bigger Building Menu has a mod.yaml with a staticID `Cairath.BiggerBuildingMenu`, using that from now on.
[14:50:27.002] [1] [INFO] Bigger Building Menu: Successfully loaded from path 'root' with content 'DLL'.
[14:50:27.002] [1] [INFO] F:\SteamLibrary\steamapps\workshop\content\457140\1703611962\1967538520928354867_legacy.bin
[14:50:27.002] [1] [INFO] Subscribe to mod Bigger Building Menu
[14:50:27.014] [1] [INFO] 	Skills Master // by @Ony 👾 has a mod.yaml with a staticID `SkillsMaster`, using that from now on.
[14:50:27.014] [1] [INFO] Skills Master // by @Ony 👾: Successfully loaded from path 'root' with content 'DLL'.
[14:50:27.014] [1] [INFO] F:\SteamLibrary\steamapps\workshop\content\457140\2965547030\2549683572064520686_legacy.bin
[14:50:27.014] [1] [INFO] Subscribe to mod Skills Master // by @Ony 
[14:50:27.025] [1] [INFO] 	Bigger Camera Zoom Out has a mod.yaml with a staticID `Cairath.BiggerCameraZoomOut`, using that from now on.
[14:50:27.027] [1] [INFO] Bigger Camera Zoom Out: Successfully loaded from path 'root' with content 'DLL'.
[14:50:27.027] [1] [INFO] F:\SteamLibrary\steamapps\workshop\content\457140\1717463209\1840307935412720483_legacy.bin
[14:50:27.027] [1] [INFO] Subscribe to mod Bigger Camera Zoom Out
[14:50:27.038] [1] [INFO] 	Wounded Go To Med Bed has a mod.yaml with a staticID `Cairath.WoundedGoToMedBed`, using that from now on.
[14:50:27.039] [1] [INFO] Wounded Go To Med Bed: Successfully loaded from path 'root' with content 'DLL'.
[14:50:27.039] [1] [INFO] F:\SteamLibrary\steamapps\workshop\content\457140\1822160024\1840307935412913723_legacy.bin
[14:50:27.039] [1] [INFO] Subscribe to mod Wounded Go To Med Bed
[14:50:27.051] [1] [INFO] 	Cluster Generation Manager [CGM] has a mod.yaml with a staticID `ClusterTraitGenerationManager`, using that from now on.
[14:50:27.053] [1] [INFO] Cluster Generation Manager [CGM]: Successfully loaded from path 'root' with content 'DLL'.
[14:50:27.053] [1] [INFO] F:\SteamLibrary\steamapps\workshop\content\457140\2947429297\17691293528798936861_legacy.bin
[14:50:27.053] [1] [INFO] Subscribe to mod Cluster Generation Manager [CGM]
[14:50:27.130] [1] [INFO] 	Mass Move Tool has a mod.yaml with a staticID `MassMoveTo`, using that from now on.
[14:50:27.130] [1] [INFO] Mass Move Tool: Successfully loaded from path 'root' with content 'DLL'.
[14:50:27.130] [1] [INFO] F:\SteamLibrary\steamapps\workshop\content\457140\3301490799\9665696673704601807_legacy.bin
[14:50:27.130] [1] [INFO] Subscribe to mod Mass Move Tool
[14:50:27.144] [1] [INFO] 	Build Menu Search Hotkey has a mod.yaml with a staticID `Aze.BuildMenuSearchHotkey`, using that from now on.
[14:50:27.144] [1] [INFO] Build Menu Search Hotkey: Successfully loaded from path 'root' with content 'DLL'.
[14:50:27.144] [1] [INFO] F:\SteamLibrary\steamapps\workshop\content\457140\3164212090\2506885891818012324_legacy.bin
[14:50:27.144] [1] [INFO] Subscribe to mod Build Menu Search Hotkey
[14:50:27.155] [1] [INFO] 	Blueprints Expanded has a mod.yaml with a staticID `BlueprintsV2`, using that from now on.
[14:50:27.157] [1] [INFO] Blueprints Expanded: Successfully loaded from path 'root' with content 'DLL'.
[14:50:27.157] [1] [INFO] F:\SteamLibrary\steamapps\workshop\content\457140\3468585385\10667826938959253483_legacy.bin
[14:50:27.167] [1] [INFO] 	Better Deselect has a mod.yaml with a staticID `Aze.BetterDeselect`, using that from now on.
[14:50:27.168] [1] [INFO] Better Deselect: Successfully loaded from path 'root' with content 'DLL'.
[14:50:27.168] [1] [INFO] F:\SteamLibrary\steamapps\workshop\content\457140\1870696175\2506885891791556903_legacy.bin
[14:50:27.168] [1] [INFO] Subscribe to mod Better Deselect
[14:50:27.179] [1] [INFO] 	Speed Control 202107 has a mod.yaml with a staticID `hustlion_dev_speed_control`, using that from now on.
[14:50:27.180] [1] [INFO] Speed Control 202107: Successfully loaded from path 'root' with content 'DLL'.
[14:50:27.180] [1] [INFO] F:\SteamLibrary\steamapps\workshop\content\457140\2552175137\1832398188603416552_legacy.bin
[14:50:27.180] [1] [INFO] Subscribe to mod Speed Control 202107
[14:50:27.192] [1] [INFO] 	Map Overlay has a mod.yaml with a staticID `MapOverlay`, using that from now on.
[14:50:27.193] [1] [INFO] Map Overlay: Successfully loaded from path 'root' with content 'DLL'.
[14:50:27.193] [1] [INFO] F:\SteamLibrary\steamapps\workshop\content\457140\3555374847\12880688923987116173_legacy.bin
[14:50:27.193] [1] [INFO] Subscribe to mod Map Overlay
[14:50:27.204] [1] [INFO] 	Mod Updater has a mod.yaml with a staticID `PeterHan.ModUpdateDate`, using that from now on.
[14:50:27.206] [1] [INFO] Mod Updater: Successfully loaded from path 'root' with content 'DLL'.
[14:50:27.206] [1] [INFO] F:\SteamLibrary\steamapps\workshop\content\457140\2018291283\2495639017700739042_legacy.bin
[14:50:27.206] [1] [INFO] Subscribe to mod Mod Updater
[14:50:27.216] [1] [INFO] 	True Tiles has a mod.yaml with a staticID `TrueTiles`, using that from now on.
[14:50:27.216] [1] [INFO] True Tiles: Successfully loaded from path 'root' with content 'DLL'.
[14:50:27.216] [1] [INFO] F:\SteamLibrary\steamapps\workshop\content\457140\2815406414\2402195494350269090_legacy.bin
[14:50:27.216] [1] [INFO] Subscribe to mod True Tiles
[14:50:27.228] [1] [INFO] 	Demolish Neutronium has a mod.yaml with a staticID `lv.modo.DemolishNeutronium`, using that from now on.
[14:50:27.229] [1] [INFO] Demolish Neutronium: Successfully loaded from path 'root' with content 'DLL'.
[14:50:27.229] [1] [INFO] F:\SteamLibrary\steamapps\workshop\content\457140\2721654252\14717561070856205333_legacy.bin
[14:50:27.229] [1] [INFO] Subscribe to mod Demolish Neutronium
[14:50:27.240] [1] [INFO] 	Suppress Notifications has a mod.yaml with a staticID `Aze.SuppressNotifications`, using that from now on.
[14:50:27.241] [1] [INFO] Suppress Notifications: Successfully loaded from path 'root' with content 'DLL'.
[14:50:27.241] [1] [INFO] F:\SteamLibrary\steamapps\workshop\content\457140\1832319118\26553670369028241_legacy.bin
[14:50:27.241] [1] [INFO] Subscribe to mod Suppress Notifications
[14:50:27.252] [1] [INFO] 	No Long Commutes has a mod.yaml with a staticID `Cairath.NoLongCommutes`, using that from now on.
[14:50:27.253] [1] [INFO] No Long Commutes: Successfully loaded from path 'root' with content 'DLL'.
[14:50:27.253] [1] [INFO] F:\SteamLibrary\steamapps\workshop\content\457140\1725950119\1840307935412905189_legacy.bin
[14:50:27.253] [1] [INFO] Subscribe to mod No Long Commutes
[14:50:27.263] [1] [INFO] 	Preset Manager has a mod.yaml with a staticID `DupePrioPresetManager`, using that from now on.
[14:50:27.266] [1] [INFO] Preset Manager: Successfully loaded from path 'root' with content 'DLL'.
[14:50:27.266] [1] [INFO] F:\SteamLibrary\steamapps\workshop\content\457140\2977728791\60330667565066000_legacy.bin
[14:50:27.266] [1] [INFO] Subscribe to mod Preset Manager
[14:50:27.278] [1] [INFO] 	Instant Switch has a mod.yaml with a staticID `InstantSwitchToggle`, using that from now on.
[14:50:27.278] [1] [INFO] Instant Switch: Successfully loaded from path 'root' with content 'DLL'.
[14:50:27.278] [1] [INFO] F:\SteamLibrary\steamapps\workshop\content\457140\3384457117\20926246820529672_legacy.bin
[14:50:27.278] [1] [INFO] Subscribe to mod Instant Switch
[14:50:27.290] [1] [INFO] 	Mods Presets Organizer (MPOrganizer) // by @Ony 👾 has a mod.yaml with a staticID `ModsPresetsOrganizer`, using that from now on.
[14:50:27.291] [1] [INFO] Mods Presets Organizer (MPOrganizer) // by @Ony 👾: Successfully loaded from path 'root' with content 'DLL'.
[14:50:27.291] [1] [INFO] F:\SteamLibrary\steamapps\workshop\content\457140\3284635963\2517033479519237977_legacy.bin
[14:50:27.291] [1] [INFO] Subscribe to mod Mods Presets Organizer (MPOrganizer) // by @Ony 
[14:50:27.302] [1] [INFO] 	Pip Plant Overlay has a mod.yaml with a staticID `PeterHan.PipPlantOverlay`, using that from now on.
[14:50:27.303] [1] [INFO] Pip Plant Overlay: Successfully loaded from path 'root' with content 'DLL'.
[14:50:27.303] [1] [INFO] F:\SteamLibrary\steamapps\workshop\content\457140\2493100777\2495639901451547677_legacy.bin
[14:50:27.303] [1] [INFO] Subscribe to mod Pip Plant Overlay
[14:50:27.314] [1] [INFO] 	AI Improvements has a mod.yaml with a staticID `PeterHan.AIImprovements`, using that from now on.
[14:50:27.315] [1] [INFO] AI Improvements: Successfully loaded from path 'root' with content 'DLL'.
[14:50:27.315] [1] [INFO] F:\SteamLibrary\steamapps\workshop\content\457140\2128885110\13457036738192406003_legacy.bin
[14:50:27.315] [1] [INFO] Subscribe to mod AI Improvements
[14:50:27.325] [1] [INFO] 	[Vanilla + DLC] Rooms Expanded has a mod.yaml with a staticID `pether-pg.RoomsExpanded`, using that from now on.
[14:50:27.335] [1] [INFO] [Vanilla + DLC] Rooms Expanded: Successfully loaded from path 'root' with content 'DLL'.
[14:50:27.335] [1] [INFO] F:\SteamLibrary\steamapps\workshop\content\457140\2348079481\9819972186160188045_legacy.bin
[14:50:27.335] [1] [INFO] Subscribe to mod [Vanilla + DLC] Rooms Expanded
[14:50:27.349] [1] [INFO] 	Show Building Ranges has a mod.yaml with a staticID `PeterHan.ShowRange`, using that from now on.
[14:50:27.350] [1] [INFO] Show Building Ranges: Successfully loaded from path 'root' with content 'DLL'.
[14:50:27.350] [1] [INFO] F:\SteamLibrary\steamapps\workshop\content\457140\1960996649\2465241449894975971_legacy.bin
[14:50:27.350] [1] [INFO] Subscribe to mod Show Building Ranges
[14:50:27.360] [1] [INFO] Build Over Plants: Successfully loaded from path 'root' with content 'DLL'.
[14:50:27.360] [1] [INFO] F:\SteamLibrary\steamapps\workshop\content\457140\1835394161\2425822906889809815_legacy.bin
[14:50:27.360] [1] [INFO] Subscribe to mod Build Over Plants
[14:50:27.370] [1] [INFO] ChainedDeconstruction: Successfully loaded from path 'root' with content 'DLL'.
[14:50:27.370] [1] [INFO] F:\SteamLibrary\steamapps\workshop\content\457140\1737893485\2019349027416371413_legacy.bin
[14:50:27.370] [1] [INFO] Subscribe to mod ChainedDeconstruction
[14:50:27.381] [1] [INFO] 	Falling Sand has a mod.yaml with a staticID `PeterHan.FallingSand`, using that from now on.
[14:50:27.382] [1] [INFO] Falling Sand: Successfully loaded from path 'root' with content 'DLL'.
[14:50:27.382] [1] [INFO] F:\SteamLibrary\steamapps\workshop\content\457140\1855163252\1842538926678765402_legacy.bin
[14:50:27.382] [1] [INFO] Subscribe to mod Falling Sand
[14:50:27.393] [1] [INFO] 	Queue For Sinks has a mod.yaml with a staticID `PeterHan.QueueForSink`, using that from now on.
[14:50:27.394] [1] [INFO] Queue For Sinks: Successfully loaded from path 'root' with content 'DLL'.
[14:50:27.394] [1] [INFO] F:\SteamLibrary\steamapps\workshop\content\457140\1881925531\2015972507368306550_legacy.bin
[14:50:27.458] [1] [INFO] Subscribe to mod Queue For Sinks
[14:50:27.470] [1] [INFO] 	Popup Control has a mod.yaml with a staticID `PeterHan.ToastControl`, using that from now on.
[14:50:27.471] [1] [INFO] Popup Control: Successfully loaded from path 'root' with content 'DLL'.
[14:50:27.471] [1] [INFO] F:\SteamLibrary\steamapps\workshop\content\457140\2032187035\14892152696193080056_legacy.bin
[14:50:27.471] [1] [INFO] Subscribe to mod Popup Control
[14:50:27.483] [1] [INFO] 	Research Queue has a mod.yaml with a staticID `PeterHan.ResearchQueue`, using that from now on.
[14:50:27.484] [1] [INFO] Research Queue: Successfully loaded from path 'root' with content 'DLL'.
[14:50:27.484] [1] [INFO] F:\SteamLibrary\steamapps\workshop\content\457140\1893887916\12072571916272625594_legacy.bin
[14:50:27.484] [1] [INFO] Subscribe to mod Research Queue
[14:50:27.494] [1] [INFO] 	Mod Manager // by @Ony 👾 has a mod.yaml with a staticID `ModManager`, using that from now on.
[14:50:27.495] [1] [INFO] Mod Manager // by @Ony 👾: Successfully loaded from path 'root' with content 'DLL'.
[14:50:27.495] [1] [INFO] F:\SteamLibrary\steamapps\workshop\content\457140\1843965353\15052771373780587990_legacy.bin
[14:50:27.495] [1] [INFO] Subscribe to mod Mod Manager // by @Ony 
[14:50:27.505] [1] [INFO] 	Debug Console // by @Ony 👾 has a mod.yaml with a staticID `DebugConsole`, using that from now on.
[14:50:27.507] [1] [INFO] Debug Console // by @Ony 👾: Successfully loaded from path 'root' with content 'DLL'.
[14:50:27.507] [1] [INFO] F:\SteamLibrary\steamapps\workshop\content\457140\2041219184\7416500517873812_legacy.bin
[14:50:27.507] [1] [INFO] Subscribe to mod Debug Console // by @Ony 
Unloading 1 Unused Serialized files (Serialized files now loaded: 10)
Unloading 0 unused Assets / (0 B). Loaded Objects now: 94086.
Memory consumption went from 460.0 MB to 460.0 MB.
Total: 87.579800 ms (FindLiveObjects: 6.981800 ms CreateObjectMapping: 2.719900 ms MarkObjects: 77.731200 ms  DeleteObjects: 0.146200 ms)

Unloading 5 Unused Serialized files (Serialized files now loaded: 10)
[PhysX] Initialized MultithreadedTaskDispatcher with 16 workers.
UnloadTime: 9.707500 ms
Unloading 235 unused Assets / (37.4 KB). Loaded Objects now: 112680.
Memory consumption went from 0.51 GB to 0.51 GB.
Total: 86.635100 ms (FindLiveObjects: 7.126500 ms CreateObjectMapping: 3.964000 ms MarkObjects: 75.192000 ms  DeleteObjects: 0.352100 ms)

[14:50:44.184] [1] [INFO] Loading save file: C:\Users\actep\OneDrive\Documents\Klei\OxygenNotIncluded\cloud_save_files\76561198064607706\The Dangerous Hovel\auto_save\The Dangerous Hovel Cycle 17.sav
 headerVersion:1, buildVersion:697712, headerSize:404, IsCompressed:True
[14:50:44.184] [1] [INFO] GameInfo loaded from save header:
  numberOfCycles:16,
  numberOfDuplicants:6,
  baseName:The Dangerous Hovel,
  isAutoSave:True,
  originalSaveName:The Dangerous Hovel.sav,
  clusterId:expansion1::clusters/SandstoneStartCluster,
  worldTraits:<i>none</i>,
  colonyGuid:7133dcc7-40f4-4078-bd0b-5fa5bcec706f,
  saveVersion:7.37
[14:50:44.437] [1] [INFO] Mod Footprint (33):
  - Mod Manager // by @Ony 👾
  - Better Info Cards
  - Container Tooltips
  - Preset Manager
  - Show Building Ranges
  - Pip Plant Overlay
  - [Vanilla + DLC] Rooms Expanded
  - Cluster Generation Manager [CGM]
  - No Long Commutes
  - True Tiles
  - Suppress Notifications
  - Better Automation Overlay
  - Research Queue
  - Mod Updater
  - Geyser Calculated Average Output Tooltip
  - Falling Sand
  - DGSM  - Duplicants Generation Settings Manager // by @Ony 👾
  - Queue For Sinks
  - ChainedDeconstruction
  - Bigger Building Menu
  - Better Deselect
  - Bigger Camera Zoom Out
  - Mods Presets Organizer (MPOrganizer) // by @Ony 👾
  - Build Menu Search Hotkey
  - Speed Control 202107
  - Drag Area More Visible
  - Wounded Go To Med Bed
  - Pipe Flow Overlay
  - Map Overlay
  - Demolish Neutronium
  - No Drop // by @Ony 
  - Skills Master // by @Ony 
  - Mass Move Tool
[14:50:44.437] [1] [INFO] Active Mods (33):
  - Mod Manager // by @Ony 👾
  - Better Info Cards
  - Container Tooltips
  - Preset Manager
  - Show Building Ranges
  - Pip Plant Overlay
  - [Vanilla + DLC] Rooms Expanded
  - Cluster Generation Manager [CGM]
  - No Long Commutes
  - True Tiles
  - Suppress Notifications
  - Better Automation Overlay
  - Research Queue
  - Mod Updater
  - Geyser Calculated Average Output Tooltip
  - Falling Sand
  - DGSM  - Duplicants Generation Settings Manager // by @Ony 👾
  - Queue For Sinks
  - ChainedDeconstruction
  - Bigger Building Menu
  - Better Deselect
  - Bigger Camera Zoom Out
  - Mods Presets Organizer (MPOrganizer) // by @Ony 👾
  - Build Menu Search Hotkey
  - Speed Control 202107
  - Drag Area More Visible
  - Wounded Go To Med Bed
  - Pipe Flow Overlay
  - Map Overlay
  - Demolish Neutronium
  - No Drop // by @Ony 
  - Skills Master // by @Ony 
  - Mass Move Tool
[14:50:44.506] [1] [INFO] 47.30421 Level Loaded.... backend
Shader warmup: 85 shaders 337 combinations 0.038s
[14:50:45.168] [1] [INFO] [ClusterTraitGenerationManager]: Savegame_OnPrefabInit
[14:50:45.169] [1] [INFO] [ClusterTraitGenerationManager]: SaveGameData.OnPrefabInit, 0
[14:50:46.433] [1] [INFO] [ClusterTraitGenerationManager]: CustomGameSettings.OnDeserialized
[14:50:46.433] [1] [INFO] [ClusterTraitGenerationManager]: expansion1::clusters/SandstoneStartCluster
[14:50:46.435] [1] [INFO] SAVEINFO
[14:50:46.435] [1] [INFO]  - Generated: Sunday, 02 November 2025 12:31:28
[14:50:46.435] [1] [INFO]  - Played on: 697712
[14:50:46.435] [1] [INFO]  - Debug was used: False
[14:50:46.435] [1] [INFO] Custom Settings: ClusterLayout=expansion1::clusters/SandstoneStartCluster,WorldgenSeed=1710044829,ImmuneSystem=Default,CalorieBurn=Default,Morale=Default,Durability=Default,MeteorShowers=Default,Radiation=Default,Stress=Default,StressBreaks=Default,CarePackages=Enabled,SandboxMode=Disabled,FastWorkersMode=Disabled,SaveToCloud=Enabled,Teleporters=Enabled,BionicWattage=Default,DemoliorDifficulty=Default,
[14:50:46.435] [1] [INFO] Story Settings: MegaBrainTank=Disabled,CreatureManipulator=Disabled,LonelyMinion=Disabled,FossilHunt=Disabled,MorbRoverMaker=Disabled,HijackHeadquarters=Disabled,
[14:50:46.436] [1] [INFO] Mixing Settings: DLC2_ID=Enabled,IceCavesMixing=Disabled,CarrotQuarryMixing=Disabled,SugarWoodsMixing=Disabled,CeresAsteroidMixing=Disabled,DLC3_ID=Enabled,DLC4_ID=Enabled,GardenMixing=Disabled,RaptorMixing=Disabled,WetlandsMixing=Disabled,PrehistoricAsteroidMixing=Disabled,
[14:50:46.477] [1] [INFO] Loaded [C:\Users\actep\OneDrive\Documents\Klei\OxygenNotIncluded\cloud_save_files\76561198064607706\The Dangerous Hovel\auto_save\The Dangerous Hovel Cycle 17.sav]
[14:50:46.478] [1] [INFO] World Seeds [1710044837/1710044837/1710044837/1710044837]
[14:50:46.625] [1] [INFO] -- GAME --
[14:50:46.625] [1] [INFO] [InterfaceTool] Initializing configs with values of DefaultKey: Invalid Configs: 3
[14:50:46.628] [1] [INFO] [InterfaceTool] Pushing config with key: Invalid
[14:50:46.738] [1] [INFO] Timelapse.OnNewDay but worldsToScreenshot is not empty
[14:50:46.744] [1] [INFO] Loading Config from: C:\Users\actep\OneDrive\Documents\Klei\OxygenNotIncluded\mods\Steam\2552175137\Config\SpeedControlConfig.json
Unloading 1 Unused Serialized files (Serialized files now loaded: 10)
[14:50:46.981] [1] [WARNING] asteroid_flame_outer_kanim ui placeSymbol [ ui ] is missing
[14:50:48.674] [1] [INFO] Generating sprite for flow: none
[14:50:48.680] [1] [INFO] Generating sprite for flow: down
[14:50:48.695] [1] [INFO] Generating sprite for flow: left
[14:50:48.710] [1] [INFO] Generating sprite for flow: down, left
[14:50:48.735] [1] [INFO] Generating sprite for flow: right
[14:50:48.751] [1] [INFO] Generating sprite for flow: down, right
[14:50:48.779] [1] [INFO] Generating sprite for flow: left, right
[14:50:48.805] [1] [INFO] Generating sprite for flow: down, left, right
[14:50:48.957] [1] [INFO] Generating sprite for flow: up
[14:50:48.973] [1] [INFO] Generating sprite for flow: down, up
[14:50:48.996] [1] [INFO] Generating sprite for flow: left, up
[14:50:49.020] [1] [INFO] Generating sprite for flow: down, left, up
[14:50:49.060] [1] [INFO] Generating sprite for flow: right, up
[14:50:49.085] [1] [INFO] Generating sprite for flow: down, right, up
[14:50:49.125] [1] [INFO] Generating sprite for flow: left, right, up
[14:50:49.263] [1] [INFO] Generating sprite for flow: all
[14:50:49.627] [1] [INFO] Checking which steam branch we're on. Got: [public_testing]
[14:50:49.683] [1] [INFO] [ClusterTraitGenerationManager]: SaveGameData.OnSpawn, 0
[14:50:49.775] [1] [WARNING] world Asteroid has invalid season TerraMoonletMeteorShowers
[14:50:49.775] [1] [WARNING] world Asteroid has invalid season IdealLandingSiteMeteorShowers
[14:50:49.777] [1] [WARNING] world Asteroid has invalid season WarpOilySwampMeteorShowers
[14:50:51.149] [1] [WARNING] No warp conduit sender found - maybe POI stomping or failure to spawn?
[14:50:51.173] [1] [WARNING] No warp conduit sender found - maybe POI stomping or failure to spawn?
[14:50:51.219] [1] [WARNING] No warp conduit receiver found - maybe POI stomping or failure to spawn?
[14:50:52.289] [1] [WARNING] asteroid_flame_outer_kanim ui placeSymbol [ ui ] is missing
[14:50:52.432] [1] [INFO] [PLib/PipPlantOverlay] Creating PipPlantOverlay
[14:50:52.814] [1] [INFO] Screen resolution updated, saving values to prefs: 1920x1080 @ 60, fullscreen: FullScreenWindow
Unloading 32 unused Assets / (172.9 KB). Loaded Objects now: 290448.
Memory consumption went from 0.89 GB to 0.88 GB.
Total: 181.459900 ms (FindLiveObjects: 22.813500 ms CreateObjectMapping: 6.668600 ms MarkObjects: 151.521600 ms  DeleteObjects: 0.455700 ms)

[14:51:00.250] [1] [WARNING] Missing prefab
[14:51:00.250] [1] [INFO] HERE:DragAreaMoreVisible:exception@OnActiveTool:The Object you want to instantiate is null.
[14:51:00.253] [1] [WARNING] Missing prefab
[14:51:00.253] [1] [INFO] HERE:DragAreaMoreVisible:exception@OnActiveTool:The Object you want to instantiate is null.
[14:51:00.268] [1] [WARNING] Missing prefab
[14:51:00.268] [1] [INFO] HERE:DragAreaMoreVisible:exception@OnActiveTool:The Object you want to instantiate is null.
[14:51:00.279] [1] [WARNING] [BetterInfoCards] Skipping DrawText replay because the captured TextStyleSetting is missing.
[14:51:00.294] [1] [WARNING] [BetterInfoCards] Skipping DrawText replay because the captured TextStyleSetting is missing.
[14:51:00.311] [1] [WARNING] [BetterInfoCards] Skipping DrawText replay because the captured TextStyleSetting is missing.
[14:51:00.326] [1] [WARNING] [BetterInfoCards] Skipping DrawText replay because the captured TextStyleSetting is missing.
[14:51:00.340] [1] [WARNING] [BetterInfoCards] Skipping DrawText replay because the captured TextStyleSetting is missing.
[14:51:00.357] [1] [WARNING] [BetterInfoCards] Skipping DrawText replay because the captured TextStyleSetting is missing.
[14:51:00.375] [1] [WARNING] [BetterInfoCards] Skipping DrawText replay because the captured TextStyleSetting is missing.
[14:51:00.390] [1] [WARNING] [BetterInfoCards] Skipping DrawText replay because the captured TextStyleSetting is missing.
[14:51:00.406] [1] [WARNING] [BetterInfoCards] Skipping DrawText replay because the captured TextStyleSetting is missing.
[14:51:00.423] [1] [WARNING] [BetterInfoCards] Skipping DrawText replay because the captured TextStyleSetting is missing.
[14:51:00.440] [1] [WARNING] [BetterInfoCards] Skipping DrawText replay because the captured TextStyleSetting is missing.
[14:51:00.456] [1] [WARNING] [BetterInfoCards] Skipping DrawText replay because the captured TextStyleSetting is missing.
[14:51:00.473] [1] [WARNING] [BetterInfoCards] Skipping DrawText replay because the captured TextStyleSetting is missing.
[14:51:00.490] [1] [WARNING] [BetterInfoCards] Skipping DrawText replay because the captured TextStyleSetting is missing.
[14:51:00.506] [1] [WARNING] [BetterInfoCards] Skipping DrawText replay because the captured TextStyleSetting is missing.
[14:51:00.528] [1] [WARNING] [BetterInfoCards] Skipping DrawText replay because the captured TextStyleSetting is missing.
[14:51:00.539] [1] [WARNING] [BetterInfoCards] Skipping DrawText replay because the captured TextStyleSetting is missing.
[14:51:00.556] [1] [WARNING] [BetterInfoCards] Skipping DrawText replay because the captured TextStyleSetting is missing.
[14:51:00.573] [1] [WARNING] [BetterInfoCards] Skipping DrawText replay because the captured TextStyleSetting is missing.
[14:51:00.589] [1] [WARNING] [BetterInfoCards] Skipping DrawText replay because the captured TextStyleSetting is missing.
[14:51:00.606] [1] [WARNING] [BetterInfoCards] Skipping DrawText replay because the captured TextStyleSetting is missing.
[14:51:00.624] [1] [WARNING] [BetterInfoCards] Skipping DrawText replay because the captured TextStyleSetting is missing.
[14:51:00.639] [1] [WARNING] [BetterInfoCards] Skipping DrawText replay because the captured TextStyleSetting is missing.
[14:51:00.657] [1] [WARNING] [BetterInfoCards] Skipping DrawText replay because the captured TextStyleSetting is missing.
[14:51:00.673] [1] [WARNING] [BetterInfoCards] Skipping DrawText replay because the captured TextStyleSetting is missing.
[14:51:00.690] [1] [WARNING] [BetterInfoCards] Skipping DrawText replay because the captured TextStyleSetting is missing.
[14:51:00.707] [1] [WARNING] [BetterInfoCards] Skipping DrawText replay because the captured TextStyleSetting is missing.
[14:51:00.724] [1] [WARNING] [BetterInfoCards] Skipping DrawText replay because the captured TextStyleSetting is missing.
[14:51:00.740] [1] [WARNING] [BetterInfoCards] Skipping DrawText replay because the captured TextStyleSetting is missing.
[14:51:00.757] [1] [WARNING] [BetterInfoCards] Skipping DrawText replay because the captured TextStyleSetting is missing.
[14:51:00.773] [1] [WARNING] [BetterInfoCards] Skipping DrawText replay because the captured TextStyleSetting is missing.
[14:51:00.790] [1] [WARNING] [BetterInfoCards] Skipping DrawText replay because the captured TextStyleSetting is missing.
[14:51:00.808] [1] [WARNING] [BetterInfoCards] Skipping DrawText replay because the captured TextStyleSetting is missing.
[14:51:00.824] [1] [WARNING] [BetterInfoCards] Skipping DrawText replay because the captured TextStyleSetting is missing.
[14:51:00.841] [1] [WARNING] [BetterInfoCards] Skipping DrawText replay because the captured TextStyleSetting is missing.
[14:51:00.858] [1] [WARNING] [BetterInfoCards] Skipping DrawText replay because the captured TextStyleSetting is missing.
[14:51:00.873] [1] [WARNING] [BetterInfoCards] Skipping DrawText replay because the captured TextStyleSetting is missing.
[14:51:00.890] [1] [WARNING] [BetterInfoCards] Skipping DrawText replay because the captured TextStyleSetting is missing.
[14:51:00.906] [1] [WARNING] [BetterInfoCards] Skipping DrawText replay because the captured TextStyleSetting is missing.
[14:51:00.925] [1] [WARNING] [BetterInfoCards] Skipping DrawText replay because the captured TextStyleSetting is missing.
[14:51:00.939] [1] [WARNING] [BetterInfoCards] Skipping DrawText replay because the captured TextStyleSetting is missing.
[14:51:00.956] [1] [WARNING] [BetterInfoCards] Skipping DrawText replay because the captured TextStyleSetting is missing.
[14:51:00.972] [1] [WARNING] [BetterInfoCards] Skipping DrawText replay because the captured TextStyleSetting is missing.
[14:51:00.989] [1] [WARNING] [BetterInfoCards] Skipping DrawText replay because the captured TextStyleSetting is missing.
[14:51:01.006] [1] [WARNING] [BetterInfoCards] Skipping DrawText replay because the captured TextStyleSetting is missing.
[14:51:01.022] [1] [WARNING] [BetterInfoCards] Skipping DrawText replay because the captured TextStyleSetting is missing.
[14:51:01.040] [1] [WARNING] [BetterInfoCards] Skipping DrawText replay because the captured TextStyleSetting is missing.
[14:51:01.057] [1] [WARNING] [BetterInfoCards] Skipping DrawText replay because the captured TextStyleSetting is missing.
[14:51:01.073] [1] [WARNING] [BetterInfoCards] Skipping DrawText replay because the captured TextStyleSetting is missing.
[14:51:01.090] [1] [WARNING] [BetterInfoCards] Skipping DrawText replay because the captured TextStyleSetting is missing.
[14:51:01.107] [1] [WARNING] [BetterInfoCards] Skipping DrawText replay because the captured TextStyleSetting is missing.
[14:51:01.123] [1] [WARNING] [BetterInfoCards] Skipping DrawText replay because the captured TextStyleSetting is missing.
[14:51:01.140] [1] [WARNING] [BetterInfoCards] Skipping DrawText replay because the captured TextStyleSetting is missing.
[14:51:01.156] [1] [WARNING] [BetterInfoCards] Skipping DrawText replay because the captured TextStyleSetting is missing.
[14:51:01.173] [1] [WARNING] [BetterInfoCards] Skipping DrawText replay because the captured TextStyleSetting is missing.
[14:51:01.190] [1] [WARNING] [BetterInfoCards] Skipping DrawText replay because the captured TextStyleSetting is missing.
[14:51:01.206] [1] [WARNING] [BetterInfoCards] Skipping DrawText replay because the captured TextStyleSetting is missing.
[14:51:01.224] [1] [WARNING] [BetterInfoCards] Skipping DrawText replay because the captured TextStyleSetting is missing.
[14:51:01.240] [1] [WARNING] [BetterInfoCards] Skipping DrawText replay because the captured TextStyleSetting is missing.
[14:51:01.257] [1] [WARNING] [BetterInfoCards] Skipping DrawText replay because the captured TextStyleSetting is missing.
[14:51:01.273] [1] [WARNING] [BetterInfoCards] Skipping DrawText replay because the captured TextStyleSetting is missing.
[14:51:01.290] [1] [WARNING] [BetterInfoCards] Skipping DrawText replay because the captured TextStyleSetting is missing.
[14:51:01.307] [1] [WARNING] [BetterInfoCards] Skipping DrawText replay because the captured TextStyleSetting is missing.
[14:51:01.324] [1] [WARNING] [BetterInfoCards] Skipping DrawText replay because the captured TextStyleSetting is missing.
[14:51:01.340] [1] [WARNING] [BetterInfoCards] Skipping DrawText replay because the captured TextStyleSetting is missing.
[14:51:01.357] [1] [WARNING] [BetterInfoCards] Skipping DrawText replay because the captured TextStyleSetting is missing.
[14:51:01.374] [1] [WARNING] [BetterInfoCards] Skipping DrawText replay because the captured TextStyleSetting is missing.
[14:51:01.390] [1] [WARNING] [BetterInfoCards] Skipping DrawText replay because the captured TextStyleSetting is missing.
[14:51:01.408] [1] [WARNING] [BetterInfoCards] Skipping DrawText replay because the captured TextStyleSetting is missing.
[14:51:01.426] [1] [WARNING] [BetterInfoCards] Skipping DrawText replay because the captured TextStyleSetting is missing.
[14:51:01.442] [1] [WARNING] [BetterInfoCards] Skipping DrawText replay because the captured TextStyleSetting is missing.
[14:51:01.458] [1] [WARNING] [BetterInfoCards] Skipping DrawText replay because the captured TextStyleSetting is missing.
[14:51:01.476] [1] [WARNING] [BetterInfoCards] Skipping DrawText replay because the captured TextStyleSetting is missing.
[14:51:01.492] [1] [WARNING] [BetterInfoCards] Skipping DrawText replay because the captured TextStyleSetting is missing.
[14:51:01.508] [1] [WARNING] [BetterInfoCards] Skipping DrawText replay because the captured TextStyleSetting is missing.
[14:51:01.525] [1] [WARNING] [BetterInfoCards] Skipping DrawText replay because the captured TextStyleSetting is missing.
[14:51:01.543] [1] [WARNING] [BetterInfoCards] Skipping DrawText replay because the captured TextStyleSetting is missing.
[14:51:01.559] [1] [WARNING] [BetterInfoCards] Skipping DrawText replay because the captured TextStyleSetting is missing.
[14:51:01.575] [1] [WARNING] [BetterInfoCards] Skipping DrawText replay because the captured TextStyleSetting is missing.
[14:51:01.591] [1] [WARNING] [BetterInfoCards] Skipping DrawText replay because the captured TextStyleSetting is missing.
[14:51:01.610] [1] [WARNING] [BetterInfoCards] Skipping DrawText replay because the captured TextStyleSetting is missing.
[14:51:01.625] [1] [WARNING] [BetterInfoCards] Skipping DrawText replay because the captured TextStyleSetting is missing.
[14:51:01.641] [1] [WARNING] [BetterInfoCards] Skipping DrawText replay because the captured TextStyleSetting is missing.
[14:51:01.659] [1] [WARNING] [BetterInfoCards] Skipping DrawText replay because the captured TextStyleSetting is missing.
[14:51:01.674] [1] [WARNING] [BetterInfoCards] Skipping DrawText replay because the captured TextStyleSetting is missing.
[14:51:01.691] [1] [WARNING] [BetterInfoCards] Skipping DrawText replay because the captured TextStyleSetting is missing.
[14:51:01.702] [1] [INFO] HERE:DragAreaMoreVisible:exception@OnDeactivateTool:Object reference not set to an instance of an object
[14:51:09.092] [1] [WARNING] [BetterInfoCards] Unable to access the HoverTextDrawer shadow bar pool; skipping width resize.
[14:51:10.775] [1] [WARNING] [BetterInfoCards] Unable to access the HoverTextDrawer shadow bar pool; skipping width resize.
[14:51:12.742] [1] [WARNING] [BetterInfoCards] Unable to access the HoverTextDrawer shadow bar pool; skipping width resize.
[14:51:14.841] [1] [WARNING] [BetterInfoCards] Unable to access the HoverTextDrawer shadow bar pool; skipping width resize.
[14:51:15.856] [1] [WARNING] [BetterInfoCards] Unable to access the HoverTextDrawer shadow bar pool; skipping width resize.
[14:51:16.957] [1] [WARNING] [BetterInfoCards] Unable to access the HoverTextDrawer shadow bar pool; skipping width resize.
[14:51:17.973] [1] [WARNING] [BetterInfoCards] Unable to access the HoverTextDrawer shadow bar pool; skipping width resize.
[14:51:18.042] [1] [WARNING] Missing prefab
[14:51:18.042] [1] [INFO] HERE:DragAreaMoreVisible:exception@OnActiveTool:The Object you want to instantiate is null.
[14:51:18.044] [1] [WARNING] Missing prefab
[14:51:18.044] [1] [INFO] HERE:DragAreaMoreVisible:exception@OnActiveTool:The Object you want to instantiate is null.
[14:51:18.062] [1] [WARNING] Missing prefab
[14:51:18.062] [1] [INFO] HERE:DragAreaMoreVisible:exception@OnActiveTool:The Object you want to instantiate is null.
[14:51:18.076] [1] [WARNING] [BetterInfoCards] Skipping DrawText replay because the captured TextStyleSetting is missing.
[14:51:18.096] [1] [WARNING] [BetterInfoCards] Skipping DrawText replay because the captured TextStyleSetting is missing.
[14:51:18.120] [1] [WARNING] [BetterInfoCards] Skipping DrawText replay because the captured TextStyleSetting is missing.
[14:51:18.137] [1] [WARNING] [BetterInfoCards] Skipping DrawText replay because the captured TextStyleSetting is missing.
[14:51:18.151] [1] [WARNING] [BetterInfoCards] Skipping DrawText replay because the captured TextStyleSetting is missing.
[14:51:18.164] [1] [WARNING] [BetterInfoCards] Skipping DrawText replay because the captured TextStyleSetting is missing.
[14:51:18.176] [1] [WARNING] [BetterInfoCards] Skipping DrawText replay because the captured TextStyleSetting is missing.
[14:51:18.191] [1] [WARNING] [BetterInfoCards] Skipping DrawText replay because the captured TextStyleSetting is missing.
[14:51:18.208] [1] [WARNING] [BetterInfoCards] Skipping DrawText replay because the captured TextStyleSetting is missing.
[14:51:18.224] [1] [WARNING] [BetterInfoCards] Skipping DrawText replay because the captured TextStyleSetting is missing.
[14:51:18.241] [1] [WARNING] [BetterInfoCards] Skipping DrawText replay because the captured TextStyleSetting is missing.
[14:51:18.258] [1] [WARNING] [BetterInfoCards] Skipping DrawText replay because the captured TextStyleSetting is missing.
[14:51:18.274] [1] [WARNING] [BetterInfoCards] Skipping DrawText replay because the captured TextStyleSetting is missing.
[14:51:18.291] [1] [WARNING] [BetterInfoCards] Skipping DrawText replay because the captured TextStyleSetting is missing.
[14:51:18.307] [1] [WARNING] [BetterInfoCards] Skipping DrawText replay because the captured TextStyleSetting is missing.
[14:51:18.324] [1] [WARNING] [BetterInfoCards] Skipping DrawText replay because the captured TextStyleSetting is missing.
[14:51:18.339] [1] [WARNING] [BetterInfoCards] Skipping DrawText replay because the captured TextStyleSetting is missing.
[14:51:18.358] [1] [WARNING] [BetterInfoCards] Skipping DrawText replay because the captured TextStyleSetting is missing.
[14:51:18.374] [1] [WARNING] [BetterInfoCards] Skipping DrawText replay because the captured TextStyleSetting is missing.
[14:51:18.391] [1] [WARNING] [BetterInfoCards] Skipping DrawText replay because the captured TextStyleSetting is missing.
[14:51:18.408] [1] [WARNING] [BetterInfoCards] Skipping DrawText replay because the captured TextStyleSetting is missing.
[14:51:18.423] [1] [WARNING] [BetterInfoCards] Skipping DrawText replay because the captured TextStyleSetting is missing.
[14:51:18.440] [1] [WARNING] [BetterInfoCards] Skipping DrawText replay because the captured TextStyleSetting is missing.
[14:51:18.457] [1] [WARNING] [BetterInfoCards] Skipping DrawText replay because the captured TextStyleSetting is missing.
[14:51:18.476] [1] [WARNING] [BetterInfoCards] Skipping DrawText replay because the captured TextStyleSetting is missing.
[14:51:18.491] [1] [WARNING] [BetterInfoCards] Skipping DrawText replay because the captured TextStyleSetting is missing.
[14:51:18.507] [1] [WARNING] [BetterInfoCards] Skipping DrawText replay because the captured TextStyleSetting is missing.
[14:51:18.524] [1] [WARNING] [BetterInfoCards] Skipping DrawText replay because the captured TextStyleSetting is missing.
[14:51:18.541] [1] [WARNING] [BetterInfoCards] Skipping DrawText replay because the captured TextStyleSetting is missing.
[14:51:18.558] [1] [WARNING] [BetterInfoCards] Skipping DrawText replay because the captured TextStyleSetting is missing.
[14:51:18.573] [1] [WARNING] [BetterInfoCards] Skipping DrawText replay because the captured TextStyleSetting is missing.
[14:51:18.590] [1] [WARNING] [BetterInfoCards] Skipping DrawText replay because the captured TextStyleSetting is missing.
[14:51:18.608] [1] [WARNING] [BetterInfoCards] Skipping DrawText replay because the captured TextStyleSetting is missing.
[14:51:18.624] [1] [WARNING] [BetterInfoCards] Skipping DrawText replay because the captured TextStyleSetting is missing.
[14:51:18.640] [1] [WARNING] [BetterInfoCards] Skipping DrawText replay because the captured TextStyleSetting is missing.
[14:51:18.657] [1] [WARNING] [BetterInfoCards] Skipping DrawText replay because the captured TextStyleSetting is missing.
[14:51:18.674] [1] [WARNING] [BetterInfoCards] Skipping DrawText replay because the captured TextStyleSetting is missing.
[14:51:18.691] [1] [WARNING] [BetterInfoCards] Skipping DrawText replay because the captured TextStyleSetting is missing.
[14:51:18.707] [1] [WARNING] [BetterInfoCards] Skipping DrawText replay because the captured TextStyleSetting is missing.
[14:51:18.724] [1] [WARNING] [BetterInfoCards] Skipping DrawText replay because the captured TextStyleSetting is missing.
[14:51:18.742] [1] [WARNING] [BetterInfoCards] Skipping DrawText replay because the captured TextStyleSetting is missing.
[14:51:18.757] [1] [WARNING] [BetterInfoCards] Skipping DrawText replay because the captured TextStyleSetting is missing.
[14:51:18.775] [1] [WARNING] [BetterInfoCards] Skipping DrawText replay because the captured TextStyleSetting is missing.
[14:51:18.791] [1] [WARNING] [BetterInfoCards] Skipping DrawText replay because the captured TextStyleSetting is missing.
[14:51:18.808] [1] [WARNING] [BetterInfoCards] Skipping DrawText replay because the captured TextStyleSetting is missing.
[14:51:18.824] [1] [WARNING] [BetterInfoCards] Skipping DrawText replay because the captured TextStyleSetting is missing.
[14:51:18.841] [1] [WARNING] [BetterInfoCards] Skipping DrawText replay because the captured TextStyleSetting is missing.
[14:51:18.857] [1] [WARNING] [BetterInfoCards] Skipping DrawText replay because the captured TextStyleSetting is missing.
[14:51:18.873] [1] [WARNING] [BetterInfoCards] Skipping DrawText replay because the captured TextStyleSetting is missing.
[14:51:18.890] [1] [WARNING] [BetterInfoCards] Skipping DrawText replay because the captured TextStyleSetting is missing.
[14:51:18.908] [1] [WARNING] [BetterInfoCards] Skipping DrawText replay because the captured TextStyleSetting is missing.
[14:51:18.924] [1] [WARNING] [BetterInfoCards] Skipping DrawText replay because the captured TextStyleSetting is missing.
[14:51:18.941] [1] [WARNING] [BetterInfoCards] Skipping DrawText replay because the captured TextStyleSetting is missing.
[14:51:18.958] [1] [WARNING] [BetterInfoCards] Skipping DrawText replay because the captured TextStyleSetting is missing.
[14:51:18.974] [1] [WARNING] [BetterInfoCards] Skipping DrawText replay because the captured TextStyleSetting is missing.
[14:51:18.991] [1] [WARNING] [BetterInfoCards] Skipping DrawText replay because the captured TextStyleSetting is missing.
[14:51:19.007] [1] [WARNING] [BetterInfoCards] Skipping DrawText replay because the captured TextStyleSetting is missing.
[14:51:19.024] [1] [WARNING] [BetterInfoCards] Skipping DrawText replay because the captured TextStyleSetting is missing.
[14:51:19.042] [1] [WARNING] [BetterInfoCards] Skipping DrawText replay because the captured TextStyleSetting is missing.
[14:51:19.058] [1] [WARNING] [BetterInfoCards] Skipping DrawText replay because the captured TextStyleSetting is missing.
[14:51:19.073] [1] [WARNING] [BetterInfoCards] Skipping DrawText replay because the captured TextStyleSetting is missing.
[14:51:19.091] [1] [WARNING] [BetterInfoCards] Skipping DrawText replay because the captured TextStyleSetting is missing.
[14:51:19.107] [1] [WARNING] [BetterInfoCards] Skipping DrawText replay because the captured TextStyleSetting is missing.
[14:51:19.124] [1] [WARNING] [BetterInfoCards] Skipping DrawText replay because the captured TextStyleSetting is missing.
[14:51:19.141] [1] [WARNING] [BetterInfoCards] Skipping DrawText replay because the captured TextStyleSetting is missing.
[14:51:19.157] [1] [WARNING] [BetterInfoCards] Skipping DrawText replay because the captured TextStyleSetting is missing.
[14:51:19.174] [1] [WARNING] [BetterInfoCards] Skipping DrawText replay because the captured TextStyleSetting is missing.
[14:51:19.191] [1] [WARNING] [BetterInfoCards] Skipping DrawText replay because the captured TextStyleSetting is missing.
[14:51:19.207] [1] [WARNING] [BetterInfoCards] Skipping DrawText replay because the captured TextStyleSetting is missing.
[14:51:19.224] [1] [WARNING] [BetterInfoCards] Skipping DrawText replay because the captured TextStyleSetting is missing.
[14:51:19.241] [1] [WARNING] [BetterInfoCards] Skipping DrawText replay because the captured TextStyleSetting is missing.
[14:51:19.257] [1] [WARNING] [BetterInfoCards] Skipping DrawText replay because the captured TextStyleSetting is missing.
[14:51:19.274] [1] [WARNING] [BetterInfoCards] Skipping DrawText replay because the captured TextStyleSetting is missing.
[14:51:19.289] [1] [WARNING] [BetterInfoCards] Skipping DrawText replay because the captured TextStyleSetting is missing.
[14:51:19.306] [1] [WARNING] [BetterInfoCards] Skipping DrawText replay because the captured TextStyleSetting is missing.
[14:51:19.323] [1] [WARNING] [BetterInfoCards] Skipping DrawText replay because the captured TextStyleSetting is missing.
[14:51:19.341] [1] [WARNING] [BetterInfoCards] Skipping DrawText replay because the captured TextStyleSetting is missing.
[14:51:19.358] [1] [WARNING] [BetterInfoCards] Skipping DrawText replay because the captured TextStyleSetting is missing.
[14:51:19.373] [1] [WARNING] [BetterInfoCards] Skipping DrawText replay because the captured TextStyleSetting is missing.
[14:51:19.390] [1] [WARNING] [BetterInfoCards] Skipping DrawText replay because the captured TextStyleSetting is missing.
[14:51:19.408] [1] [WARNING] [BetterInfoCards] Skipping DrawText replay because the captured TextStyleSetting is missing.
[14:51:19.424] [1] [WARNING] [BetterInfoCards] Skipping DrawText replay because the captured TextStyleSetting is missing.
[14:51:19.439] [1] [WARNING] [BetterInfoCards] Skipping DrawText replay because the captured TextStyleSetting is missing.
[14:51:19.456] [1] [WARNING] [BetterInfoCards] Skipping DrawText replay because the captured TextStyleSetting is missing.
[14:51:19.474] [1] [WARNING] [BetterInfoCards] Skipping DrawText replay because the captured TextStyleSetting is missing.
[14:51:19.491] [1] [WARNING] [BetterInfoCards] Skipping DrawText replay because the captured TextStyleSetting is missing.
[14:51:19.507] [1] [WARNING] [BetterInfoCards] Skipping DrawText replay because the captured TextStyleSetting is missing.
[14:51:19.523] [1] [WARNING] [BetterInfoCards] Skipping DrawText replay because the captured TextStyleSetting is missing.
[14:51:19.540] [1] [WARNING] [BetterInfoCards] Skipping DrawText replay because the captured TextStyleSetting is missing.
[14:51:19.557] [1] [WARNING] [BetterInfoCards] Skipping DrawText replay because the captured TextStyleSetting is missing.
[14:51:19.574] [1] [WARNING] [BetterInfoCards] Skipping DrawText replay because the captured TextStyleSetting is missing.
[14:51:19.590] [1] [WARNING] [BetterInfoCards] Skipping DrawText replay because the captured TextStyleSetting is missing.
[14:51:19.608] [1] [WARNING] [BetterInfoCards] Skipping DrawText replay because the captured TextStyleSetting is missing.
[14:51:19.624] [1] [WARNING] [BetterInfoCards] Skipping DrawText replay because the captured TextStyleSetting is missing.
[14:51:19.641] [1] [WARNING] [BetterInfoCards] Skipping DrawText replay because the captured TextStyleSetting is missing.
[14:51:19.657] [1] [WARNING] [BetterInfoCards] Skipping DrawText replay because the captured TextStyleSetting is missing.
[14:51:19.675] [1] [WARNING] [BetterInfoCards] Skipping DrawText replay because the captured TextStyleSetting is missing.
[14:51:19.691] [1] [WARNING] [BetterInfoCards] Skipping DrawText replay because the captured TextStyleSetting is missing.
[14:51:19.707] [1] [WARNING] [BetterInfoCards] Skipping DrawText replay because the captured TextStyleSetting is missing.
[14:51:19.724] [1] [WARNING] [BetterInfoCards] Skipping DrawText replay because the captured TextStyleSetting is missing.
[14:51:19.741] [1] [WARNING] [BetterInfoCards] Skipping DrawText replay because the captured TextStyleSetting is missing.
[14:51:19.756] [1] [WARNING] [BetterInfoCards] Skipping DrawText replay because the captured TextStyleSetting is missing.
[14:51:19.774] [1] [WARNING] [BetterInfoCards] Skipping DrawText replay because the captured TextStyleSetting is missing.
[14:51:19.791] [1] [WARNING] [BetterInfoCards] Skipping DrawText replay because the captured TextStyleSetting is missing.
[14:51:19.806] [1] [WARNING] [BetterInfoCards] Skipping DrawText replay because the captured TextStyleSetting is missing.
[14:51:19.824] [1] [WARNING] [BetterInfoCards] Skipping DrawText replay because the captured TextStyleSetting is missing.
[14:51:19.840] [1] [WARNING] [BetterInfoCards] Skipping DrawText replay because the captured TextStyleSetting is missing.
[14:51:19.859] [1] [WARNING] [BetterInfoCards] Skipping DrawText replay because the captured TextStyleSetting is missing.
[14:51:19.875] [1] [WARNING] [BetterInfoCards] Skipping DrawText replay because the captured TextStyleSetting is missing.
[14:51:19.890] [1] [WARNING] [BetterInfoCards] Skipping DrawText replay because the captured TextStyleSetting is missing.
[14:51:19.906] [1] [WARNING] [BetterInfoCards] Skipping DrawText replay because the captured TextStyleSetting is missing.
[14:51:19.924] [1] [WARNING] [BetterInfoCards] Skipping DrawText replay because the captured TextStyleSetting is missing.
[14:51:19.940] [1] [WARNING] [BetterInfoCards] Skipping DrawText replay because the captured TextStyleSetting is missing.
[14:51:19.963] [1] [INFO] HERE:DragAreaMoreVisible:exception@OnActiveTool:Object reference not set to an instance of an object
[14:51:19.977] [1] [WARNING] [BetterInfoCards] Skipping DrawText replay because the captured TextStyleSetting is missing.
[14:51:19.990] [1] [WARNING] [BetterInfoCards] Skipping DrawText replay because the captured TextStyleSetting is missing.
[14:51:20.007] [1] [WARNING] [BetterInfoCards] Skipping DrawText replay because the captured TextStyleSetting is missing.
[14:51:20.024] [1] [WARNING] [BetterInfoCards] Skipping DrawText replay because the captured TextStyleSetting is missing.
[14:51:20.041] [1] [WARNING] [BetterInfoCards] Skipping DrawText replay because the captured TextStyleSetting is missing.
[14:51:20.058] [1] [WARNING] [BetterInfoCards] Skipping DrawText replay because the captured TextStyleSetting is missing.
[14:51:20.076] [1] [WARNING] [BetterInfoCards] Skipping DrawText replay because the captured TextStyleSetting is missing.
[14:51:20.091] [1] [WARNING] [BetterInfoCards] Skipping DrawText replay because the captured TextStyleSetting is missing.
[14:51:20.108] [1] [WARNING] [BetterInfoCards] Skipping DrawText replay because the captured TextStyleSetting is missing.
[14:51:20.123] [1] [WARNING] [BetterInfoCards] Skipping DrawText replay because the captured TextStyleSetting is missing.
[14:51:20.142] [1] [WARNING] [BetterInfoCards] Skipping DrawText replay because the captured TextStyleSetting is missing.
[14:51:20.157] [1] [WARNING] [BetterInfoCards] Skipping DrawText replay because the captured TextStyleSetting is missing.
[14:51:20.175] [1] [WARNING] [BetterInfoCards] Skipping DrawText replay because the captured TextStyleSetting is missing.
[14:51:20.191] [1] [WARNING] [BetterInfoCards] Skipping DrawText replay because the captured TextStyleSetting is missing.
[14:51:20.207] [1] [WARNING] [BetterInfoCards] Skipping DrawText replay because the captured TextStyleSetting is missing.
[14:51:20.224] [1] [WARNING] [BetterInfoCards] Skipping DrawText replay because the captured TextStyleSetting is missing.
[14:51:20.241] [1] [WARNING] [BetterInfoCards] Skipping DrawText replay because the captured TextStyleSetting is missing.
[14:51:20.258] [1] [WARNING] [BetterInfoCards] Skipping DrawText replay because the captured TextStyleSetting is missing.
[14:51:20.273] [1] [WARNING] [BetterInfoCards] Skipping DrawText replay because the captured TextStyleSetting is missing.
[14:51:20.290] [1] [WARNING] [BetterInfoCards] Skipping DrawText replay because the captured TextStyleSetting is missing.
[14:51:20.306] [1] [WARNING] [BetterInfoCards] Skipping DrawText replay because the captured TextStyleSetting is missing.
[14:51:20.323] [1] [WARNING] [BetterInfoCards] Skipping DrawText replay because the captured TextStyleSetting is missing.
[14:51:20.341] [1] [WARNING] [BetterInfoCards] Skipping DrawText replay because the captured TextStyleSetting is missing.
[14:51:20.357] [1] [WARNING] [BetterInfoCards] Skipping DrawText replay because the captured TextStyleSetting is missing.
[14:51:20.374] [1] [WARNING] [BetterInfoCards] Skipping DrawText replay because the captured TextStyleSetting is missing.
[14:51:20.391] [1] [WARNING] [BetterInfoCards] Skipping DrawText replay because the captured TextStyleSetting is missing.
[14:51:20.408] [1] [WARNING] [BetterInfoCards] Skipping DrawText replay because the captured TextStyleSetting is missing.
[14:51:20.423] [1] [WARNING] [BetterInfoCards] Skipping DrawText replay because the captured TextStyleSetting is missing.
[14:51:20.440] [1] [WARNING] [BetterInfoCards] Skipping DrawText replay because the captured TextStyleSetting is missing.
[14:51:20.457] [1] [WARNING] [BetterInfoCards] Skipping DrawText replay because the captured TextStyleSetting is missing.
[14:51:20.474] [1] [WARNING] [BetterInfoCards] Skipping DrawText replay because the captured TextStyleSetting is missing.
[14:51:20.489] [1] [WARNING] [BetterInfoCards] Skipping DrawText replay because the captured TextStyleSetting is missing.
[14:51:20.507] [1] [WARNING] [BetterInfoCards] Skipping DrawText replay because the captured TextStyleSetting is missing.
[14:51:20.523] [1] [WARNING] [BetterInfoCards] Skipping DrawText replay because the captured TextStyleSetting is missing.
[14:51:20.540] [1] [WARNING] [BetterInfoCards] Skipping DrawText replay because the captured TextStyleSetting is missing.
[14:51:20.556] [1] [WARNING] [BetterInfoCards] Skipping DrawText replay because the captured TextStyleSetting is missing.
[14:51:20.573] [1] [WARNING] [BetterInfoCards] Skipping DrawText replay because the captured TextStyleSetting is missing.
[14:51:20.589] [1] [WARNING] [BetterInfoCards] Skipping DrawText replay because the captured TextStyleSetting is missing.
[14:51:20.606] [1] [WARNING] [BetterInfoCards] Skipping DrawText replay because the captured TextStyleSetting is missing.
[14:51:20.624] [1] [WARNING] [BetterInfoCards] Skipping DrawText replay because the captured TextStyleSetting is missing.
[14:51:20.640] [1] [WARNING] [BetterInfoCards] Skipping DrawText replay because the captured TextStyleSetting is missing.
[14:51:20.657] [1] [WARNING] [BetterInfoCards] Skipping DrawText replay because the captured TextStyleSetting is missing.
[14:51:20.673] [1] [WARNING] [BetterInfoCards] Skipping DrawText replay because the captured TextStyleSetting is missing.
[14:51:20.691] [1] [WARNING] [BetterInfoCards] Skipping DrawText replay because the captured TextStyleSetting is missing.
[14:51:20.706] [1] [WARNING] [BetterInfoCards] Skipping DrawText replay because the captured TextStyleSetting is missing.
[14:51:20.723] [1] [WARNING] [BetterInfoCards] Skipping DrawText replay because the captured TextStyleSetting is missing.
[14:51:20.740] [1] [WARNING] [BetterInfoCards] Skipping DrawText replay because the captured TextStyleSetting is missing.
[14:51:20.758] [1] [WARNING] [BetterInfoCards] Skipping DrawText replay because the captured TextStyleSetting is missing.
[14:51:20.774] [1] [WARNING] [BetterInfoCards] Skipping DrawText replay because the captured TextStyleSetting is missing.
[14:51:20.790] [1] [WARNING] [BetterInfoCards] Skipping DrawText replay because the captured TextStyleSetting is missing.
[14:51:20.807] [1] [WARNING] [BetterInfoCards] Skipping DrawText replay because the captured TextStyleSetting is missing.
[14:51:20.824] [1] [WARNING] [BetterInfoCards] Skipping DrawText replay because the captured TextStyleSetting is missing.
[14:51:20.841] [1] [WARNING] [BetterInfoCards] Skipping DrawText replay because the captured TextStyleSetting is missing.
[14:51:20.857] [1] [WARNING] [BetterInfoCards] Skipping DrawText replay because the captured TextStyleSetting is missing.
[14:51:20.873] [1] [WARNING] [BetterInfoCards] Skipping DrawText replay because the captured TextStyleSetting is missing.
[14:51:20.890] [1] [WARNING] [BetterInfoCards] Skipping DrawText replay because the captured TextStyleSetting is missing.
[14:51:20.908] [1] [WARNING] [BetterInfoCards] Skipping DrawText replay because the captured TextStyleSetting is missing.
[14:51:20.924] [1] [WARNING] [BetterInfoCards] Skipping DrawText replay because the captured TextStyleSetting is missing.
[14:51:20.941] [1] [WARNING] [BetterInfoCards] Skipping DrawText replay because the captured TextStyleSetting is missing.
[14:51:20.956] [1] [WARNING] [BetterInfoCards] Skipping DrawText replay because the captured TextStyleSetting is missing.
[14:51:20.973] [1] [WARNING] [BetterInfoCards] Skipping DrawText replay because the captured TextStyleSetting is missing.
[14:51:20.990] [1] [WARNING] [BetterInfoCards] Skipping DrawText replay because the captured TextStyleSetting is missing.
[14:51:21.007] [1] [WARNING] [BetterInfoCards] Skipping DrawText replay because the captured TextStyleSetting is missing.
[14:51:21.024] [1] [WARNING] [BetterInfoCards] Skipping DrawText replay because the captured TextStyleSetting is missing.
[14:51:21.040] [1] [WARNING] [BetterInfoCards] Skipping DrawText replay because the captured TextStyleSetting is missing.
[14:51:21.057] [1] [WARNING] [BetterInfoCards] Skipping DrawText replay because the captured TextStyleSetting is missing.
[14:51:21.073] [1] [WARNING] [BetterInfoCards] Skipping DrawText replay because the captured TextStyleSetting is missing.
[14:51:21.090] [1] [WARNING] [BetterInfoCards] Skipping DrawText replay because the captured TextStyleSetting is missing.
[14:51:21.107] [1] [WARNING] [BetterInfoCards] Skipping DrawText replay because the captured TextStyleSetting is missing.
[14:51:21.124] [1] [WARNING] [BetterInfoCards] Skipping DrawText replay because the captured TextStyleSetting is missing.
[14:51:21.141] [1] [WARNING] [BetterInfoCards] Skipping DrawText replay because the captured TextStyleSetting is missing.
[14:51:21.157] [1] [WARNING] [BetterInfoCards] Skipping DrawText replay because the captured TextStyleSetting is missing.
[14:51:21.174] [1] [WARNING] [BetterInfoCards] Skipping DrawText replay because the captured TextStyleSetting is missing.
[14:51:21.191] [1] [WARNING] [BetterInfoCards] Skipping DrawText replay because the captured TextStyleSetting is missing.
[14:51:21.207] [1] [WARNING] [BetterInfoCards] Skipping DrawText replay because the captured TextStyleSetting is missing.
[14:51:21.224] [1] [WARNING] [BetterInfoCards] Skipping DrawText replay because the captured TextStyleSetting is missing.
[14:51:21.241] [1] [WARNING] [BetterInfoCards] Skipping DrawText replay because the captured TextStyleSetting is missing.
[14:51:21.257] [1] [WARNING] [BetterInfoCards] Skipping DrawText replay because the captured TextStyleSetting is missing.
[14:51:21.274] [1] [WARNING] [BetterInfoCards] Skipping DrawText replay because the captured TextStyleSetting is missing.
[14:51:21.290] [1] [WARNING] [BetterInfoCards] Skipping DrawText replay because the captured TextStyleSetting is missing.
[14:51:21.307] [1] [WARNING] [BetterInfoCards] Skipping DrawText replay because the captured TextStyleSetting is missing.
[14:51:21.323] [1] [WARNING] [BetterInfoCards] Skipping DrawText replay because the captured TextStyleSetting is missing.
[14:51:21.340] [1] [WARNING] [BetterInfoCards] Skipping DrawText replay because the captured TextStyleSetting is missing.
[14:51:21.356] [1] [WARNING] [BetterInfoCards] Skipping DrawText replay because the captured TextStyleSetting is missing.
[14:51:21.374] [1] [WARNING] [BetterInfoCards] Skipping DrawText replay because the captured TextStyleSetting is missing.
[14:51:21.391] [1] [WARNING] [BetterInfoCards] Skipping DrawText replay because the captured TextStyleSetting is missing.
[14:51:21.408] [1] [WARNING] [BetterInfoCards] Skipping DrawText replay because the captured TextStyleSetting is missing.
[14:51:21.430] [1] [WARNING] [BetterInfoCards] Skipping DrawText replay because the captured TextStyleSetting is missing.
[14:51:21.442] [1] [WARNING] [BetterInfoCards] Skipping DrawText replay because the captured TextStyleSetting is missing.
[14:51:21.456] [1] [WARNING] [BetterInfoCards] Skipping DrawText replay because the captured TextStyleSetting is missing.
[14:51:21.473] [1] [WARNING] [BetterInfoCards] Skipping DrawText replay because the captured TextStyleSetting is missing.
[14:51:21.490] [1] [WARNING] [BetterInfoCards] Skipping DrawText replay because the captured TextStyleSetting is missing.
[14:51:21.506] [1] [WARNING] [BetterInfoCards] Skipping DrawText replay because the captured TextStyleSetting is missing.
[14:51:21.523] [1] [WARNING] [BetterInfoCards] Skipping DrawText replay because the captured TextStyleSetting is missing.
[14:51:21.540] [1] [WARNING] [BetterInfoCards] Skipping DrawText replay because the captured TextStyleSetting is missing.
[14:51:21.557] [1] [WARNING] [BetterInfoCards] Skipping DrawText replay because the captured TextStyleSetting is missing.
[14:51:21.577] [1] [WARNING] [BetterInfoCards] Skipping DrawText replay because the captured TextStyleSetting is missing.
[14:51:21.589] [1] [WARNING] [BetterInfoCards] Skipping DrawText replay because the captured TextStyleSetting is missing.
[14:51:21.606] [1] [WARNING] [BetterInfoCards] Skipping DrawText replay because the captured TextStyleSetting is missing.
[14:51:21.623] [1] [WARNING] [BetterInfoCards] Skipping DrawText replay because the captured TextStyleSetting is missing.
[14:51:21.640] [1] [WARNING] [BetterInfoCards] Skipping DrawText replay because the captured TextStyleSetting is missing.
[14:51:21.656] [1] [WARNING] [BetterInfoCards] Skipping DrawText replay because the captured TextStyleSetting is missing.
[14:51:21.674] [1] [WARNING] [BetterInfoCards] Skipping DrawText replay because the captured TextStyleSetting is missing.
[14:51:21.690] [1] [WARNING] [BetterInfoCards] Skipping DrawText replay because the captured TextStyleSetting is missing.
[14:51:21.707] [1] [WARNING] [BetterInfoCards] Skipping DrawText replay because the captured TextStyleSetting is missing.
[14:51:21.725] [1] [WARNING] [BetterInfoCards] Skipping DrawText replay because the captured TextStyleSetting is missing.
[14:51:21.739] [1] [WARNING] [BetterInfoCards] Skipping DrawText replay because the captured TextStyleSetting is missing.
[14:51:21.755] [1] [WARNING] [BetterInfoCards] Skipping DrawText replay because the captured TextStyleSetting is missing.
[14:51:21.773] [1] [WARNING] [BetterInfoCards] Skipping DrawText replay because the captured TextStyleSetting is missing.
[14:51:21.790] [1] [WARNING] [BetterInfoCards] Skipping DrawText replay because the captured TextStyleSetting is missing.
[14:51:21.807] [1] [WARNING] [BetterInfoCards] Skipping DrawText replay because the captured TextStyleSetting is missing.
[14:51:21.822] [1] [WARNING] [BetterInfoCards] Skipping DrawText replay because the captured TextStyleSetting is missing.
[14:51:21.840] [1] [WARNING] [BetterInfoCards] Skipping DrawText replay because the captured TextStyleSetting is missing.
[14:51:21.857] [1] [WARNING] [BetterInfoCards] Skipping DrawText replay because the captured TextStyleSetting is missing.
[14:51:21.873] [1] [WARNING] [BetterInfoCards] Skipping DrawText replay because the captured TextStyleSetting is missing.
[14:51:21.890] [1] [WARNING] [BetterInfoCards] Skipping DrawText replay because the captured TextStyleSetting is missing.
[14:51:21.907] [1] [WARNING] [BetterInfoCards] Skipping DrawText replay because the captured TextStyleSetting is missing.
[14:51:21.923] [1] [WARNING] [BetterInfoCards] Skipping DrawText replay because the captured TextStyleSetting is missing.
[14:51:21.940] [1] [WARNING] [BetterInfoCards] Skipping DrawText replay because the captured TextStyleSetting is missing.
[14:51:21.957] [1] [WARNING] [BetterInfoCards] Skipping DrawText replay because the captured TextStyleSetting is missing.
[14:51:21.973] [1] [WARNING] [BetterInfoCards] Skipping DrawText replay because the captured TextStyleSetting is missing.
[14:51:21.990] [1] [WARNING] [BetterInfoCards] Skipping DrawText replay because the captured TextStyleSetting is missing.
[14:51:22.007] [1] [WARNING] [BetterInfoCards] Skipping DrawText replay because the captured TextStyleSetting is missing.
[14:51:22.023] [1] [WARNING] [BetterInfoCards] Skipping DrawText replay because the captured TextStyleSetting is missing.
[14:51:22.039] [1] [WARNING] [BetterInfoCards] Skipping DrawText replay because the captured TextStyleSetting is missing.
[14:51:22.057] [1] [WARNING] [BetterInfoCards] Skipping DrawText replay because the captured TextStyleSetting is missing.
[14:51:22.073] [1] [WARNING] [BetterInfoCards] Skipping DrawText replay because the captured TextStyleSetting is missing.
[14:51:22.090] [1] [WARNING] [BetterInfoCards] Skipping DrawText replay because the captured TextStyleSetting is missing.
[14:51:22.107] [1] [WARNING] [BetterInfoCards] Skipping DrawText replay because the captured TextStyleSetting is missing.
[14:51:22.122] [1] [WARNING] [BetterInfoCards] Skipping DrawText replay because the captured TextStyleSetting is missing.
[14:51:22.139] [1] [WARNING] [BetterInfoCards] Skipping DrawText replay because the captured TextStyleSetting is missing.
[14:51:22.157] [1] [WARNING] [BetterInfoCards] Skipping DrawText replay because the captured TextStyleSetting is missing.
[14:51:22.173] [1] [WARNING] [BetterInfoCards] Skipping DrawText replay because the captured TextStyleSetting is missing.
[14:51:22.189] [1] [WARNING] [BetterInfoCards] Skipping DrawText replay because the captured TextStyleSetting is missing.
[14:51:22.206] [1] [WARNING] [BetterInfoCards] Skipping DrawText replay because the captured TextStyleSetting is missing.
[14:51:22.224] [1] [WARNING] [BetterInfoCards] Skipping DrawText replay because the captured TextStyleSetting is missing.
[14:51:22.240] [1] [WARNING] [BetterInfoCards] Skipping DrawText replay because the captured TextStyleSetting is missing.
[14:51:22.256] [1] [WARNING] [BetterInfoCards] Skipping DrawText replay because the captured TextStyleSetting is missing.
[14:51:22.274] [1] [WARNING] [BetterInfoCards] Skipping DrawText replay because the captured TextStyleSetting is missing.
[14:51:22.289] [1] [WARNING] [BetterInfoCards] Skipping DrawText replay because the captured TextStyleSetting is missing.
[14:51:22.307] [1] [WARNING] [BetterInfoCards] Skipping DrawText replay because the captured TextStyleSetting is missing.
[14:51:22.324] [1] [WARNING] [BetterInfoCards] Skipping DrawText replay because the captured TextStyleSetting is missing.
[14:51:22.341] [1] [WARNING] [BetterInfoCards] Skipping DrawText replay because the captured TextStyleSetting is missing.
[14:51:22.357] [1] [WARNING] [BetterInfoCards] Skipping DrawText replay because the captured TextStyleSetting is missing.
[14:51:22.374] [1] [WARNING] [BetterInfoCards] Skipping DrawText replay because the captured TextStyleSetting is missing.
[14:51:22.391] [1] [WARNING] [BetterInfoCards] Skipping DrawText replay because the captured TextStyleSetting is missing.
[14:51:22.407] [1] [WARNING] [BetterInfoCards] Skipping DrawText replay because the captured TextStyleSetting is missing.
[14:51:22.425] [1] [WARNING] [BetterInfoCards] Skipping DrawText replay because the captured TextStyleSetting is missing.
[14:51:22.440] [1] [WARNING] [BetterInfoCards] Skipping DrawText replay because the captured TextStyleSetting is missing.
[14:51:22.457] [1] [WARNING] [BetterInfoCards] Skipping DrawText replay because the captured TextStyleSetting is missing.
[14:51:22.473] [1] [WARNING] [BetterInfoCards] Skipping DrawText replay because the captured TextStyleSetting is missing.
[14:51:22.490] [1] [WARNING] [BetterInfoCards] Skipping DrawText replay because the captured TextStyleSetting is missing.
[14:51:22.507] [1] [WARNING] [BetterInfoCards] Skipping DrawText replay because the captured TextStyleSetting is missing.
[14:51:22.524] [1] [WARNING] [BetterInfoCards] Skipping DrawText replay because the captured TextStyleSetting is missing.
[14:51:22.540] [1] [WARNING] [BetterInfoCards] Skipping DrawText replay because the captured TextStyleSetting is missing.
[14:51:22.557] [1] [WARNING] [BetterInfoCards] Skipping DrawText replay because the captured TextStyleSetting is missing.
[14:51:22.573] [1] [WARNING] [BetterInfoCards] Skipping DrawText replay because the captured TextStyleSetting is missing.
[14:51:22.590] [1] [WARNING] [BetterInfoCards] Skipping DrawText replay because the captured TextStyleSetting is missing.
[14:51:22.606] [1] [WARNING] [BetterInfoCards] Skipping DrawText replay because the captured TextStyleSetting is missing.
[14:51:22.623] [1] [WARNING] [BetterInfoCards] Skipping DrawText replay because the captured TextStyleSetting is missing.
[14:51:22.639] [1] [WARNING] [BetterInfoCards] Skipping DrawText replay because the captured TextStyleSetting is missing.
[14:51:22.656] [1] [WARNING] [BetterInfoCards] Skipping DrawText replay because the captured TextStyleSetting is missing.
[14:51:22.673] [1] [WARNING] [BetterInfoCards] Skipping DrawText replay because the captured TextStyleSetting is missing.
[14:51:22.690] [1] [WARNING] [BetterInfoCards] Skipping DrawText replay because the captured TextStyleSetting is missing.
[14:51:22.706] [1] [WARNING] [BetterInfoCards] Skipping DrawText replay because the captured TextStyleSetting is missing.
[14:51:22.724] [1] [WARNING] [BetterInfoCards] Skipping DrawText replay because the captured TextStyleSetting is missing.
[14:51:22.740] [1] [WARNING] [BetterInfoCards] Skipping DrawText replay because the captured TextStyleSetting is missing.
[14:51:22.756] [1] [WARNING] [BetterInfoCards] Skipping DrawText replay because the captured TextStyleSetting is missing.
[14:51:22.773] [1] [WARNING] [BetterInfoCards] Skipping DrawText replay because the captured TextStyleSetting is missing.
[14:51:22.789] [1] [WARNING] [BetterInfoCards] Skipping DrawText replay because the captured TextStyleSetting is missing.
[14:51:22.806] [1] [WARNING] [BetterInfoCards] Skipping DrawText replay because the captured TextStyleSetting is missing.
[14:51:22.824] [1] [WARNING] [BetterInfoCards] Skipping DrawText replay because the captured TextStyleSetting is missing.
[14:51:22.840] [1] [WARNING] [BetterInfoCards] Skipping DrawText replay because the captured TextStyleSetting is missing.
[14:51:22.856] [1] [WARNING] [BetterInfoCards] Skipping DrawText replay because the captured TextStyleSetting is missing.
[14:51:22.873] [1] [WARNING] [BetterInfoCards] Skipping DrawText replay because the captured TextStyleSetting is missing.
[14:51:22.890] [1] [WARNING] [BetterInfoCards] Skipping DrawText replay because the captured TextStyleSetting is missing.
[14:51:22.906] [1] [WARNING] [BetterInfoCards] Skipping DrawText replay because the captured TextStyleSetting is missing.
[14:51:22.923] [1] [WARNING] [BetterInfoCards] Skipping DrawText replay because the captured TextStyleSetting is missing.
[14:51:22.939] [1] [WARNING] [BetterInfoCards] Skipping DrawText replay because the captured TextStyleSetting is missing.
[14:51:22.957] [1] [WARNING] [BetterInfoCards] Skipping DrawText replay because the captured TextStyleSetting is missing.
[14:51:22.974] [1] [WARNING] [BetterInfoCards] Skipping DrawText replay because the captured TextStyleSetting is missing.
[14:51:22.990] [1] [WARNING] [BetterInfoCards] Skipping DrawText replay because the captured TextStyleSetting is missing.
[14:51:23.006] [1] [WARNING] [BetterInfoCards] Skipping DrawText replay because the captured TextStyleSetting is missing.
[14:51:23.022] [1] [WARNING] [BetterInfoCards] Skipping DrawText replay because the captured TextStyleSetting is missing.
[14:51:23.040] [1] [WARNING] [BetterInfoCards] Skipping DrawText replay because the captured TextStyleSetting is missing.
[14:51:23.056] [1] [WARNING] [BetterInfoCards] Skipping DrawText replay because the captured TextStyleSetting is missing.
[14:51:23.073] [1] [WARNING] [BetterInfoCards] Skipping DrawText replay because the captured TextStyleSetting is missing.
[14:51:23.090] [1] [WARNING] [BetterInfoCards] Skipping DrawText replay because the captured TextStyleSetting is missing.
[14:51:23.107] [1] [WARNING] [BetterInfoCards] Skipping DrawText replay because the captured TextStyleSetting is missing.
[14:51:23.123] [1] [WARNING] [BetterInfoCards] Skipping DrawText replay because the captured TextStyleSetting is missing.
[14:51:23.140] [1] [WARNING] [BetterInfoCards] Skipping DrawText replay because the captured TextStyleSetting is missing.
[14:51:23.158] [1] [WARNING] [BetterInfoCards] Skipping DrawText replay because the captured TextStyleSetting is missing.
[14:51:23.173] [1] [WARNING] [BetterInfoCards] Skipping DrawText replay because the captured TextStyleSetting is missing.
[14:51:23.190] [1] [WARNING] [BetterInfoCards] Skipping DrawText replay because the captured TextStyleSetting is missing.
[14:51:23.207] [1] [WARNING] [BetterInfoCards] Skipping DrawText replay because the captured TextStyleSetting is missing.
[14:51:23.224] [1] [WARNING] [BetterInfoCards] Skipping DrawText replay because the captured TextStyleSetting is missing.
[14:51:23.240] [1] [WARNING] [BetterInfoCards] Skipping DrawText replay because the captured TextStyleSetting is missing.
[14:51:23.257] [1] [WARNING] [BetterInfoCards] Skipping DrawText replay because the captured TextStyleSetting is missing.
[14:51:23.273] [1] [WARNING] [BetterInfoCards] Skipping DrawText replay because the captured TextStyleSetting is missing.
[14:51:23.290] [1] [WARNING] [BetterInfoCards] Skipping DrawText replay because the captured TextStyleSetting is missing.
[14:51:23.307] [1] [WARNING] [BetterInfoCards] Skipping DrawText replay because the captured TextStyleSetting is missing.
[14:51:23.323] [1] [WARNING] [BetterInfoCards] Skipping DrawText replay because the captured TextStyleSetting is missing.
[14:51:23.339] [1] [WARNING] [BetterInfoCards] Skipping DrawText replay because the captured TextStyleSetting is missing.
[14:51:23.357] [1] [WARNING] [BetterInfoCards] Skipping DrawText replay because the captured TextStyleSetting is missing.
[14:51:23.373] [1] [WARNING] [BetterInfoCards] Skipping DrawText replay because the captured TextStyleSetting is missing.
[14:51:23.390] [1] [WARNING] [BetterInfoCards] Skipping DrawText replay because the captured TextStyleSetting is missing.
[14:51:23.406] [1] [WARNING] [BetterInfoCards] Skipping DrawText replay because the captured TextStyleSetting is missing.
[14:51:23.423] [1] [WARNING] [BetterInfoCards] Skipping DrawText replay because the captured TextStyleSetting is missing.
[14:51:23.440] [1] [WARNING] [BetterInfoCards] Skipping DrawText replay because the captured TextStyleSetting is missing.
[14:51:23.457] [1] [WARNING] [BetterInfoCards] Skipping DrawText replay because the captured TextStyleSetting is missing.
[14:51:23.473] [1] [WARNING] [BetterInfoCards] Skipping DrawText replay because the captured TextStyleSetting is missing.
[14:51:23.490] [1] [WARNING] [BetterInfoCards] Skipping DrawText replay because the captured TextStyleSetting is missing.
[14:51:23.507] [1] [WARNING] [BetterInfoCards] Skipping DrawText replay because the captured TextStyleSetting is missing.
[14:51:23.523] [1] [WARNING] [BetterInfoCards] Skipping DrawText replay because the captured TextStyleSetting is missing.
[14:51:23.539] [1] [WARNING] [BetterInfoCards] Skipping DrawText replay because the captured TextStyleSetting is missing.
[14:51:23.556] [1] [WARNING] [BetterInfoCards] Skipping DrawText replay because the captured TextStyleSetting is missing.
[14:51:23.573] [1] [WARNING] [BetterInfoCards] Skipping DrawText replay because the captured TextStyleSetting is missing.
[14:51:23.590] [1] [WARNING] [BetterInfoCards] Skipping DrawText replay because the captured TextStyleSetting is missing.
[14:51:23.607] [1] [WARNING] [BetterInfoCards] Skipping DrawText replay because the captured TextStyleSetting is missing.
[14:51:23.624] [1] [WARNING] [BetterInfoCards] Skipping DrawText replay because the captured TextStyleSetting is missing.
[14:51:23.640] [1] [WARNING] [BetterInfoCards] Skipping DrawText replay because the captured TextStyleSetting is missing.
[14:51:23.656] [1] [WARNING] [BetterInfoCards] Skipping DrawText replay because the captured TextStyleSetting is missing.
[14:51:23.673] [1] [WARNING] [BetterInfoCards] Skipping DrawText replay because the captured TextStyleSetting is missing.
[14:51:23.690] [1] [WARNING] [BetterInfoCards] Skipping DrawText replay because the captured TextStyleSetting is missing.
[14:51:23.706] [1] [WARNING] [BetterInfoCards] Skipping DrawText replay because the captured TextStyleSetting is missing.
[14:51:23.723] [1] [WARNING] [BetterInfoCards] Skipping DrawText replay because the captured TextStyleSetting is missing.
[14:51:23.740] [1] [WARNING] [BetterInfoCards] Skipping DrawText replay because the captured TextStyleSetting is missing.
[14:51:23.758] [1] [WARNING] [BetterInfoCards] Skipping DrawText replay because the captured TextStyleSetting is missing.
[14:51:23.774] [1] [WARNING] [BetterInfoCards] Skipping DrawText replay because the captured TextStyleSetting is missing.
[14:51:23.790] [1] [WARNING] [BetterInfoCards] Skipping DrawText replay because the captured TextStyleSetting is missing.
[14:51:23.807] [1] [WARNING] [BetterInfoCards] Skipping DrawText replay because the captured TextStyleSetting is missing.
[14:51:23.824] [1] [WARNING] [BetterInfoCards] Skipping DrawText replay because the captured TextStyleSetting is missing.
[14:51:23.840] [1] [WARNING] [BetterInfoCards] Skipping DrawText replay because the captured TextStyleSetting is missing.
[14:51:23.857] [1] [WARNING] [BetterInfoCards] Skipping DrawText replay because the captured TextStyleSetting is missing.
[14:51:23.874] [1] [WARNING] [BetterInfoCards] Skipping DrawText replay because the captured TextStyleSetting is missing.
[14:51:23.889] [1] [WARNING] [BetterInfoCards] Skipping DrawText replay because the captured TextStyleSetting is missing.
[14:51:23.906] [1] [WARNING] [BetterInfoCards] Skipping DrawText replay because the captured TextStyleSetting is missing.
[14:51:23.923] [1] [WARNING] [BetterInfoCards] Skipping DrawText replay because the captured TextStyleSetting is missing.
[14:51:23.940] [1] [WARNING] [BetterInfoCards] Skipping DrawText replay because the captured TextStyleSetting is missing.
[14:51:23.956] [1] [WARNING] [BetterInfoCards] Skipping DrawText replay because the captured TextStyleSetting is missing.
[14:51:23.972] [1] [WARNING] [BetterInfoCards] Skipping DrawText replay because the captured TextStyleSetting is missing.
[14:51:23.990] [1] [WARNING] [BetterInfoCards] Skipping DrawText replay because the captured TextStyleSetting is missing.
[14:51:24.006] [1] [WARNING] [BetterInfoCards] Skipping DrawText replay because the captured TextStyleSetting is missing.
[14:51:24.022] [1] [WARNING] [BetterInfoCards] Skipping DrawText replay because the captured TextStyleSetting is missing.
[14:51:24.039] [1] [WARNING] [BetterInfoCards] Skipping DrawText replay because the captured TextStyleSetting is missing.
[14:51:24.058] [1] [WARNING] [BetterInfoCards] Skipping DrawText replay because the captured TextStyleSetting is missing.
[14:51:24.073] [1] [WARNING] [BetterInfoCards] Skipping DrawText replay because the captured TextStyleSetting is missing.
[14:51:24.090] [1] [WARNING] [BetterInfoCards] Skipping DrawText replay because the captured TextStyleSetting is missing.
[14:51:24.106] [1] [WARNING] [BetterInfoCards] Skipping DrawText replay because the captured TextStyleSetting is missing.
[14:51:24.122] [1] [WARNING] [BetterInfoCards] Skipping DrawText replay because the captured TextStyleSetting is missing.
[14:51:24.140] [1] [WARNING] [BetterInfoCards] Skipping DrawText replay because the captured TextStyleSetting is missing.
[14:51:24.157] [1] [WARNING] [BetterInfoCards] Skipping DrawText replay because the captured TextStyleSetting is missing.
[14:51:24.173] [1] [WARNING] [BetterInfoCards] Skipping DrawText replay because the captured TextStyleSetting is missing.
[14:51:24.190] [1] [WARNING] [BetterInfoCards] Skipping DrawText replay because the captured TextStyleSetting is missing.
[14:51:24.206] [1] [WARNING] [BetterInfoCards] Skipping DrawText replay because the captured TextStyleSetting is missing.
[14:51:24.222] [1] [WARNING] [BetterInfoCards] Skipping DrawText replay because the captured TextStyleSetting is missing.
[14:51:24.240] [1] [WARNING] [BetterInfoCards] Skipping DrawText replay because the captured TextStyleSetting is missing.
[14:51:24.256] [1] [WARNING] [BetterInfoCards] Skipping DrawText replay because the captured TextStyleSetting is missing.
[14:51:24.272] [1] [WARNING] [BetterInfoCards] Skipping DrawText replay because the captured TextStyleSetting is missing.
[14:51:24.290] [1] [WARNING] [BetterInfoCards] Skipping DrawText replay because the captured TextStyleSetting is missing.
[14:51:24.307] [1] [WARNING] [BetterInfoCards] Skipping DrawText replay because the captured TextStyleSetting is missing.
[14:51:24.323] [1] [WARNING] [BetterInfoCards] Skipping DrawText replay because the captured TextStyleSetting is missing.
[14:51:24.340] [1] [WARNING] [BetterInfoCards] Skipping DrawText replay because the captured TextStyleSetting is missing.
[14:51:24.356] [1] [WARNING] [BetterInfoCards] Skipping DrawText replay because the captured TextStyleSetting is missing.
[14:51:24.373] [1] [WARNING] [BetterInfoCards] Skipping DrawText replay because the captured TextStyleSetting is missing.
[14:51:24.390] [1] [WARNING] [BetterInfoCards] Skipping DrawText replay because the captured TextStyleSetting is missing.
[14:51:24.406] [1] [WARNING] [BetterInfoCards] Skipping DrawText replay because the captured TextStyleSetting is missing.
[14:51:24.423] [1] [WARNING] [BetterInfoCards] Skipping DrawText replay because the captured TextStyleSetting is missing.
[14:51:24.440] [1] [WARNING] [BetterInfoCards] Skipping DrawText replay because the captured TextStyleSetting is missing.
[14:51:24.456] [1] [WARNING] [BetterInfoCards] Skipping DrawText replay because the captured TextStyleSetting is missing.
[14:51:24.472] [1] [WARNING] [BetterInfoCards] Skipping DrawText replay because the captured TextStyleSetting is missing.
[14:51:24.489] [1] [WARNING] [BetterInfoCards] Skipping DrawText replay because the captured TextStyleSetting is missing.
[14:51:24.507] [1] [WARNING] [BetterInfoCards] Skipping DrawText replay because the captured TextStyleSetting is missing.
[14:51:24.523] [1] [WARNING] [BetterInfoCards] Skipping DrawText replay because the captured TextStyleSetting is missing.
[14:51:24.539] [1] [WARNING] [BetterInfoCards] Skipping DrawText replay because the captured TextStyleSetting is missing.
[14:51:24.556] [1] [WARNING] [BetterInfoCards] Skipping DrawText replay because the captured TextStyleSetting is missing.
[14:51:24.574] [1] [WARNING] [BetterInfoCards] Skipping DrawText replay because the captured TextStyleSetting is missing.
[14:51:24.590] [1] [WARNING] [BetterInfoCards] Skipping DrawText replay because the captured TextStyleSetting is missing.
[14:51:24.611] [1] [WARNING] [BetterInfoCards] Skipping DrawText replay because the captured TextStyleSetting is missing.
[14:51:24.622] [1] [WARNING] [BetterInfoCards] Skipping DrawText replay because the captured TextStyleSetting is missing.
[14:51:24.640] [1] [WARNING] [BetterInfoCards] Skipping DrawText replay because the captured TextStyleSetting is missing.
[14:51:24.657] [1] [WARNING] [BetterInfoCards] Skipping DrawText replay because the captured TextStyleSetting is missing.
[14:51:24.673] [1] [WARNING] [BetterInfoCards] Skipping DrawText replay because the captured TextStyleSetting is missing.
[14:51:24.690] [1] [WARNING] [BetterInfoCards] Skipping DrawText replay because the captured TextStyleSetting is missing.
[14:51:24.707] [1] [WARNING] [BetterInfoCards] Skipping DrawText replay because the captured TextStyleSetting is missing.
[14:51:24.724] [1] [WARNING] [BetterInfoCards] Skipping DrawText replay because the captured TextStyleSetting is missing.
[14:51:24.740] [1] [WARNING] [BetterInfoCards] Skipping DrawText replay because the captured TextStyleSetting is missing.
[14:51:24.756] [1] [WARNING] [BetterInfoCards] Skipping DrawText replay because the captured TextStyleSetting is missing.
[14:51:24.773] [1] [WARNING] [BetterInfoCards] Skipping DrawText replay because the captured TextStyleSetting is missing.
[14:51:24.790] [1] [WARNING] [BetterInfoCards] Skipping DrawText replay because the captured TextStyleSetting is missing.
[14:51:24.807] [1] [WARNING] [BetterInfoCards] Skipping DrawText replay because the captured TextStyleSetting is missing.
[14:51:24.824] [1] [WARNING] [BetterInfoCards] Skipping DrawText replay because the captured TextStyleSetting is missing.
[14:51:24.841] [1] [WARNING] [BetterInfoCards] Skipping DrawText replay because the captured TextStyleSetting is missing.
[14:51:24.857] [1] [WARNING] [BetterInfoCards] Skipping DrawText replay because the captured TextStyleSetting is missing.
[14:51:24.873] [1] [WARNING] [BetterInfoCards] Skipping DrawText replay because the captured TextStyleSetting is missing.
[14:51:24.890] [1] [WARNING] [BetterInfoCards] Skipping DrawText replay because the captured TextStyleSetting is missing.
[14:51:24.906] [1] [WARNING] [BetterInfoCards] Skipping DrawText replay because the captured TextStyleSetting is missing.
[14:51:24.924] [1] [WARNING] [BetterInfoCards] Skipping DrawText replay because the captured TextStyleSetting is missing.
[14:51:24.940] [1] [WARNING] [BetterInfoCards] Skipping DrawText replay because the captured TextStyleSetting is missing.
[14:51:24.956] [1] [WARNING] [BetterInfoCards] Skipping DrawText replay because the captured TextStyleSetting is missing.
[14:51:24.973] [1] [WARNING] [BetterInfoCards] Skipping DrawText replay because the captured TextStyleSetting is missing.
[14:51:24.990] [1] [WARNING] [BetterInfoCards] Skipping DrawText replay because the captured TextStyleSetting is missing.
[14:51:25.007] [1] [WARNING] [BetterInfoCards] Skipping DrawText replay because the captured TextStyleSetting is missing.
[14:51:25.023] [1] [WARNING] [BetterInfoCards] Skipping DrawText replay because the captured TextStyleSetting is missing.
[14:51:25.039] [1] [WARNING] [BetterInfoCards] Skipping DrawText replay because the captured TextStyleSetting is missing.
[14:51:25.056] [1] [WARNING] [BetterInfoCards] Skipping DrawText replay because the captured TextStyleSetting is missing.
[14:51:25.073] [1] [WARNING] [BetterInfoCards] Skipping DrawText replay because the captured TextStyleSetting is missing.
[14:51:25.089] [1] [WARNING] [BetterInfoCards] Skipping DrawText replay because the captured TextStyleSetting is missing.
[14:51:25.106] [1] [WARNING] [BetterInfoCards] Skipping DrawText replay because the captured TextStyleSetting is missing.
[14:51:25.123] [1] [WARNING] [BetterInfoCards] Skipping DrawText replay because the captured TextStyleSetting is missing.
[14:51:25.140] [1] [WARNING] [BetterInfoCards] Skipping DrawText replay because the captured TextStyleSetting is missing.
[14:51:25.157] [1] [WARNING] [BetterInfoCards] Skipping DrawText replay because the captured TextStyleSetting is missing.
[14:51:25.173] [1] [WARNING] [BetterInfoCards] Skipping DrawText replay because the captured TextStyleSetting is missing.
[14:51:25.189] [1] [WARNING] [BetterInfoCards] Skipping DrawText replay because the captured TextStyleSetting is missing.
[14:51:25.206] [1] [WARNING] [BetterInfoCards] Skipping DrawText replay because the captured TextStyleSetting is missing.
[14:51:25.222] [1] [WARNING] [BetterInfoCards] Skipping DrawText replay because the captured TextStyleSetting is missing.
[14:51:25.240] [1] [WARNING] [BetterInfoCards] Skipping DrawText replay because the captured TextStyleSetting is missing.
[14:51:25.256] [1] [WARNING] [BetterInfoCards] Skipping DrawText replay because the captured TextStyleSetting is missing.
[14:51:25.273] [1] [WARNING] [BetterInfoCards] Skipping DrawText replay because the captured TextStyleSetting is missing.
[14:51:25.290] [1] [WARNING] [BetterInfoCards] Skipping DrawText replay because the captured TextStyleSetting is missing.
[14:51:25.307] [1] [WARNING] [BetterInfoCards] Skipping DrawText replay because the captured TextStyleSetting is missing.
[14:51:25.323] [1] [WARNING] [BetterInfoCards] Skipping DrawText replay because the captured TextStyleSetting is missing.
[14:51:25.340] [1] [WARNING] [BetterInfoCards] Skipping DrawText replay because the captured TextStyleSetting is missing.
[14:51:25.357] [1] [WARNING] [BetterInfoCards] Skipping DrawText replay because the captured TextStyleSetting is missing.
[14:51:25.373] [1] [WARNING] [BetterInfoCards] Skipping DrawText replay because the captured TextStyleSetting is missing.
[14:51:25.390] [1] [WARNING] [BetterInfoCards] Skipping DrawText replay because the captured TextStyleSetting is missing.
[14:51:25.407] [1] [WARNING] [BetterInfoCards] Skipping DrawText replay because the captured TextStyleSetting is missing.
[14:51:25.423] [1] [WARNING] [BetterInfoCards] Skipping DrawText replay because the captured TextStyleSetting is missing.
[14:51:25.440] [1] [WARNING] [BetterInfoCards] Skipping DrawText replay because the captured TextStyleSetting is missing.
[14:51:25.458] [1] [WARNING] [BetterInfoCards] Skipping DrawText replay because the captured TextStyleSetting is missing.
[14:51:25.473] [1] [WARNING] [BetterInfoCards] Skipping DrawText replay because the captured TextStyleSetting is missing.
[14:51:25.490] [1] [WARNING] [BetterInfoCards] Skipping DrawText replay because the captured TextStyleSetting is missing.
[14:51:25.506] [1] [WARNING] [BetterInfoCards] Skipping DrawText replay because the captured TextStyleSetting is missing.
[14:51:25.523] [1] [WARNING] [BetterInfoCards] Skipping DrawText replay because the captured TextStyleSetting is missing.
[14:51:25.539] [1] [WARNING] [BetterInfoCards] Skipping DrawText replay because the captured TextStyleSetting is missing.
[14:51:25.557] [1] [WARNING] [BetterInfoCards] Skipping DrawText replay because the captured TextStyleSetting is missing.
[14:51:25.573] [1] [WARNING] [BetterInfoCards] Skipping DrawText replay because the captured TextStyleSetting is missing.
[14:51:25.590] [1] [WARNING] [BetterInfoCards] Skipping DrawText replay because the captured TextStyleSetting is missing.
[14:51:25.606] [1] [WARNING] [BetterInfoCards] Skipping DrawText replay because the captured TextStyleSetting is missing.
[14:51:25.623] [1] [WARNING] [BetterInfoCards] Skipping DrawText replay because the captured TextStyleSetting is missing.
[14:51:25.640] [1] [WARNING] [BetterInfoCards] Skipping DrawText replay because the captured TextStyleSetting is missing.
[14:51:25.658] [1] [WARNING] [BetterInfoCards] Skipping DrawText replay because the captured TextStyleSetting is missing.
[14:51:25.675] [1] [WARNING] [BetterInfoCards] Skipping DrawText replay because the captured TextStyleSetting is missing.
[14:51:25.690] [1] [WARNING] [BetterInfoCards] Skipping DrawText replay because the captured TextStyleSetting is missing.
[14:51:25.707] [1] [WARNING] [BetterInfoCards] Skipping DrawText replay because the captured TextStyleSetting is missing.
[14:51:25.723] [1] [WARNING] [BetterInfoCards] Skipping DrawText replay because the captured TextStyleSetting is missing.
[14:51:25.739] [1] [WARNING] [BetterInfoCards] Skipping DrawText replay because the captured TextStyleSetting is missing.
[14:51:25.756] [1] [WARNING] [BetterInfoCards] Skipping DrawText replay because the captured TextStyleSetting is missing.
[14:51:25.773] [1] [WARNING] [BetterInfoCards] Skipping DrawText replay because the captured TextStyleSetting is missing.
[14:51:25.790] [1] [WARNING] [BetterInfoCards] Skipping DrawText replay because the captured TextStyleSetting is missing.
[14:51:25.807] [1] [WARNING] [BetterInfoCards] Skipping DrawText replay because the captured TextStyleSetting is missing.
[14:51:25.827] [1] [WARNING] [BetterInfoCards] Skipping DrawText replay because the captured TextStyleSetting is missing.
[14:51:25.840] [1] [WARNING] [BetterInfoCards] Skipping DrawText replay because the captured TextStyleSetting is missing.
[14:51:25.858] [1] [WARNING] [BetterInfoCards] Skipping DrawText replay because the captured TextStyleSetting is missing.
[14:51:25.874] [1] [WARNING] [BetterInfoCards] Skipping DrawText replay because the captured TextStyleSetting is missing.
[14:51:25.892] [1] [WARNING] [BetterInfoCards] Skipping DrawText replay because the captured TextStyleSetting is missing.
[14:51:25.907] [1] [WARNING] [BetterInfoCards] Skipping DrawText replay because the captured TextStyleSetting is missing.
[14:51:25.923] [1] [WARNING] [BetterInfoCards] Skipping DrawText replay because the captured TextStyleSetting is missing.
[14:51:25.941] [1] [WARNING] [BetterInfoCards] Skipping DrawText replay because the captured TextStyleSetting is missing.
[14:51:25.957] [1] [WARNING] [BetterInfoCards] Skipping DrawText replay because the captured TextStyleSetting is missing.
[14:51:25.973] [1] [WARNING] [BetterInfoCards] Skipping DrawText replay because the captured TextStyleSetting is missing.
[14:51:25.992] [1] [WARNING] [BetterInfoCards] Skipping DrawText replay because the captured TextStyleSetting is missing.
[14:51:26.006] [1] [WARNING] [BetterInfoCards] Skipping DrawText replay because the captured TextStyleSetting is missing.
[14:51:26.023] [1] [WARNING] [BetterInfoCards] Skipping DrawText replay because the captured TextStyleSetting is missing.
[14:51:26.040] [1] [WARNING] [BetterInfoCards] Skipping DrawText replay because the captured TextStyleSetting is missing.
[14:51:26.056] [1] [WARNING] [BetterInfoCards] Skipping DrawText replay because the captured TextStyleSetting is missing.
[14:51:26.073] [1] [WARNING] [BetterInfoCards] Skipping DrawText replay because the captured TextStyleSetting is missing.
[14:51:26.090] [1] [WARNING] [BetterInfoCards] Skipping DrawText replay because the captured TextStyleSetting is missing.
[14:51:26.107] [1] [WARNING] [BetterInfoCards] Skipping DrawText replay because the captured TextStyleSetting is missing.
[14:51:26.123] [1] [WARNING] [BetterInfoCards] Skipping DrawText replay because the captured TextStyleSetting is missing.
[14:51:26.140] [1] [WARNING] [BetterInfoCards] Skipping DrawText replay because the captured TextStyleSetting is missing.
[14:51:26.156] [1] [WARNING] [BetterInfoCards] Skipping DrawText replay because the captured TextStyleSetting is missing.
[14:51:26.174] [1] [WARNING] [BetterInfoCards] Skipping DrawText replay because the captured TextStyleSetting is missing.
[14:51:26.190] [1] [WARNING] [BetterInfoCards] Skipping DrawText replay because the captured TextStyleSetting is missing.
[14:51:26.207] [1] [WARNING] [BetterInfoCards] Skipping DrawText replay because the captured TextStyleSetting is missing.
[14:51:26.223] [1] [WARNING] [BetterInfoCards] Skipping DrawText replay because the captured TextStyleSetting is missing.
[14:51:26.240] [1] [WARNING] [BetterInfoCards] Skipping DrawText replay because the captured TextStyleSetting is missing.
[14:51:26.257] [1] [WARNING] [BetterInfoCards] Skipping DrawText replay because the captured TextStyleSetting is missing.
[14:51:26.273] [1] [WARNING] [BetterInfoCards] Skipping DrawText replay because the captured TextStyleSetting is missing.
[14:51:26.289] [1] [WARNING] [BetterInfoCards] Skipping DrawText replay because the captured TextStyleSetting is missing.
[14:51:26.306] [1] [WARNING] [BetterInfoCards] Skipping DrawText replay because the captured TextStyleSetting is missing.
[14:51:26.323] [1] [WARNING] [BetterInfoCards] Skipping DrawText replay because the captured TextStyleSetting is missing.
[14:51:26.340] [1] [WARNING] [BetterInfoCards] Skipping DrawText replay because the captured TextStyleSetting is missing.
[14:51:26.356] [1] [WARNING] [BetterInfoCards] Skipping DrawText replay because the captured TextStyleSetting is missing.
[14:51:26.373] [1] [WARNING] [BetterInfoCards] Skipping DrawText replay because the captured TextStyleSetting is missing.
[14:51:26.390] [1] [WARNING] [BetterInfoCards] Skipping DrawText replay because the captured TextStyleSetting is missing.
[14:51:26.407] [1] [WARNING] [BetterInfoCards] Skipping DrawText replay because the captured TextStyleSetting is missing.
[14:51:26.423] [1] [WARNING] [BetterInfoCards] Skipping DrawText replay because the captured TextStyleSetting is missing.
[14:51:26.440] [1] [WARNING] [BetterInfoCards] Skipping DrawText replay because the captured TextStyleSetting is missing.
[14:51:26.456] [1] [WARNING] [BetterInfoCards] Skipping DrawText replay because the captured TextStyleSetting is missing.
[14:51:26.473] [1] [WARNING] [BetterInfoCards] Skipping DrawText replay because the captured TextStyleSetting is missing.
[14:51:26.490] [1] [WARNING] [BetterInfoCards] Skipping DrawText replay because the captured TextStyleSetting is missing.
[14:51:26.506] [1] [WARNING] [BetterInfoCards] Skipping DrawText replay because the captured TextStyleSetting is missing.
[14:51:26.522] [1] [WARNING] [BetterInfoCards] Skipping DrawText replay because the captured TextStyleSetting is missing.
[14:51:26.540] [1] [WARNING] [BetterInfoCards] Skipping DrawText replay because the captured TextStyleSetting is missing.
[14:51:26.557] [1] [WARNING] [BetterInfoCards] Skipping DrawText replay because the captured TextStyleSetting is missing.
[14:51:26.573] [1] [WARNING] [BetterInfoCards] Skipping DrawText replay because the captured TextStyleSetting is missing.
[14:51:26.590] [1] [WARNING] [BetterInfoCards] Skipping DrawText replay because the captured TextStyleSetting is missing.
[14:51:26.606] [1] [WARNING] [BetterInfoCards] Skipping DrawText replay because the captured TextStyleSetting is missing.
[14:51:26.624] [1] [WARNING] [BetterInfoCards] Skipping DrawText replay because the captured TextStyleSetting is missing.
[14:51:26.639] [1] [WARNING] [BetterInfoCards] Skipping DrawText replay because the captured TextStyleSetting is missing.
[14:51:26.656] [1] [WARNING] [BetterInfoCards] Skipping DrawText replay because the captured TextStyleSetting is missing.
[14:51:26.673] [1] [WARNING] [BetterInfoCards] Skipping DrawText replay because the captured TextStyleSetting is missing.
[14:51:26.689] [1] [WARNING] [BetterInfoCards] Skipping DrawText replay because the captured TextStyleSetting is missing.
[14:51:26.707] [1] [WARNING] [BetterInfoCards] Skipping DrawText replay because the captured TextStyleSetting is missing.
[14:51:26.723] [1] [WARNING] [BetterInfoCards] Skipping DrawText replay because the captured TextStyleSetting is missing.
[14:51:26.739] [1] [WARNING] [BetterInfoCards] Skipping DrawText replay because the captured TextStyleSetting is missing.
[14:51:26.756] [1] [WARNING] [BetterInfoCards] Skipping DrawText replay because the captured TextStyleSetting is missing.
[14:51:26.773] [1] [WARNING] [BetterInfoCards] Skipping DrawText replay because the captured TextStyleSetting is missing.
[14:51:26.789] [1] [WARNING] [BetterInfoCards] Skipping DrawText replay because the captured TextStyleSetting is missing.
[14:51:26.807] [1] [WARNING] [BetterInfoCards] Skipping DrawText replay because the captured TextStyleSetting is missing.
[14:51:26.822] [1] [WARNING] [BetterInfoCards] Skipping DrawText replay because the captured TextStyleSetting is missing.
[14:51:26.840] [1] [WARNING] [BetterInfoCards] Skipping DrawText replay because the captured TextStyleSetting is missing.
[14:51:26.856] [1] [WARNING] [BetterInfoCards] Skipping DrawText replay because the captured TextStyleSetting is missing.
[14:51:26.874] [1] [WARNING] [BetterInfoCards] Skipping DrawText replay because the captured TextStyleSetting is missing.
[14:51:26.889] [1] [WARNING] [BetterInfoCards] Skipping DrawText replay because the captured TextStyleSetting is missing.
[14:51:26.907] [1] [WARNING] [BetterInfoCards] Skipping DrawText replay because the captured TextStyleSetting is missing.
[14:51:26.924] [1] [WARNING] [BetterInfoCards] Skipping DrawText replay because the captured TextStyleSetting is missing.
[14:51:26.940] [1] [WARNING] [BetterInfoCards] Skipping DrawText replay because the captured TextStyleSetting is missing.
[14:51:26.956] [1] [WARNING] [BetterInfoCards] Skipping DrawText replay because the captured TextStyleSetting is missing.
[14:51:26.974] [1] [WARNING] [BetterInfoCards] Skipping DrawText replay because the captured TextStyleSetting is missing.
[14:51:26.989] [1] [WARNING] [BetterInfoCards] Skipping DrawText replay because the captured TextStyleSetting is missing.
[14:51:27.006] [1] [WARNING] [BetterInfoCards] Skipping DrawText replay because the captured TextStyleSetting is missing.
[14:51:27.022] [1] [WARNING] [BetterInfoCards] Skipping DrawText replay because the captured TextStyleSetting is missing.
[14:51:27.040] [1] [WARNING] [BetterInfoCards] Skipping DrawText replay because the captured TextStyleSetting is missing.
[14:51:27.056] [1] [WARNING] [BetterInfoCards] Skipping DrawText replay because the captured TextStyleSetting is missing.
[14:51:27.073] [1] [WARNING] [BetterInfoCards] Skipping DrawText replay because the captured TextStyleSetting is missing.
[14:51:27.090] [1] [WARNING] [BetterInfoCards] Skipping DrawText replay because the captured TextStyleSetting is missing.
[14:51:27.106] [1] [WARNING] [BetterInfoCards] Skipping DrawText replay because the captured TextStyleSetting is missing.
[14:51:27.122] [1] [WARNING] [BetterInfoCards] Skipping DrawText replay because the captured TextStyleSetting is missing.
[14:51:27.139] [1] [WARNING] [BetterInfoCards] Skipping DrawText replay because the captured TextStyleSetting is missing.
[14:51:27.156] [1] [WARNING] [BetterInfoCards] Skipping DrawText replay because the captured TextStyleSetting is missing.
[14:51:27.176] [1] [WARNING] [BetterInfoCards] Skipping DrawText replay because the captured TextStyleSetting is missing.
[14:51:27.189] [1] [WARNING] [BetterInfoCards] Skipping DrawText replay because the captured TextStyleSetting is missing.
[14:51:27.207] [1] [WARNING] [BetterInfoCards] Skipping DrawText replay because the captured TextStyleSetting is missing.
[14:51:27.223] [1] [WARNING] [BetterInfoCards] Skipping DrawText replay because the captured TextStyleSetting is missing.
[14:51:27.240] [1] [WARNING] [BetterInfoCards] Skipping DrawText replay because the captured TextStyleSetting is missing.
[14:51:27.257] [1] [WARNING] [BetterInfoCards] Skipping DrawText replay because the captured TextStyleSetting is missing.
[14:51:27.273] [1] [WARNING] [BetterInfoCards] Skipping DrawText replay because the captured TextStyleSetting is missing.
[14:51:27.290] [1] [WARNING] [BetterInfoCards] Skipping DrawText replay because the captured TextStyleSetting is missing.
[14:51:27.306] [1] [WARNING] [BetterInfoCards] Skipping DrawText replay because the captured TextStyleSetting is missing.
[14:51:27.323] [1] [WARNING] [BetterInfoCards] Skipping DrawText replay because the captured TextStyleSetting is missing.
[14:51:27.341] [1] [WARNING] [BetterInfoCards] Skipping DrawText replay because the captured TextStyleSetting is missing.
[14:51:27.357] [1] [WARNING] [BetterInfoCards] Skipping DrawText replay because the captured TextStyleSetting is missing.
[14:51:27.372] [1] [WARNING] [BetterInfoCards] Skipping DrawText replay because the captured TextStyleSetting is missing.
[14:51:27.390] [1] [WARNING] [BetterInfoCards] Skipping DrawText replay because the captured TextStyleSetting is missing.
[14:51:27.406] [1] [WARNING] [BetterInfoCards] Skipping DrawText replay because the captured TextStyleSetting is missing.
[14:51:27.423] [1] [WARNING] [BetterInfoCards] Skipping DrawText replay because the captured TextStyleSetting is missing.
[14:51:27.439] [1] [WARNING] [BetterInfoCards] Skipping DrawText replay because the captured TextStyleSetting is missing.
[14:51:27.457] [1] [WARNING] [BetterInfoCards] Skipping DrawText replay because the captured TextStyleSetting is missing.
[14:51:27.473] [1] [WARNING] [BetterInfoCards] Skipping DrawText replay because the captured TextStyleSetting is missing.
[14:51:27.489] [1] [WARNING] [BetterInfoCards] Skipping DrawText replay because the captured TextStyleSetting is missing.
[14:51:27.506] [1] [WARNING] [BetterInfoCards] Skipping DrawText replay because the captured TextStyleSetting is missing.
[14:51:27.523] [1] [WARNING] [BetterInfoCards] Skipping DrawText replay because the captured TextStyleSetting is missing.
[14:51:27.539] [1] [WARNING] [BetterInfoCards] Skipping DrawText replay because the captured TextStyleSetting is missing.
[14:51:27.556] [1] [WARNING] [BetterInfoCards] Skipping DrawText replay because the captured TextStyleSetting is missing.
[14:51:27.573] [1] [WARNING] [BetterInfoCards] Skipping DrawText replay because the captured TextStyleSetting is missing.
[14:51:27.590] [1] [WARNING] [BetterInfoCards] Skipping DrawText replay because the captured TextStyleSetting is missing.
[14:51:27.608] [1] [WARNING] [BetterInfoCards] Skipping DrawText replay because the captured TextStyleSetting is missing.
[14:51:27.623] [1] [WARNING] [BetterInfoCards] Skipping DrawText replay because the captured TextStyleSetting is missing.
[14:51:27.640] [1] [WARNING] [BetterInfoCards] Skipping DrawText replay because the captured TextStyleSetting is missing.
[14:51:27.657] [1] [WARNING] [BetterInfoCards] Skipping DrawText replay because the captured TextStyleSetting is missing.
[14:51:27.675] [1] [WARNING] [BetterInfoCards] Skipping DrawText replay because the captured TextStyleSetting is missing.
[14:51:27.691] [1] [WARNING] [BetterInfoCards] Skipping DrawText replay because the captured TextStyleSetting is missing.
[14:51:27.707] [1] [WARNING] [BetterInfoCards] Skipping DrawText replay because the captured TextStyleSetting is missing.
[14:51:27.726] [1] [WARNING] [BetterInfoCards] Skipping DrawText replay because the captured TextStyleSetting is missing.
[14:51:27.741] [1] [WARNING] [BetterInfoCards] Skipping DrawText replay because the captured TextStyleSetting is missing.
[14:51:27.758] [1] [WARNING] [BetterInfoCards] Skipping DrawText replay because the captured TextStyleSetting is missing.
[14:51:27.774] [1] [WARNING] [BetterInfoCards] Skipping DrawText replay because the captured TextStyleSetting is missing.
[14:51:27.790] [1] [WARNING] [BetterInfoCards] Skipping DrawText replay because the captured TextStyleSetting is missing.
[14:51:27.809] [1] [WARNING] [BetterInfoCards] Skipping DrawText replay because the captured TextStyleSetting is missing.
[14:51:27.824] [1] [WARNING] [BetterInfoCards] Skipping DrawText replay because the captured TextStyleSetting is missing.
[14:51:27.840] [1] [WARNING] [BetterInfoCards] Skipping DrawText replay because the captured TextStyleSetting is missing.
[14:51:27.857] [1] [WARNING] [BetterInfoCards] Skipping DrawText replay because the captured TextStyleSetting is missing.
[14:51:27.874] [1] [WARNING] [BetterInfoCards] Skipping DrawText replay because the captured TextStyleSetting is missing.
[14:51:27.890] [1] [WARNING] [BetterInfoCards] Skipping DrawText replay because the captured TextStyleSetting is missing.
[14:51:27.906] [1] [WARNING] [BetterInfoCards] Skipping DrawText replay because the captured TextStyleSetting is missing.
[14:51:27.923] [1] [WARNING] [BetterInfoCards] Skipping DrawText replay because the captured TextStyleSetting is missing.
[14:51:27.940] [1] [WARNING] [BetterInfoCards] Skipping DrawText replay because the captured TextStyleSetting is missing.
[14:51:27.957] [1] [WARNING] [BetterInfoCards] Skipping DrawText replay because the captured TextStyleSetting is missing.
[14:51:27.974] [1] [WARNING] [BetterInfoCards] Skipping DrawText replay because the captured TextStyleSetting is missing.
[14:51:27.990] [1] [WARNING] [BetterInfoCards] Skipping DrawText replay because the captured TextStyleSetting is missing.
[14:51:28.007] [1] [WARNING] [BetterInfoCards] Skipping DrawText replay because the captured TextStyleSetting is missing.
[14:51:28.023] [1] [WARNING] [BetterInfoCards] Skipping DrawText replay because the captured TextStyleSetting is missing.
[14:51:28.041] [1] [WARNING] [BetterInfoCards] Skipping DrawText replay because the captured TextStyleSetting is missing.
[14:51:28.059] [1] [WARNING] [BetterInfoCards] Skipping DrawText replay because the captured TextStyleSetting is missing.
[14:51:28.073] [1] [WARNING] [BetterInfoCards] Skipping DrawText replay because the captured TextStyleSetting is missing.
[14:51:28.091] [1] [WARNING] [BetterInfoCards] Skipping DrawText replay because the captured TextStyleSetting is missing.
[14:51:28.107] [1] [WARNING] [BetterInfoCards] Skipping DrawText replay because the captured TextStyleSetting is missing.
[14:51:28.123] [1] [WARNING] [BetterInfoCards] Skipping DrawText replay because the captured TextStyleSetting is missing.
[14:51:28.141] [1] [WARNING] [BetterInfoCards] Skipping DrawText replay because the captured TextStyleSetting is missing.
[14:51:28.158] [1] [WARNING] [BetterInfoCards] Skipping DrawText replay because the captured TextStyleSetting is missing.
[14:51:28.175] [1] [WARNING] [BetterInfoCards] Skipping DrawText replay because the captured TextStyleSetting is missing.
[14:51:28.190] [1] [WARNING] [BetterInfoCards] Skipping DrawText replay because the captured TextStyleSetting is missing.
[14:51:28.208] [1] [WARNING] [BetterInfoCards] Skipping DrawText replay because the captured TextStyleSetting is missing.
[14:51:28.224] [1] [WARNING] [BetterInfoCards] Skipping DrawText replay because the captured TextStyleSetting is missing.
[14:51:28.241] [1] [WARNING] [BetterInfoCards] Skipping DrawText replay because the captured TextStyleSetting is missing.
[14:51:28.257] [1] [WARNING] [BetterInfoCards] Skipping DrawText replay because the captured TextStyleSetting is missing.
[14:51:28.273] [1] [WARNING] [BetterInfoCards] Skipping DrawText replay because the captured TextStyleSetting is missing.
[14:51:28.290] [1] [WARNING] [BetterInfoCards] Skipping DrawText replay because the captured TextStyleSetting is missing.
[14:51:28.307] [1] [WARNING] [BetterInfoCards] Skipping DrawText replay because the captured TextStyleSetting is missing.
[14:51:28.323] [1] [WARNING] [BetterInfoCards] Skipping DrawText replay because the captured TextStyleSetting is missing.
[14:51:28.340] [1] [WARNING] [BetterInfoCards] Skipping DrawText replay because the captured TextStyleSetting is missing.
[14:51:28.356] [1] [WARNING] [BetterInfoCards] Skipping DrawText replay because the captured TextStyleSetting is missing.
[14:51:28.373] [1] [WARNING] [BetterInfoCards] Skipping DrawText replay because the captured TextStyleSetting is missing.
[14:51:28.390] [1] [WARNING] [BetterInfoCards] Skipping DrawText replay because the captured TextStyleSetting is missing.
[14:51:28.406] [1] [WARNING] [BetterInfoCards] Skipping DrawText replay because the captured TextStyleSetting is missing.
[14:51:28.423] [1] [WARNING] [BetterInfoCards] Skipping DrawText replay because the captured TextStyleSetting is missing.
[14:51:28.440] [1] [WARNING] [BetterInfoCards] Skipping DrawText replay because the captured TextStyleSetting is missing.
[14:51:28.458] [1] [WARNING] [BetterInfoCards] Skipping DrawText replay because the captured TextStyleSetting is missing.
[14:51:28.475] [1] [WARNING] [BetterInfoCards] Skipping DrawText replay because the captured TextStyleSetting is missing.
[14:51:28.490] [1] [WARNING] [BetterInfoCards] Skipping DrawText replay because the captured TextStyleSetting is missing.
[14:51:28.506] [1] [WARNING] [BetterInfoCards] Skipping DrawText replay because the captured TextStyleSetting is missing.
[14:51:28.522] [1] [WARNING] [BetterInfoCards] Skipping DrawText replay because the captured TextStyleSetting is missing.
[14:51:28.540] [1] [WARNING] [BetterInfoCards] Skipping DrawText replay because the captured TextStyleSetting is missing.
[14:51:28.556] [1] [WARNING] [BetterInfoCards] Skipping DrawText replay because the captured TextStyleSetting is missing.
[14:51:28.573] [1] [WARNING] [BetterInfoCards] Skipping DrawText replay because the captured TextStyleSetting is missing.
[14:51:28.590] [1] [WARNING] [BetterInfoCards] Skipping DrawText replay because the captured TextStyleSetting is missing.
[14:51:28.607] [1] [WARNING] [BetterInfoCards] Skipping DrawText replay because the captured TextStyleSetting is missing.
[14:51:28.623] [1] [WARNING] [BetterInfoCards] Skipping DrawText replay because the captured TextStyleSetting is missing.
[14:51:28.640] [1] [WARNING] [BetterInfoCards] Skipping DrawText replay because the captured TextStyleSetting is missing.
[14:51:28.656] [1] [WARNING] [BetterInfoCards] Skipping DrawText replay because the captured TextStyleSetting is missing.
[14:51:28.673] [1] [WARNING] [BetterInfoCards] Skipping DrawText replay because the captured TextStyleSetting is missing.
[14:51:28.690] [1] [WARNING] [BetterInfoCards] Skipping DrawText replay because the captured TextStyleSetting is missing.
[14:51:28.708] [1] [WARNING] [BetterInfoCards] Skipping DrawText replay because the captured TextStyleSetting is missing.
[14:51:28.723] [1] [WARNING] [BetterInfoCards] Skipping DrawText replay because the captured TextStyleSetting is missing.
[14:51:28.739] [1] [WARNING] [BetterInfoCards] Skipping DrawText replay because the captured TextStyleSetting is missing.
[14:51:28.756] [1] [WARNING] [BetterInfoCards] Skipping DrawText replay because the captured TextStyleSetting is missing.
[14:51:28.773] [1] [WARNING] [BetterInfoCards] Skipping DrawText replay because the captured TextStyleSetting is missing.
[14:51:28.789] [1] [WARNING] [BetterInfoCards] Skipping DrawText replay because the captured TextStyleSetting is missing.
[14:51:28.806] [1] [WARNING] [BetterInfoCards] Skipping DrawText replay because the captured TextStyleSetting is missing.
[14:51:28.823] [1] [WARNING] [BetterInfoCards] Skipping DrawText replay because the captured TextStyleSetting is missing.
[14:51:28.839] [1] [WARNING] [BetterInfoCards] Skipping DrawText replay because the captured TextStyleSetting is missing.
[14:51:28.856] [1] [WARNING] [BetterInfoCards] Skipping DrawText replay because the captured TextStyleSetting is missing.
[14:51:28.873] [1] [WARNING] [BetterInfoCards] Skipping DrawText replay because the captured TextStyleSetting is missing.
[14:51:28.889] [1] [WARNING] [BetterInfoCards] Skipping DrawText replay because the captured TextStyleSetting is missing.
[14:51:28.906] [1] [WARNING] [BetterInfoCards] Skipping DrawText replay because the captured TextStyleSetting is missing.
[14:51:28.922] [1] [WARNING] [BetterInfoCards] Skipping DrawText replay because the captured TextStyleSetting is missing.
[14:51:28.939] [1] [WARNING] [BetterInfoCards] Skipping DrawText replay because the captured TextStyleSetting is missing.
[14:51:28.957] [1] [WARNING] [BetterInfoCards] Skipping DrawText replay because the captured TextStyleSetting is missing.
[14:51:28.975] [1] [WARNING] [BetterInfoCards] Skipping DrawText replay because the captured TextStyleSetting is missing.
[14:51:28.989] [1] [WARNING] [BetterInfoCards] Skipping DrawText replay because the captured TextStyleSetting is missing.
[14:51:29.007] [1] [WARNING] [BetterInfoCards] Skipping DrawText replay because the captured TextStyleSetting is missing.
[14:51:29.023] [1] [WARNING] [BetterInfoCards] Skipping DrawText replay because the captured TextStyleSetting is missing.
[14:51:29.040] [1] [WARNING] [BetterInfoCards] Skipping DrawText replay because the captured TextStyleSetting is missing.
[14:51:29.057] [1] [WARNING] [BetterInfoCards] Skipping DrawText replay because the captured TextStyleSetting is missing.
[14:51:29.074] [1] [WARNING] [BetterInfoCards] Skipping DrawText replay because the captured TextStyleSetting is missing.
[14:51:29.089] [1] [WARNING] [BetterInfoCards] Skipping DrawText replay because the captured TextStyleSetting is missing.
[14:51:29.107] [1] [WARNING] [BetterInfoCards] Skipping DrawText replay because the captured TextStyleSetting is missing.
[14:51:29.123] [1] [WARNING] [BetterInfoCards] Skipping DrawText replay because the captured TextStyleSetting is missing.
[14:51:29.140] [1] [WARNING] [BetterInfoCards] Skipping DrawText replay because the captured TextStyleSetting is missing.
[14:51:29.156] [1] [WARNING] [BetterInfoCards] Skipping DrawText replay because the captured TextStyleSetting is missing.
[14:51:29.173] [1] [WARNING] [BetterInfoCards] Skipping DrawText replay because the captured TextStyleSetting is missing.
[14:51:29.191] [1] [WARNING] [BetterInfoCards] Skipping DrawText replay because the captured TextStyleSetting is missing.
[14:51:29.207] [1] [WARNING] [BetterInfoCards] Skipping DrawText replay because the captured TextStyleSetting is missing.
[14:51:29.223] [1] [WARNING] [BetterInfoCards] Skipping DrawText replay because the captured TextStyleSetting is missing.
[14:51:29.240] [1] [WARNING] [BetterInfoCards] Skipping DrawText replay because the captured TextStyleSetting is missing.
[14:51:29.256] [1] [WARNING] [BetterInfoCards] Skipping DrawText replay because the captured TextStyleSetting is missing.
[14:51:29.273] [1] [WARNING] [BetterInfoCards] Skipping DrawText replay because the captured TextStyleSetting is missing.
[14:51:29.290] [1] [WARNING] [BetterInfoCards] Skipping DrawText replay because the captured TextStyleSetting is missing.
[14:51:29.306] [1] [WARNING] [BetterInfoCards] Skipping DrawText replay because the captured TextStyleSetting is missing.
[14:51:29.322] [1] [WARNING] [BetterInfoCards] Skipping DrawText replay because the captured TextStyleSetting is missing.
[14:51:29.341] [1] [WARNING] [BetterInfoCards] Skipping DrawText replay because the captured TextStyleSetting is missing.
[14:51:29.356] [1] [WARNING] [BetterInfoCards] Skipping DrawText replay because the captured TextStyleSetting is missing.
[14:51:29.373] [1] [WARNING] [BetterInfoCards] Skipping DrawText replay because the captured TextStyleSetting is missing.
[14:51:29.390] [1] [WARNING] [BetterInfoCards] Skipping DrawText replay because the captured TextStyleSetting is missing.
[14:51:29.406] [1] [WARNING] [BetterInfoCards] Skipping DrawText replay because the captured TextStyleSetting is missing.
[14:51:29.423] [1] [WARNING] [BetterInfoCards] Skipping DrawText replay because the captured TextStyleSetting is missing.
[14:51:29.439] [1] [WARNING] [BetterInfoCards] Skipping DrawText replay because the captured TextStyleSetting is missing.
[14:51:29.456] [1] [WARNING] [BetterInfoCards] Skipping DrawText replay because the captured TextStyleSetting is missing.
[14:51:29.473] [1] [WARNING] [BetterInfoCards] Skipping DrawText replay because the captured TextStyleSetting is missing.
[14:51:29.491] [1] [WARNING] [BetterInfoCards] Skipping DrawText replay because the captured TextStyleSetting is missing.
[14:51:29.507] [1] [WARNING] [BetterInfoCards] Skipping DrawText replay because the captured TextStyleSetting is missing.
[14:51:29.523] [1] [WARNING] [BetterInfoCards] Skipping DrawText replay because the captured TextStyleSetting is missing.
[14:51:29.539] [1] [WARNING] [BetterInfoCards] Skipping DrawText replay because the captured TextStyleSetting is missing.
[14:51:29.556] [1] [WARNING] [BetterInfoCards] Skipping DrawText replay because the captured TextStyleSetting is missing.
[14:51:29.573] [1] [WARNING] [BetterInfoCards] Skipping DrawText replay because the captured TextStyleSetting is missing.
[14:51:29.590] [1] [WARNING] [BetterInfoCards] Skipping DrawText replay because the captured TextStyleSetting is missing.
[14:51:29.606] [1] [WARNING] [BetterInfoCards] Skipping DrawText replay because the captured TextStyleSetting is missing.
[14:51:29.623] [1] [WARNING] [BetterInfoCards] Skipping DrawText replay because the captured TextStyleSetting is missing.
[14:51:29.640] [1] [WARNING] [BetterInfoCards] Skipping DrawText replay because the captured TextStyleSetting is missing.
[14:51:29.657] [1] [WARNING] [BetterInfoCards] Skipping DrawText replay because the captured TextStyleSetting is missing.
[14:51:29.673] [1] [WARNING] [BetterInfoCards] Skipping DrawText replay because the captured TextStyleSetting is missing.
[14:51:29.689] [1] [WARNING] [BetterInfoCards] Skipping DrawText replay because the captured TextStyleSetting is missing.
[14:51:29.706] [1] [WARNING] [BetterInfoCards] Skipping DrawText replay because the captured TextStyleSetting is missing.
[14:51:29.722] [1] [WARNING] [BetterInfoCards] Skipping DrawText replay because the captured TextStyleSetting is missing.
[14:51:29.740] [1] [WARNING] [BetterInfoCards] Skipping DrawText replay because the captured TextStyleSetting is missing.
[14:51:29.756] [1] [WARNING] [BetterInfoCards] Skipping DrawText replay because the captured TextStyleSetting is missing.
[14:51:29.773] [1] [WARNING] [BetterInfoCards] Skipping DrawText replay because the captured TextStyleSetting is missing.
[14:51:29.789] [1] [WARNING] [BetterInfoCards] Skipping DrawText replay because the captured TextStyleSetting is missing.
[14:51:29.806] [1] [WARNING] [BetterInfoCards] Skipping DrawText replay because the captured TextStyleSetting is missing.
[14:51:29.822] [1] [WARNING] [BetterInfoCards] Skipping DrawText replay because the captured TextStyleSetting is missing.
[14:51:29.839] [1] [WARNING] [BetterInfoCards] Skipping DrawText replay because the captured TextStyleSetting is missing.
[14:51:29.859] [1] [WARNING] [BetterInfoCards] Skipping DrawText replay because the captured TextStyleSetting is missing.
[14:51:29.872] [1] [WARNING] [BetterInfoCards] Skipping DrawText replay because the captured TextStyleSetting is missing.
[14:51:29.891] [1] [WARNING] [BetterInfoCards] Skipping DrawText replay because the captured TextStyleSetting is missing.
[14:51:29.906] [1] [WARNING] [BetterInfoCards] Skipping DrawText replay because the captured TextStyleSetting is missing.
[14:51:29.923] [1] [WARNING] [BetterInfoCards] Skipping DrawText replay because the captured TextStyleSetting is missing.
[14:51:29.940] [1] [WARNING] [BetterInfoCards] Skipping DrawText replay because the captured TextStyleSetting is missing.
[14:51:29.956] [1] [WARNING] [BetterInfoCards] Skipping DrawText replay because the captured TextStyleSetting is missing.
[14:51:29.973] [1] [WARNING] [BetterInfoCards] Skipping DrawText replay because the captured TextStyleSetting is missing.
[14:51:29.992] [1] [WARNING] [BetterInfoCards] Skipping DrawText replay because the captured TextStyleSetting is missing.
[14:51:30.007] [1] [WARNING] [BetterInfoCards] Skipping DrawText replay because the captured TextStyleSetting is missing.
[14:51:30.022] [1] [WARNING] [BetterInfoCards] Skipping DrawText replay because the captured TextStyleSetting is missing.
[14:51:30.039] [1] [WARNING] [BetterInfoCards] Skipping DrawText replay because the captured TextStyleSetting is missing.
[14:51:30.056] [1] [WARNING] [BetterInfoCards] Skipping DrawText replay because the captured TextStyleSetting is missing.
[14:51:30.074] [1] [WARNING] [BetterInfoCards] Skipping DrawText replay because the captured TextStyleSetting is missing.
[14:51:30.089] [1] [WARNING] [BetterInfoCards] Skipping DrawText replay because the captured TextStyleSetting is missing.
[14:51:30.106] [1] [WARNING] [BetterInfoCards] Skipping DrawText replay because the captured TextStyleSetting is missing.
[14:51:30.123] [1] [WARNING] [BetterInfoCards] Skipping DrawText replay because the captured TextStyleSetting is missing.
[14:51:30.139] [1] [WARNING] [BetterInfoCards] Skipping DrawText replay because the captured TextStyleSetting is missing.
[14:51:30.157] [1] [WARNING] [BetterInfoCards] Skipping DrawText replay because the captured TextStyleSetting is missing.
[14:51:30.173] [1] [WARNING] [BetterInfoCards] Skipping DrawText replay because the captured TextStyleSetting is missing.
[14:51:30.191] [1] [WARNING] [BetterInfoCards] Skipping DrawText replay because the captured TextStyleSetting is missing.
[14:51:30.207] [1] [WARNING] [BetterInfoCards] Skipping DrawText replay because the captured TextStyleSetting is missing.
[14:51:30.225] [1] [WARNING] [BetterInfoCards] Skipping DrawText replay because the captured TextStyleSetting is missing.
[14:51:30.241] [1] [WARNING] [BetterInfoCards] Skipping DrawText replay because the captured TextStyleSetting is missing.
[14:51:30.257] [1] [WARNING] [BetterInfoCards] Skipping DrawText replay because the captured TextStyleSetting is missing.
[14:51:30.274] [1] [WARNING] [BetterInfoCards] Skipping DrawText replay because the captured TextStyleSetting is missing.
[14:51:30.291] [1] [WARNING] [BetterInfoCards] Skipping DrawText replay because the captured TextStyleSetting is missing.
[14:51:30.307] [1] [WARNING] [BetterInfoCards] Skipping DrawText replay because the captured TextStyleSetting is missing.
[14:51:30.323] [1] [WARNING] [BetterInfoCards] Skipping DrawText replay because the captured TextStyleSetting is missing.
[14:51:30.340] [1] [WARNING] [BetterInfoCards] Skipping DrawText replay because the captured TextStyleSetting is missing.
[14:51:30.357] [1] [WARNING] [BetterInfoCards] Skipping DrawText replay because the captured TextStyleSetting is missing.
[14:51:30.374] [1] [WARNING] [BetterInfoCards] Skipping DrawText replay because the captured TextStyleSetting is missing.
[14:51:30.390] [1] [WARNING] [BetterInfoCards] Skipping DrawText replay because the captured TextStyleSetting is missing.
[14:51:30.406] [1] [WARNING] [BetterInfoCards] Skipping DrawText replay because the captured TextStyleSetting is missing.
[14:51:30.423] [1] [WARNING] [BetterInfoCards] Skipping DrawText replay because the captured TextStyleSetting is missing.
[14:51:30.440] [1] [WARNING] [BetterInfoCards] Skipping DrawText replay because the captured TextStyleSetting is missing.
[14:51:30.457] [1] [WARNING] [BetterInfoCards] Skipping DrawText replay because the captured TextStyleSetting is missing.
[14:51:30.473] [1] [WARNING] [BetterInfoCards] Skipping DrawText replay because the captured TextStyleSetting is missing.
[14:51:30.490] [1] [WARNING] [BetterInfoCards] Skipping DrawText replay because the captured TextStyleSetting is missing.
[14:51:30.506] [1] [WARNING] [BetterInfoCards] Skipping DrawText replay because the captured TextStyleSetting is missing.
[14:51:30.523] [1] [WARNING] [BetterInfoCards] Skipping DrawText replay because the captured TextStyleSetting is missing.
[14:51:30.539] [1] [WARNING] [BetterInfoCards] Skipping DrawText replay because the captured TextStyleSetting is missing.
[14:51:30.557] [1] [WARNING] [BetterInfoCards] Skipping DrawText replay because the captured TextStyleSetting is missing.
[14:51:30.575] [1] [WARNING] [BetterInfoCards] Skipping DrawText replay because the captured TextStyleSetting is missing.
[14:51:30.589] [1] [WARNING] [BetterInfoCards] Skipping DrawText replay because the captured TextStyleSetting is missing.
[14:51:30.606] [1] [WARNING] [BetterInfoCards] Skipping DrawText replay because the captured TextStyleSetting is missing.
[14:51:30.622] [1] [WARNING] [BetterInfoCards] Skipping DrawText replay because the captured TextStyleSetting is missing.
[14:51:30.640] [1] [WARNING] [BetterInfoCards] Skipping DrawText replay because the captured TextStyleSetting is missing.
[14:51:30.656] [1] [WARNING] [BetterInfoCards] Skipping DrawText replay because the captured TextStyleSetting is missing.
[14:51:30.673] [1] [WARNING] [BetterInfoCards] Skipping DrawText replay because the captured TextStyleSetting is missing.
[14:51:30.689] [1] [WARNING] [BetterInfoCards] Skipping DrawText replay because the captured TextStyleSetting is missing.
[14:51:30.706] [1] [WARNING] [BetterInfoCards] Skipping DrawText replay because the captured TextStyleSetting is missing.
[14:51:30.723] [1] [WARNING] [BetterInfoCards] Skipping DrawText replay because the captured TextStyleSetting is missing.
[14:51:30.740] [1] [WARNING] [BetterInfoCards] Skipping DrawText replay because the captured TextStyleSetting is missing.
[14:51:30.757] [1] [WARNING] [BetterInfoCards] Skipping DrawText replay because the captured TextStyleSetting is missing.
[14:51:30.772] [1] [WARNING] [BetterInfoCards] Skipping DrawText replay because the captured TextStyleSetting is missing.
[14:51:30.789] [1] [WARNING] [BetterInfoCards] Skipping DrawText replay because the captured TextStyleSetting is missing.
[14:51:30.806] [1] [WARNING] [BetterInfoCards] Skipping DrawText replay because the captured TextStyleSetting is missing.
[14:51:30.823] [1] [WARNING] [BetterInfoCards] Skipping DrawText replay because the captured TextStyleSetting is missing.
[14:51:30.839] [1] [WARNING] [BetterInfoCards] Skipping DrawText replay because the captured TextStyleSetting is missing.
[14:51:30.856] [1] [WARNING] [BetterInfoCards] Skipping DrawText replay because the captured TextStyleSetting is missing.
[14:51:30.873] [1] [WARNING] [BetterInfoCards] Skipping DrawText replay because the captured TextStyleSetting is missing.
[14:51:30.891] [1] [WARNING] [BetterInfoCards] Skipping DrawText replay because the captured TextStyleSetting is missing.
[14:51:30.906] [1] [WARNING] [BetterInfoCards] Skipping DrawText replay because the captured TextStyleSetting is missing.
[14:51:30.922] [1] [WARNING] [BetterInfoCards] Skipping DrawText replay because the captured TextStyleSetting is missing.
[14:51:30.939] [1] [WARNING] [BetterInfoCards] Skipping DrawText replay because the captured TextStyleSetting is missing.
[14:51:30.956] [1] [WARNING] [BetterInfoCards] Skipping DrawText replay because the captured TextStyleSetting is missing.
[14:51:30.973] [1] [WARNING] [BetterInfoCards] Skipping DrawText replay because the captured TextStyleSetting is missing.
[14:51:30.990] [1] [WARNING] [BetterInfoCards] Skipping DrawText replay because the captured TextStyleSetting is missing.
[14:51:31.006] [1] [WARNING] [BetterInfoCards] Skipping DrawText replay because the captured TextStyleSetting is missing.
[14:51:31.023] [1] [WARNING] [BetterInfoCards] Skipping DrawText replay because the captured TextStyleSetting is missing.
[14:51:31.039] [1] [WARNING] [BetterInfoCards] Skipping DrawText replay because the captured TextStyleSetting is missing.
[14:51:31.057] [1] [WARNING] [BetterInfoCards] Skipping DrawText replay because the captured TextStyleSetting is missing.
[14:51:31.073] [1] [WARNING] [BetterInfoCards] Skipping DrawText replay because the captured TextStyleSetting is missing.
[14:51:31.090] [1] [WARNING] [BetterInfoCards] Skipping DrawText replay because the captured TextStyleSetting is missing.
[14:51:31.107] [1] [WARNING] [BetterInfoCards] Skipping DrawText replay because the captured TextStyleSetting is missing.
[14:51:31.122] [1] [WARNING] [BetterInfoCards] Skipping DrawText replay because the captured TextStyleSetting is missing.
[14:51:31.140] [1] [WARNING] [BetterInfoCards] Skipping DrawText replay because the captured TextStyleSetting is missing.
[14:51:31.156] [1] [WARNING] [BetterInfoCards] Skipping DrawText replay because the captured TextStyleSetting is missing.
[14:51:31.173] [1] [WARNING] [BetterInfoCards] Skipping DrawText replay because the captured TextStyleSetting is missing.
[14:51:31.189] [1] [WARNING] [BetterInfoCards] Skipping DrawText replay because the captured TextStyleSetting is missing.
[14:51:31.206] [1] [WARNING] [BetterInfoCards] Skipping DrawText replay because the captured TextStyleSetting is missing.
[14:51:31.222] [1] [WARNING] [BetterInfoCards] Skipping DrawText replay because the captured TextStyleSetting is missing.
[14:51:31.240] [1] [WARNING] [BetterInfoCards] Skipping DrawText replay because the captured TextStyleSetting is missing.
[14:51:31.257] [1] [WARNING] [BetterInfoCards] Skipping DrawText replay because the captured TextStyleSetting is missing.
[14:51:31.274] [1] [WARNING] [BetterInfoCards] Skipping DrawText replay because the captured TextStyleSetting is missing.
[14:51:31.289] [1] [WARNING] [BetterInfoCards] Skipping DrawText replay because the captured TextStyleSetting is missing.
[14:51:31.306] [1] [WARNING] [BetterInfoCards] Skipping DrawText replay because the captured TextStyleSetting is missing.
[14:51:31.323] [1] [WARNING] [BetterInfoCards] Skipping DrawText replay because the captured TextStyleSetting is missing.
[14:51:31.340] [1] [WARNING] [BetterInfoCards] Skipping DrawText replay because the captured TextStyleSetting is missing.
[14:51:31.356] [1] [WARNING] [BetterInfoCards] Skipping DrawText replay because the captured TextStyleSetting is missing.
[14:51:31.373] [1] [WARNING] [BetterInfoCards] Skipping DrawText replay because the captured TextStyleSetting is missing.
[14:51:31.390] [1] [WARNING] [BetterInfoCards] Skipping DrawText replay because the captured TextStyleSetting is missing.
[14:51:31.407] [1] [WARNING] [BetterInfoCards] Skipping DrawText replay because the captured TextStyleSetting is missing.
[14:51:31.424] [1] [WARNING] [BetterInfoCards] Skipping DrawText replay because the captured TextStyleSetting is missing.
[14:51:31.439] [1] [WARNING] [BetterInfoCards] Skipping DrawText replay because the captured TextStyleSetting is missing.
[14:51:31.456] [1] [WARNING] [BetterInfoCards] Skipping DrawText replay because the captured TextStyleSetting is missing.
[14:51:31.473] [1] [WARNING] [BetterInfoCards] Skipping DrawText replay because the captured TextStyleSetting is missing.
[14:51:31.490] [1] [WARNING] [BetterInfoCards] Skipping DrawText replay because the captured TextStyleSetting is missing.
[14:51:31.507] [1] [WARNING] [BetterInfoCards] Skipping DrawText replay because the captured TextStyleSetting is missing.
[14:51:31.523] [1] [WARNING] [BetterInfoCards] Skipping DrawText replay because the captured TextStyleSetting is missing.
[14:51:31.540] [1] [WARNING] [BetterInfoCards] Skipping DrawText replay because the captured TextStyleSetting is missing.
[14:51:31.557] [1] [WARNING] [BetterInfoCards] Skipping DrawText replay because the captured TextStyleSetting is missing.
[14:51:31.573] [1] [WARNING] [BetterInfoCards] Skipping DrawText replay because the captured TextStyleSetting is missing.
[14:51:31.590] [1] [WARNING] [BetterInfoCards] Skipping DrawText replay because the captured TextStyleSetting is missing.
[14:51:31.607] [1] [WARNING] [BetterInfoCards] Skipping DrawText replay because the captured TextStyleSetting is missing.
[14:51:31.624] [1] [WARNING] [BetterInfoCards] Skipping DrawText replay because the captured TextStyleSetting is missing.
[14:51:31.640] [1] [WARNING] [BetterInfoCards] Skipping DrawText replay because the captured TextStyleSetting is missing.
[14:51:31.657] [1] [WARNING] [BetterInfoCards] Skipping DrawText replay because the captured TextStyleSetting is missing.
[14:51:31.673] [1] [WARNING] [BetterInfoCards] Skipping DrawText replay because the captured TextStyleSetting is missing.
[14:51:31.689] [1] [WARNING] [BetterInfoCards] Skipping DrawText replay because the captured TextStyleSetting is missing.
[14:51:31.706] [1] [WARNING] [BetterInfoCards] Skipping DrawText replay because the captured TextStyleSetting is missing.
[14:51:31.723] [1] [WARNING] [BetterInfoCards] Skipping DrawText replay because the captured TextStyleSetting is missing.
[14:51:31.740] [1] [WARNING] [BetterInfoCards] Skipping DrawText replay because the captured TextStyleSetting is missing.
[14:51:31.757] [1] [WARNING] [BetterInfoCards] Skipping DrawText replay because the captured TextStyleSetting is missing.
[14:51:31.773] [1] [WARNING] [BetterInfoCards] Skipping DrawText replay because the captured TextStyleSetting is missing.
[14:51:31.789] [1] [WARNING] [BetterInfoCards] Skipping DrawText replay because the captured TextStyleSetting is missing.
[14:51:31.809] [1] [WARNING] [BetterInfoCards] Skipping DrawText replay because the captured TextStyleSetting is missing.
[14:51:31.822] [1] [WARNING] [BetterInfoCards] Skipping DrawText replay because the captured TextStyleSetting is missing.
[14:51:31.841] [1] [WARNING] [BetterInfoCards] Skipping DrawText replay because the captured TextStyleSetting is missing.
[14:51:31.856] [1] [WARNING] [BetterInfoCards] Skipping DrawText replay because the captured TextStyleSetting is missing.
[14:51:31.874] [1] [WARNING] [BetterInfoCards] Skipping DrawText replay because the captured TextStyleSetting is missing.
[14:51:31.889] [1] [WARNING] [BetterInfoCards] Skipping DrawText replay because the captured TextStyleSetting is missing.
[14:51:31.906] [1] [WARNING] [BetterInfoCards] Skipping DrawText replay because the captured TextStyleSetting is missing.
[14:51:31.922] [1] [WARNING] [BetterInfoCards] Skipping DrawText replay because the captured TextStyleSetting is missing.
[14:51:31.941] [1] [WARNING] [BetterInfoCards] Skipping DrawText replay because the captured TextStyleSetting is missing.
[14:51:31.956] [1] [WARNING] [BetterInfoCards] Skipping DrawText replay because the captured TextStyleSetting is missing.
[14:51:31.973] [1] [WARNING] [BetterInfoCards] Skipping DrawText replay because the captured TextStyleSetting is missing.
[14:51:31.989] [1] [WARNING] [BetterInfoCards] Skipping DrawText replay because the captured TextStyleSetting is missing.
[14:51:32.006] [1] [WARNING] [BetterInfoCards] Skipping DrawText replay because the captured TextStyleSetting is missing.
[14:51:32.024] [1] [WARNING] [BetterInfoCards] Skipping DrawText replay because the captured TextStyleSetting is missing.
[14:51:32.039] [1] [WARNING] [BetterInfoCards] Skipping DrawText replay because the captured TextStyleSetting is missing.
[14:51:32.058] [1] [WARNING] [BetterInfoCards] Skipping DrawText replay because the captured TextStyleSetting is missing.
[14:51:32.073] [1] [WARNING] [BetterInfoCards] Skipping DrawText replay because the captured TextStyleSetting is missing.
[14:51:32.089] [1] [WARNING] [BetterInfoCards] Skipping DrawText replay because the captured TextStyleSetting is missing.
[14:51:32.106] [1] [WARNING] [BetterInfoCards] Skipping DrawText replay because the captured TextStyleSetting is missing.
[14:51:32.123] [1] [WARNING] [BetterInfoCards] Skipping DrawText replay because the captured TextStyleSetting is missing.
[14:51:32.139] [1] [WARNING] [BetterInfoCards] Skipping DrawText replay because the captured TextStyleSetting is missing.
[14:51:32.156] [1] [WARNING] [BetterInfoCards] Skipping DrawText replay because the captured TextStyleSetting is missing.
[14:51:32.173] [1] [WARNING] [BetterInfoCards] Skipping DrawText replay because the captured TextStyleSetting is missing.
[14:51:32.189] [1] [WARNING] [BetterInfoCards] Skipping DrawText replay because the captured TextStyleSetting is missing.
[14:51:32.207] [1] [WARNING] [BetterInfoCards] Skipping DrawText replay because the captured TextStyleSetting is missing.
[14:51:32.224] [1] [WARNING] [BetterInfoCards] Skipping DrawText replay because the captured TextStyleSetting is missing.
[14:51:32.240] [1] [WARNING] [BetterInfoCards] Skipping DrawText replay because the captured TextStyleSetting is missing.
[14:51:32.256] [1] [WARNING] [BetterInfoCards] Skipping DrawText replay because the captured TextStyleSetting is missing.
[14:51:32.274] [1] [WARNING] [BetterInfoCards] Skipping DrawText replay because the captured TextStyleSetting is missing.
[14:51:32.290] [1] [WARNING] [BetterInfoCards] Skipping DrawText replay because the captured TextStyleSetting is missing.
[14:51:32.306] [1] [WARNING] [BetterInfoCards] Skipping DrawText replay because the captured TextStyleSetting is missing.
[14:51:32.323] [1] [WARNING] [BetterInfoCards] Skipping DrawText replay because the captured TextStyleSetting is missing.
[14:51:32.339] [1] [WARNING] [BetterInfoCards] Skipping DrawText replay because the captured TextStyleSetting is missing.
[14:51:32.357] [1] [WARNING] [BetterInfoCards] Skipping DrawText replay because the captured TextStyleSetting is missing.
[14:51:32.373] [1] [WARNING] [BetterInfoCards] Skipping DrawText replay because the captured TextStyleSetting is missing.
[14:51:32.391] [1] [WARNING] [BetterInfoCards] Skipping DrawText replay because the captured TextStyleSetting is missing.
[14:51:32.406] [1] [WARNING] [BetterInfoCards] Skipping DrawText replay because the captured TextStyleSetting is missing.
[14:51:32.423] [1] [WARNING] [BetterInfoCards] Skipping DrawText replay because the captured TextStyleSetting is missing.
[14:51:32.439] [1] [WARNING] [BetterInfoCards] Skipping DrawText replay because the captured TextStyleSetting is missing.
[14:51:32.457] [1] [WARNING] [BetterInfoCards] Skipping DrawText replay because the captured TextStyleSetting is missing.
[14:51:32.474] [1] [WARNING] [BetterInfoCards] Skipping DrawText replay because the captured TextStyleSetting is missing.
[14:51:32.491] [1] [WARNING] [BetterInfoCards] Skipping DrawText replay because the captured TextStyleSetting is missing.
[14:51:32.507] [1] [WARNING] [BetterInfoCards] Skipping DrawText replay because the captured TextStyleSetting is missing.
[14:51:32.523] [1] [WARNING] [BetterInfoCards] Skipping DrawText replay because the captured TextStyleSetting is missing.
[14:51:32.540] [1] [WARNING] [BetterInfoCards] Skipping DrawText replay because the captured TextStyleSetting is missing.
[14:51:32.556] [1] [WARNING] [BetterInfoCards] Skipping DrawText replay because the captured TextStyleSetting is missing.
[14:51:32.574] [1] [WARNING] [BetterInfoCards] Skipping DrawText replay because the captured TextStyleSetting is missing.
[14:51:32.590] [1] [WARNING] [BetterInfoCards] Skipping DrawText replay because the captured TextStyleSetting is missing.
[14:51:32.609] [1] [WARNING] [BetterInfoCards] Skipping DrawText replay because the captured TextStyleSetting is missing.
[14:51:32.624] [1] [WARNING] [BetterInfoCards] Skipping DrawText replay because the captured TextStyleSetting is missing.
[14:51:32.641] [1] [WARNING] [BetterInfoCards] Skipping DrawText replay because the captured TextStyleSetting is missing.
[14:51:32.656] [1] [WARNING] [BetterInfoCards] Skipping DrawText replay because the captured TextStyleSetting is missing.
[14:51:32.673] [1] [WARNING] [BetterInfoCards] Skipping DrawText replay because the captured TextStyleSetting is missing.
[14:51:32.689] [1] [WARNING] [BetterInfoCards] Skipping DrawText replay because the captured TextStyleSetting is missing.
[14:51:32.707] [1] [WARNING] [BetterInfoCards] Skipping DrawText replay because the captured TextStyleSetting is missing.
[14:51:32.724] [1] [WARNING] [BetterInfoCards] Skipping DrawText replay because the captured TextStyleSetting is missing.
[14:51:32.740] [1] [WARNING] [BetterInfoCards] Skipping DrawText replay because the captured TextStyleSetting is missing.
[14:51:32.756] [1] [WARNING] [BetterInfoCards] Skipping DrawText replay because the captured TextStyleSetting is missing.
[14:51:32.773] [1] [WARNING] [BetterInfoCards] Skipping DrawText replay because the captured TextStyleSetting is missing.
[14:51:32.791] [1] [WARNING] [BetterInfoCards] Skipping DrawText replay because the captured TextStyleSetting is missing.
[14:51:32.807] [1] [WARNING] [BetterInfoCards] Skipping DrawText replay because the captured TextStyleSetting is missing.
[14:51:32.822] [1] [WARNING] [BetterInfoCards] Skipping DrawText replay because the captured TextStyleSetting is missing.
[14:51:32.840] [1] [WARNING] [BetterInfoCards] Skipping DrawText replay because the captured TextStyleSetting is missing.
[14:51:32.857] [1] [WARNING] [BetterInfoCards] Skipping DrawText replay because the captured TextStyleSetting is missing.
[14:51:32.873] [1] [WARNING] [BetterInfoCards] Skipping DrawText replay because the captured TextStyleSetting is missing.
[14:51:32.891] [1] [WARNING] [BetterInfoCards] Skipping DrawText replay because the captured TextStyleSetting is missing.
[14:51:32.907] [1] [WARNING] [BetterInfoCards] Skipping DrawText replay because the captured TextStyleSetting is missing.
[14:51:32.923] [1] [WARNING] [BetterInfoCards] Skipping DrawText replay because the captured TextStyleSetting is missing.
[14:51:32.940] [1] [WARNING] [BetterInfoCards] Skipping DrawText replay because the captured TextStyleSetting is missing.
[14:51:32.956] [1] [WARNING] [BetterInfoCards] Skipping DrawText replay because the captured TextStyleSetting is missing.
[14:51:32.974] [1] [WARNING] [BetterInfoCards] Skipping DrawText replay because the captured TextStyleSetting is missing.
[14:51:32.990] [1] [WARNING] [BetterInfoCards] Skipping DrawText replay because the captured TextStyleSetting is missing.
[14:51:33.009] [1] [WARNING] [BetterInfoCards] Skipping DrawText replay because the captured TextStyleSetting is missing.
[14:51:33.023] [1] [WARNING] [BetterInfoCards] Skipping DrawText replay because the captured TextStyleSetting is missing.
[14:51:33.039] [1] [WARNING] [BetterInfoCards] Skipping DrawText replay because the captured TextStyleSetting is missing.
[14:51:33.056] [1] [WARNING] [BetterInfoCards] Skipping DrawText replay because the captured TextStyleSetting is missing.
[14:51:33.073] [1] [WARNING] [BetterInfoCards] Skipping DrawText replay because the captured TextStyleSetting is missing.
[14:51:33.089] [1] [WARNING] [BetterInfoCards] Skipping DrawText replay because the captured TextStyleSetting is missing.
[14:51:33.106] [1] [WARNING] [BetterInfoCards] Skipping DrawText replay because the captured TextStyleSetting is missing.
[14:51:33.123] [1] [WARNING] [BetterInfoCards] Skipping DrawText replay because the captured TextStyleSetting is missing.
[14:51:33.139] [1] [WARNING] [BetterInfoCards] Skipping DrawText replay because the captured TextStyleSetting is missing.
[14:51:33.157] [1] [WARNING] [BetterInfoCards] Skipping DrawText replay because the captured TextStyleSetting is missing.
[14:51:33.173] [1] [WARNING] [BetterInfoCards] Skipping DrawText replay because the captured TextStyleSetting is missing.
[14:51:33.189] [1] [WARNING] [BetterInfoCards] Skipping DrawText replay because the captured TextStyleSetting is missing.
[14:51:33.206] [1] [WARNING] [BetterInfoCards] Skipping DrawText replay because the captured TextStyleSetting is missing.
[14:51:33.223] [1] [WARNING] [BetterInfoCards] Skipping DrawText replay because the captured TextStyleSetting is missing.
[14:51:33.240] [1] [WARNING] [BetterInfoCards] Skipping DrawText replay because the captured TextStyleSetting is missing.
[14:51:33.257] [1] [WARNING] [BetterInfoCards] Skipping DrawText replay because the captured TextStyleSetting is missing.
[14:51:33.273] [1] [WARNING] [BetterInfoCards] Skipping DrawText replay because the captured TextStyleSetting is missing.
[14:51:33.290] [1] [WARNING] [BetterInfoCards] Skipping DrawText replay because the captured TextStyleSetting is missing.
[14:51:33.307] [1] [WARNING] [BetterInfoCards] Skipping DrawText replay because the captured TextStyleSetting is missing.
[14:51:33.323] [1] [WARNING] [BetterInfoCards] Skipping DrawText replay because the captured TextStyleSetting is missing.
[14:51:33.339] [1] [WARNING] [BetterInfoCards] Skipping DrawText replay because the captured TextStyleSetting is missing.
[14:51:33.356] [1] [WARNING] [BetterInfoCards] Skipping DrawText replay because the captured TextStyleSetting is missing.
[14:51:33.374] [1] [WARNING] [BetterInfoCards] Skipping DrawText replay because the captured TextStyleSetting is missing.
[14:51:33.389] [1] [WARNING] [BetterInfoCards] Skipping DrawText replay because the captured TextStyleSetting is missing.
[14:51:33.406] [1] [WARNING] [BetterInfoCards] Skipping DrawText replay because the captured TextStyleSetting is missing.
[14:51:33.423] [1] [WARNING] [BetterInfoCards] Skipping DrawText replay because the captured TextStyleSetting is missing.
[14:51:33.440] [1] [WARNING] [BetterInfoCards] Skipping DrawText replay because the captured TextStyleSetting is missing.
[14:51:33.458] [1] [WARNING] [BetterInfoCards] Skipping DrawText replay because the captured TextStyleSetting is missing.
[14:51:33.474] [1] [WARNING] [BetterInfoCards] Skipping DrawText replay because the captured TextStyleSetting is missing.
[14:51:33.489] [1] [WARNING] [BetterInfoCards] Skipping DrawText replay because the captured TextStyleSetting is missing.
[14:51:33.507] [1] [WARNING] [BetterInfoCards] Skipping DrawText replay because the captured TextStyleSetting is missing.
[14:51:33.522] [1] [WARNING] [BetterInfoCards] Skipping DrawText replay because the captured TextStyleSetting is missing.
[14:51:33.539] [1] [WARNING] [BetterInfoCards] Skipping DrawText replay because the captured TextStyleSetting is missing.
[14:51:33.555] [1] [WARNING] [BetterInfoCards] Skipping DrawText replay because the captured TextStyleSetting is missing.
[14:51:33.573] [1] [WARNING] [BetterInfoCards] Skipping DrawText replay because the captured TextStyleSetting is missing.
[14:51:33.590] [1] [WARNING] [BetterInfoCards] Skipping DrawText replay because the captured TextStyleSetting is missing.
[14:51:33.606] [1] [WARNING] [BetterInfoCards] Skipping DrawText replay because the captured TextStyleSetting is missing.
[14:51:33.622] [1] [WARNING] [BetterInfoCards] Skipping DrawText replay because the captured TextStyleSetting is missing.
[14:51:33.639] [1] [WARNING] [BetterInfoCards] Skipping DrawText replay because the captured TextStyleSetting is missing.
[14:51:33.657] [1] [WARNING] [BetterInfoCards] Skipping DrawText replay because the captured TextStyleSetting is missing.
[14:51:33.674] [1] [WARNING] [BetterInfoCards] Skipping DrawText replay because the captured TextStyleSetting is missing.
[14:51:33.689] [1] [WARNING] [BetterInfoCards] Skipping DrawText replay because the captured TextStyleSetting is missing.
[14:51:33.706] [1] [WARNING] [BetterInfoCards] Skipping DrawText replay because the captured TextStyleSetting is missing.
[14:51:33.722] [1] [WARNING] [BetterInfoCards] Skipping DrawText replay because the captured TextStyleSetting is missing.
[14:51:33.740] [1] [WARNING] [BetterInfoCards] Skipping DrawText replay because the captured TextStyleSetting is missing.
[14:51:33.756] [1] [WARNING] [BetterInfoCards] Skipping DrawText replay because the captured TextStyleSetting is missing.
[14:51:33.773] [1] [WARNING] [BetterInfoCards] Skipping DrawText replay because the captured TextStyleSetting is missing.
[14:51:33.789] [1] [WARNING] [BetterInfoCards] Skipping DrawText replay because the captured TextStyleSetting is missing.
[14:51:33.806] [1] [WARNING] [BetterInfoCards] Skipping DrawText replay because the captured TextStyleSetting is missing.
[14:51:33.823] [1] [WARNING] [BetterInfoCards] Skipping DrawText replay because the captured TextStyleSetting is missing.
[14:51:33.839] [1] [WARNING] [BetterInfoCards] Skipping DrawText replay because the captured TextStyleSetting is missing.
[14:51:33.856] [1] [WARNING] [BetterInfoCards] Skipping DrawText replay because the captured TextStyleSetting is missing.
[14:51:33.873] [1] [WARNING] [BetterInfoCards] Skipping DrawText replay because the captured TextStyleSetting is missing.
[14:51:33.890] [1] [WARNING] [BetterInfoCards] Skipping DrawText replay because the captured TextStyleSetting is missing.
[14:51:33.906] [1] [WARNING] [BetterInfoCards] Skipping DrawText replay because the captured TextStyleSetting is missing.
[14:51:33.922] [1] [WARNING] [BetterInfoCards] Skipping DrawText replay because the captured TextStyleSetting is missing.
[14:51:33.939] [1] [WARNING] [BetterInfoCards] Skipping DrawText replay because the captured TextStyleSetting is missing.
[14:51:33.956] [1] [WARNING] [BetterInfoCards] Skipping DrawText replay because the captured TextStyleSetting is missing.
[14:51:33.973] [1] [WARNING] [BetterInfoCards] Skipping DrawText replay because the captured TextStyleSetting is missing.
[14:51:33.989] [1] [WARNING] [BetterInfoCards] Skipping DrawText replay because the captured TextStyleSetting is missing.
[14:51:34.006] [1] [WARNING] [BetterInfoCards] Skipping DrawText replay because the captured TextStyleSetting is missing.
[14:51:34.022] [1] [WARNING] [BetterInfoCards] Skipping DrawText replay because the captured TextStyleSetting is missing.
[14:51:34.039] [1] [WARNING] [BetterInfoCards] Skipping DrawText replay because the captured TextStyleSetting is missing.
[14:51:34.059] [1] [WARNING] [BetterInfoCards] Skipping DrawText replay because the captured TextStyleSetting is missing.
[14:51:34.071] [1] [WARNING] [BetterInfoCards] Skipping DrawText replay because the captured TextStyleSetting is missing.
[14:51:34.089] [1] [WARNING] [BetterInfoCards] Skipping DrawText replay because the captured TextStyleSetting is missing.
[14:51:34.107] [1] [WARNING] [BetterInfoCards] Skipping DrawText replay because the captured TextStyleSetting is missing.
[14:51:34.123] [1] [WARNING] [BetterInfoCards] Skipping DrawText replay because the captured TextStyleSetting is missing.
[14:51:34.139] [1] [WARNING] [BetterInfoCards] Skipping DrawText replay because the captured TextStyleSetting is missing.
[14:51:34.156] [1] [WARNING] [BetterInfoCards] Skipping DrawText replay because the captured TextStyleSetting is missing.
[14:51:34.173] [1] [WARNING] [BetterInfoCards] Skipping DrawText replay because the captured TextStyleSetting is missing.
[14:51:34.190] [1] [WARNING] [BetterInfoCards] Skipping DrawText replay because the captured TextStyleSetting is missing.
[14:51:34.207] [1] [WARNING] [BetterInfoCards] Skipping DrawText replay because the captured TextStyleSetting is missing.
[14:51:34.222] [1] [WARNING] [BetterInfoCards] Skipping DrawText replay because the captured TextStyleSetting is missing.
[14:51:34.240] [1] [WARNING] [BetterInfoCards] Skipping DrawText replay because the captured TextStyleSetting is missing.
[14:51:34.257] [1] [WARNING] [BetterInfoCards] Skipping DrawText replay because the captured TextStyleSetting is missing.
[14:51:34.271] [1] [WARNING] [BetterInfoCards] Skipping DrawText replay because the captured TextStyleSetting is missing.
[14:51:34.289] [1] [WARNING] [BetterInfoCards] Skipping DrawText replay because the captured TextStyleSetting is missing.
[14:51:34.306] [1] [WARNING] [BetterInfoCards] Skipping DrawText replay because the captured TextStyleSetting is missing.
[14:51:34.323] [1] [WARNING] [BetterInfoCards] Skipping DrawText replay because the captured TextStyleSetting is missing.
[14:51:34.340] [1] [WARNING] [BetterInfoCards] Skipping DrawText replay because the captured TextStyleSetting is missing.
[14:51:34.357] [1] [WARNING] [BetterInfoCards] Skipping DrawText replay because the captured TextStyleSetting is missing.
[14:51:34.373] [1] [WARNING] [BetterInfoCards] Skipping DrawText replay because the captured TextStyleSetting is missing.
[14:51:34.389] [1] [WARNING] [BetterInfoCards] Skipping DrawText replay because the captured TextStyleSetting is missing.
[14:51:34.406] [1] [WARNING] [BetterInfoCards] Skipping DrawText replay because the captured TextStyleSetting is missing.
[14:51:34.423] [1] [WARNING] [BetterInfoCards] Skipping DrawText replay because the captured TextStyleSetting is missing.
[14:51:34.439] [1] [WARNING] [BetterInfoCards] Skipping DrawText replay because the captured TextStyleSetting is missing.
[14:51:34.456] [1] [WARNING] [BetterInfoCards] Skipping DrawText replay because the captured TextStyleSetting is missing.
[14:51:34.474] [1] [WARNING] [BetterInfoCards] Skipping DrawText replay because the captured TextStyleSetting is missing.
[14:51:34.489] [1] [WARNING] [BetterInfoCards] Skipping DrawText replay because the captured TextStyleSetting is missing.
[14:51:34.507] [1] [WARNING] [BetterInfoCards] Skipping DrawText replay because the captured TextStyleSetting is missing.
[14:51:34.523] [1] [WARNING] [BetterInfoCards] Skipping DrawText replay because the captured TextStyleSetting is missing.
[14:51:34.540] [1] [WARNING] [BetterInfoCards] Skipping DrawText replay because the captured TextStyleSetting is missing.
[14:51:34.557] [1] [WARNING] [BetterInfoCards] Skipping DrawText replay because the captured TextStyleSetting is missing.
[14:51:34.573] [1] [WARNING] [BetterInfoCards] Skipping DrawText replay because the captured TextStyleSetting is missing.
[14:51:34.590] [1] [WARNING] [BetterInfoCards] Skipping DrawText replay because the captured TextStyleSetting is missing.
[14:51:34.606] [1] [WARNING] [BetterInfoCards] Skipping DrawText replay because the captured TextStyleSetting is missing.
[14:51:34.624] [1] [WARNING] [BetterInfoCards] Skipping DrawText replay because the captured TextStyleSetting is missing.
[14:51:34.640] [1] [WARNING] [BetterInfoCards] Skipping DrawText replay because the captured TextStyleSetting is missing.
[14:51:34.658] [1] [WARNING] [BetterInfoCards] Skipping DrawText replay because the captured TextStyleSetting is missing.
[14:51:34.674] [1] [WARNING] [BetterInfoCards] Skipping DrawText replay because the captured TextStyleSetting is missing.
[14:51:34.691] [1] [WARNING] [BetterInfoCards] Skipping DrawText replay because the captured TextStyleSetting is missing.
[14:51:34.708] [1] [WARNING] [BetterInfoCards] Skipping DrawText replay because the captured TextStyleSetting is missing.
[14:51:34.723] [1] [WARNING] [BetterInfoCards] Skipping DrawText replay because the captured TextStyleSetting is missing.
[14:51:34.740] [1] [WARNING] [BetterInfoCards] Skipping DrawText replay because the captured TextStyleSetting is missing.
[14:51:34.757] [1] [WARNING] [BetterInfoCards] Skipping DrawText replay because the captured TextStyleSetting is missing.
[14:51:34.773] [1] [WARNING] [BetterInfoCards] Skipping DrawText replay because the captured TextStyleSetting is missing.
[14:51:34.790] [1] [WARNING] [BetterInfoCards] Skipping DrawText replay because the captured TextStyleSetting is missing.
[14:51:34.808] [1] [WARNING] [BetterInfoCards] Skipping DrawText replay because the captured TextStyleSetting is missing.
[14:51:34.823] [1] [WARNING] [BetterInfoCards] Skipping DrawText replay because the captured TextStyleSetting is missing.
[14:51:34.840] [1] [WARNING] [BetterInfoCards] Skipping DrawText replay because the captured TextStyleSetting is missing.
[14:51:34.856] [1] [WARNING] [BetterInfoCards] Skipping DrawText replay because the captured TextStyleSetting is missing.
[14:51:34.873] [1] [WARNING] [BetterInfoCards] Skipping DrawText replay because the captured TextStyleSetting is missing.
[14:51:34.890] [1] [WARNING] [BetterInfoCards] Skipping DrawText replay because the captured TextStyleSetting is missing.
[14:51:34.906] [1] [WARNING] [BetterInfoCards] Skipping DrawText replay because the captured TextStyleSetting is missing.
[14:51:34.923] [1] [WARNING] [BetterInfoCards] Skipping DrawText replay because the captured TextStyleSetting is missing.
[14:51:34.939] [1] [WARNING] [BetterInfoCards] Skipping DrawText replay because the captured TextStyleSetting is missing.
[14:51:34.956] [1] [WARNING] [BetterInfoCards] Skipping DrawText replay because the captured TextStyleSetting is missing.
[14:51:34.973] [1] [WARNING] [BetterInfoCards] Skipping DrawText replay because the captured TextStyleSetting is missing.
[14:51:34.989] [1] [WARNING] [BetterInfoCards] Skipping DrawText replay because the captured TextStyleSetting is missing.
[14:51:35.006] [1] [WARNING] [BetterInfoCards] Skipping DrawText replay because the captured TextStyleSetting is missing.
[14:51:35.022] [1] [WARNING] [BetterInfoCards] Skipping DrawText replay because the captured TextStyleSetting is missing.
[14:51:35.039] [1] [WARNING] [BetterInfoCards] Skipping DrawText replay because the captured TextStyleSetting is missing.
[14:51:35.056] [1] [WARNING] [BetterInfoCards] Skipping DrawText replay because the captured TextStyleSetting is missing.
[14:51:35.072] [1] [WARNING] [BetterInfoCards] Skipping DrawText replay because the captured TextStyleSetting is missing.
[14:51:35.089] [1] [WARNING] [BetterInfoCards] Skipping DrawText replay because the captured TextStyleSetting is missing.
[14:51:35.107] [1] [WARNING] [BetterInfoCards] Skipping DrawText replay because the captured TextStyleSetting is missing.
[14:51:35.123] [1] [WARNING] [BetterInfoCards] Skipping DrawText replay because the captured TextStyleSetting is missing.
[14:51:35.140] [1] [WARNING] [BetterInfoCards] Skipping DrawText replay because the captured TextStyleSetting is missing.
[14:51:35.156] [1] [WARNING] [BetterInfoCards] Skipping DrawText replay because the captured TextStyleSetting is missing.
[14:51:35.174] [1] [WARNING] [BetterInfoCards] Skipping DrawText replay because the captured TextStyleSetting is missing.
[14:51:35.190] [1] [WARNING] [BetterInfoCards] Skipping DrawText replay because the captured TextStyleSetting is missing.
[14:51:35.206] [1] [WARNING] [BetterInfoCards] Skipping DrawText replay because the captured TextStyleSetting is missing.
[14:51:35.223] [1] [WARNING] [BetterInfoCards] Skipping DrawText replay because the captured TextStyleSetting is missing.
[14:51:35.239] [1] [WARNING] [BetterInfoCards] Skipping DrawText replay because the captured TextStyleSetting is missing.
[14:51:35.256] [1] [WARNING] [BetterInfoCards] Skipping DrawText replay because the captured TextStyleSetting is missing.
[14:51:35.273] [1] [WARNING] [BetterInfoCards] Skipping DrawText replay because the captured TextStyleSetting is missing.
[14:51:35.290] [1] [WARNING] [BetterInfoCards] Skipping DrawText replay because the captured TextStyleSetting is missing.
[14:51:35.306] [1] [WARNING] [BetterInfoCards] Skipping DrawText replay because the captured TextStyleSetting is missing.
[14:51:35.322] [1] [WARNING] [BetterInfoCards] Skipping DrawText replay because the captured TextStyleSetting is missing.
[14:51:35.339] [1] [WARNING] [BetterInfoCards] Skipping DrawText replay because the captured TextStyleSetting is missing.
[14:51:35.357] [1] [WARNING] [BetterInfoCards] Skipping DrawText replay because the captured TextStyleSetting is missing.
[14:51:35.372] [1] [WARNING] [BetterInfoCards] Skipping DrawText replay because the captured TextStyleSetting is missing.
[14:51:35.389] [1] [WARNING] [BetterInfoCards] Skipping DrawText replay because the captured TextStyleSetting is missing.
[14:51:35.406] [1] [WARNING] [BetterInfoCards] Skipping DrawText replay because the captured TextStyleSetting is missing.
[14:51:35.423] [1] [WARNING] [BetterInfoCards] Skipping DrawText replay because the captured TextStyleSetting is missing.
[14:51:35.439] [1] [WARNING] [BetterInfoCards] Skipping DrawText replay because the captured TextStyleSetting is missing.
[14:51:35.456] [1] [WARNING] [BetterInfoCards] Skipping DrawText replay because the captured TextStyleSetting is missing.
[14:51:35.472] [1] [WARNING] [BetterInfoCards] Skipping DrawText replay because the captured TextStyleSetting is missing.
[14:51:35.489] [1] [WARNING] [BetterInfoCards] Skipping DrawText replay because the captured TextStyleSetting is missing.
[14:51:35.507] [1] [WARNING] [BetterInfoCards] Skipping DrawText replay because the captured TextStyleSetting is missing.
[14:51:35.525] [1] [WARNING] [BetterInfoCards] Skipping DrawText replay because the captured TextStyleSetting is missing.
[14:51:35.539] [1] [WARNING] [BetterInfoCards] Skipping DrawText replay because the captured TextStyleSetting is missing.
[14:51:35.555] [1] [WARNING] [BetterInfoCards] Skipping DrawText replay because the captured TextStyleSetting is missing.
[14:51:35.572] [1] [WARNING] [BetterInfoCards] Skipping DrawText replay because the captured TextStyleSetting is missing.
[14:51:35.589] [1] [WARNING] [BetterInfoCards] Skipping DrawText replay because the captured TextStyleSetting is missing.
[14:51:35.605] [1] [WARNING] [BetterInfoCards] Skipping DrawText replay because the captured TextStyleSetting is missing.
[14:51:35.622] [1] [WARNING] [BetterInfoCards] Skipping DrawText replay because the captured TextStyleSetting is missing.
[14:51:35.639] [1] [WARNING] [BetterInfoCards] Skipping DrawText replay because the captured TextStyleSetting is missing.
[14:51:35.656] [1] [WARNING] [BetterInfoCards] Skipping DrawText replay because the captured TextStyleSetting is missing.
[14:51:35.672] [1] [WARNING] [BetterInfoCards] Skipping DrawText replay because the captured TextStyleSetting is missing.
[14:51:35.690] [1] [WARNING] [BetterInfoCards] Skipping DrawText replay because the captured TextStyleSetting is missing.
[14:51:35.706] [1] [WARNING] [BetterInfoCards] Skipping DrawText replay because the captured TextStyleSetting is missing.
[14:51:35.723] [1] [WARNING] [BetterInfoCards] Skipping DrawText replay because the captured TextStyleSetting is missing.
[14:51:35.740] [1] [WARNING] [BetterInfoCards] Skipping DrawText replay because the captured TextStyleSetting is missing.
[14:51:35.755] [1] [WARNING] [BetterInfoCards] Skipping DrawText replay because the captured TextStyleSetting is missing.
[14:51:35.772] [1] [WARNING] [BetterInfoCards] Skipping DrawText replay because the captured TextStyleSetting is missing.
[14:51:35.791] [1] [WARNING] [BetterInfoCards] Skipping DrawText replay because the captured TextStyleSetting is missing.
[14:51:35.807] [1] [WARNING] [BetterInfoCards] Skipping DrawText replay because the captured TextStyleSetting is missing.
[14:51:35.822] [1] [WARNING] [BetterInfoCards] Skipping DrawText replay because the captured TextStyleSetting is missing.
[14:51:35.839] [1] [WARNING] [BetterInfoCards] Skipping DrawText replay because the captured TextStyleSetting is missing.
[14:51:35.856] [1] [WARNING] [BetterInfoCards] Skipping DrawText replay because the captured TextStyleSetting is missing.
[14:51:35.874] [1] [WARNING] [BetterInfoCards] Skipping DrawText replay because the captured TextStyleSetting is missing.
[14:51:35.889] [1] [WARNING] [BetterInfoCards] Skipping DrawText replay because the captured TextStyleSetting is missing.
[14:51:35.906] [1] [WARNING] [BetterInfoCards] Skipping DrawText replay because the captured TextStyleSetting is missing.
[14:51:35.924] [1] [WARNING] [BetterInfoCards] Skipping DrawText replay because the captured TextStyleSetting is missing.
[14:51:35.941] [1] [WARNING] [BetterInfoCards] Skipping DrawText replay because the captured TextStyleSetting is missing.
[14:51:35.957] [1] [WARNING] [BetterInfoCards] Skipping DrawText replay because the captured TextStyleSetting is missing.
[14:51:35.974] [1] [WARNING] [BetterInfoCards] Skipping DrawText replay because the captured TextStyleSetting is missing.
[14:51:35.990] [1] [WARNING] [BetterInfoCards] Skipping DrawText replay because the captured TextStyleSetting is missing.
[14:51:36.007] [1] [WARNING] [BetterInfoCards] Skipping DrawText replay because the captured TextStyleSetting is missing.
[14:51:36.023] [1] [WARNING] [BetterInfoCards] Skipping DrawText replay because the captured TextStyleSetting is missing.
[14:51:36.040] [1] [WARNING] [BetterInfoCards] Skipping DrawText replay because the captured TextStyleSetting is missing.
[14:51:36.057] [1] [WARNING] [BetterInfoCards] Skipping DrawText replay because the captured TextStyleSetting is missing.
[14:51:36.072] [1] [WARNING] [BetterInfoCards] Skipping DrawText replay because the captured TextStyleSetting is missing.
[14:51:36.089] [1] [WARNING] [BetterInfoCards] Skipping DrawText replay because the captured TextStyleSetting is missing.
[14:51:36.106] [1] [WARNING] [BetterInfoCards] Skipping DrawText replay because the captured TextStyleSetting is missing.
[14:51:36.123] [1] [WARNING] [BetterInfoCards] Skipping DrawText replay because the captured TextStyleSetting is missing.
[14:51:36.139] [1] [WARNING] [BetterInfoCards] Skipping DrawText replay because the captured TextStyleSetting is missing.
[14:51:36.156] [1] [WARNING] [BetterInfoCards] Skipping DrawText replay because the captured TextStyleSetting is missing.
[14:51:36.172] [1] [WARNING] [BetterInfoCards] Skipping DrawText replay because the captured TextStyleSetting is missing.
[14:51:36.189] [1] [WARNING] [BetterInfoCards] Skipping DrawText replay because the captured TextStyleSetting is missing.
[14:51:36.206] [1] [WARNING] [BetterInfoCards] Skipping DrawText replay because the captured TextStyleSetting is missing.
[14:51:36.223] [1] [WARNING] [BetterInfoCards] Skipping DrawText replay because the captured TextStyleSetting is missing.
[14:51:36.241] [1] [WARNING] [BetterInfoCards] Skipping DrawText replay because the captured TextStyleSetting is missing.
[14:51:36.256] [1] [WARNING] [BetterInfoCards] Skipping DrawText replay because the captured TextStyleSetting is missing.
[14:51:36.274] [1] [WARNING] [BetterInfoCards] Skipping DrawText replay because the captured TextStyleSetting is missing.
[14:51:36.289] [1] [WARNING] [BetterInfoCards] Skipping DrawText replay because the captured TextStyleSetting is missing.
[14:51:36.306] [1] [WARNING] [BetterInfoCards] Skipping DrawText replay because the captured TextStyleSetting is missing.
[14:51:36.322] [1] [WARNING] [BetterInfoCards] Skipping DrawText replay because the captured TextStyleSetting is missing.
[14:51:36.340] [1] [WARNING] [BetterInfoCards] Skipping DrawText replay because the captured TextStyleSetting is missing.
[14:51:36.356] [1] [WARNING] [BetterInfoCards] Skipping DrawText replay because the captured TextStyleSetting is missing.
[14:51:36.372] [1] [WARNING] [BetterInfoCards] Skipping DrawText replay because the captured TextStyleSetting is missing.
[14:51:36.389] [1] [WARNING] [BetterInfoCards] Skipping DrawText replay because the captured TextStyleSetting is missing.
[14:51:36.405] [1] [WARNING] [BetterInfoCards] Skipping DrawText replay because the captured TextStyleSetting is missing.
[14:51:36.422] [1] [WARNING] [BetterInfoCards] Skipping DrawText replay because the captured TextStyleSetting is missing.
[14:51:36.439] [1] [WARNING] [BetterInfoCards] Skipping DrawText replay because the captured TextStyleSetting is missing.
[14:51:36.456] [1] [WARNING] [BetterInfoCards] Skipping DrawText replay because the captured TextStyleSetting is missing.
[14:51:36.472] [1] [WARNING] [BetterInfoCards] Skipping DrawText replay because the captured TextStyleSetting is missing.
[14:51:36.490] [1] [WARNING] [BetterInfoCards] Skipping DrawText replay because the captured TextStyleSetting is missing.
[14:51:36.506] [1] [WARNING] [BetterInfoCards] Skipping DrawText replay because the captured TextStyleSetting is missing.
[14:51:36.523] [1] [WARNING] [BetterInfoCards] Skipping DrawText replay because the captured TextStyleSetting is missing.
[14:51:36.539] [1] [WARNING] [BetterInfoCards] Skipping DrawText replay because the captured TextStyleSetting is missing.
[14:51:36.556] [1] [WARNING] [BetterInfoCards] Skipping DrawText replay because the captured TextStyleSetting is missing.
[14:51:36.572] [1] [WARNING] [BetterInfoCards] Skipping DrawText replay because the captured TextStyleSetting is missing.
[14:51:36.589] [1] [WARNING] [BetterInfoCards] Skipping DrawText replay because the captured TextStyleSetting is missing.
[14:51:36.609] [1] [WARNING] [BetterInfoCards] Skipping DrawText replay because the captured TextStyleSetting is missing.
[14:51:36.622] [1] [WARNING] [BetterInfoCards] Skipping DrawText replay because the captured TextStyleSetting is missing.
[14:51:36.639] [1] [WARNING] [BetterInfoCards] Skipping DrawText replay because the captured TextStyleSetting is missing.
[14:51:36.657] [1] [WARNING] [BetterInfoCards] Skipping DrawText replay because the captured TextStyleSetting is missing.
[14:51:36.673] [1] [WARNING] [BetterInfoCards] Skipping DrawText replay because the captured TextStyleSetting is missing.
[14:51:36.689] [1] [WARNING] [BetterInfoCards] Skipping DrawText replay because the captured TextStyleSetting is missing.
[14:51:36.707] [1] [WARNING] [BetterInfoCards] Skipping DrawText replay because the captured TextStyleSetting is missing.
[14:51:36.723] [1] [WARNING] [BetterInfoCards] Skipping DrawText replay because the captured TextStyleSetting is missing.
[14:51:36.739] [1] [WARNING] [BetterInfoCards] Skipping DrawText replay because the captured TextStyleSetting is missing.
[14:51:36.758] [1] [WARNING] [BetterInfoCards] Skipping DrawText replay because the captured TextStyleSetting is missing.
[14:51:36.772] [1] [WARNING] [BetterInfoCards] Skipping DrawText replay because the captured TextStyleSetting is missing.
[14:51:36.789] [1] [WARNING] [BetterInfoCards] Skipping DrawText replay because the captured TextStyleSetting is missing.
[14:51:36.806] [1] [WARNING] [BetterInfoCards] Skipping DrawText replay because the captured TextStyleSetting is missing.
[14:51:36.823] [1] [WARNING] [BetterInfoCards] Skipping DrawText replay because the captured TextStyleSetting is missing.
[14:51:36.840] [1] [WARNING] [BetterInfoCards] Skipping DrawText replay because the captured TextStyleSetting is missing.
[14:51:36.857] [1] [WARNING] [BetterInfoCards] Skipping DrawText replay because the captured TextStyleSetting is missing.
[14:51:36.872] [1] [WARNING] [BetterInfoCards] Skipping DrawText replay because the captured TextStyleSetting is missing.
[14:51:36.891] [1] [WARNING] [BetterInfoCards] Skipping DrawText replay because the captured TextStyleSetting is missing.
[14:51:36.907] [1] [WARNING] [BetterInfoCards] Skipping DrawText replay because the captured TextStyleSetting is missing.
[14:51:36.923] [1] [WARNING] [BetterInfoCards] Skipping DrawText replay because the captured TextStyleSetting is missing.
[14:51:36.939] [1] [WARNING] [BetterInfoCards] Skipping DrawText replay because the captured TextStyleSetting is missing.
[14:51:36.956] [1] [WARNING] [BetterInfoCards] Skipping DrawText replay because the captured TextStyleSetting is missing.
[14:51:36.972] [1] [WARNING] [BetterInfoCards] Skipping DrawText replay because the captured TextStyleSetting is missing.
[14:51:36.989] [1] [WARNING] [BetterInfoCards] Skipping DrawText replay because the captured TextStyleSetting is missing.
[14:51:37.007] [1] [WARNING] [BetterInfoCards] Skipping DrawText replay because the captured TextStyleSetting is missing.
[14:51:37.023] [1] [WARNING] [BetterInfoCards] Skipping DrawText replay because the captured TextStyleSetting is missing.
[14:51:37.040] [1] [WARNING] [BetterInfoCards] Skipping DrawText replay because the captured TextStyleSetting is missing.
[14:51:37.056] [1] [WARNING] [BetterInfoCards] Skipping DrawText replay because the captured TextStyleSetting is missing.
[14:51:37.072] [1] [WARNING] [BetterInfoCards] Skipping DrawText replay because the captured TextStyleSetting is missing.
[14:51:37.090] [1] [WARNING] [BetterInfoCards] Skipping DrawText replay because the captured TextStyleSetting is missing.
[14:51:37.107] [1] [WARNING] [BetterInfoCards] Skipping DrawText replay because the captured TextStyleSetting is missing.
[14:51:37.124] [1] [WARNING] [BetterInfoCards] Skipping DrawText replay because the captured TextStyleSetting is missing.
[14:51:37.140] [1] [WARNING] [BetterInfoCards] Skipping DrawText replay because the captured TextStyleSetting is missing.
[14:51:37.156] [1] [WARNING] [BetterInfoCards] Skipping DrawText replay because the captured TextStyleSetting is missing.
[14:51:37.172] [1] [WARNING] [BetterInfoCards] Skipping DrawText replay because the captured TextStyleSetting is missing.
[14:51:37.190] [1] [WARNING] [BetterInfoCards] Skipping DrawText replay because the captured TextStyleSetting is missing.
[14:51:37.206] [1] [WARNING] [BetterInfoCards] Skipping DrawText replay because the captured TextStyleSetting is missing.
[14:51:37.222] [1] [WARNING] [BetterInfoCards] Skipping DrawText replay because the captured TextStyleSetting is missing.
[14:51:37.239] [1] [WARNING] [BetterInfoCards] Skipping DrawText replay because the captured TextStyleSetting is missing.
[14:51:37.256] [1] [WARNING] [BetterInfoCards] Skipping DrawText replay because the captured TextStyleSetting is missing.
[14:51:37.272] [1] [WARNING] [BetterInfoCards] Skipping DrawText replay because the captured TextStyleSetting is missing.
[14:51:37.290] [1] [WARNING] [BetterInfoCards] Skipping DrawText replay because the captured TextStyleSetting is missing.
[14:51:37.306] [1] [WARNING] [BetterInfoCards] Skipping DrawText replay because the captured TextStyleSetting is missing.
[14:51:37.323] [1] [WARNING] [BetterInfoCards] Skipping DrawText replay because the captured TextStyleSetting is missing.
[14:51:37.340] [1] [WARNING] [BetterInfoCards] Skipping DrawText replay because the captured TextStyleSetting is missing.
[14:51:37.356] [1] [WARNING] [BetterInfoCards] Skipping DrawText replay because the captured TextStyleSetting is missing.
[14:51:37.373] [1] [WARNING] [BetterInfoCards] Skipping DrawText replay because the captured TextStyleSetting is missing.
[14:51:37.390] [1] [WARNING] [BetterInfoCards] Skipping DrawText replay because the captured TextStyleSetting is missing.
[14:51:37.408] [1] [WARNING] [BetterInfoCards] Skipping DrawText replay because the captured TextStyleSetting is missing.
[14:51:37.422] [1] [WARNING] [BetterInfoCards] Skipping DrawText replay because the captured TextStyleSetting is missing.
[14:51:37.439] [1] [WARNING] [BetterInfoCards] Skipping DrawText replay because the captured TextStyleSetting is missing.
[14:51:37.456] [1] [WARNING] [BetterInfoCards] Skipping DrawText replay because the captured TextStyleSetting is missing.
[14:51:37.472] [1] [WARNING] [BetterInfoCards] Skipping DrawText replay because the captured TextStyleSetting is missing.
[14:51:37.489] [1] [WARNING] [BetterInfoCards] Skipping DrawText replay because the captured TextStyleSetting is missing.
[14:51:37.506] [1] [WARNING] [BetterInfoCards] Skipping DrawText replay because the captured TextStyleSetting is missing.
[14:51:37.522] [1] [WARNING] [BetterInfoCards] Skipping DrawText replay because the captured TextStyleSetting is missing.
[14:51:37.539] [1] [WARNING] [BetterInfoCards] Skipping DrawText replay because the captured TextStyleSetting is missing.
[14:51:37.556] [1] [WARNING] [BetterInfoCards] Skipping DrawText replay because the captured TextStyleSetting is missing.
[14:51:37.573] [1] [WARNING] [BetterInfoCards] Skipping DrawText replay because the captured TextStyleSetting is missing.
[14:51:37.589] [1] [WARNING] [BetterInfoCards] Skipping DrawText replay because the captured TextStyleSetting is missing.
[14:51:37.606] [1] [WARNING] [BetterInfoCards] Skipping DrawText replay because the captured TextStyleSetting is missing.
[14:51:37.623] [1] [WARNING] [BetterInfoCards] Skipping DrawText replay because the captured TextStyleSetting is missing.
[14:51:37.640] [1] [WARNING] [BetterInfoCards] Skipping DrawText replay because the captured TextStyleSetting is missing.
[14:51:37.655] [1] [WARNING] [BetterInfoCards] Skipping DrawText replay because the captured TextStyleSetting is missing.
[14:51:37.672] [1] [WARNING] [BetterInfoCards] Skipping DrawText replay because the captured TextStyleSetting is missing.
[14:51:37.689] [1] [WARNING] [BetterInfoCards] Skipping DrawText replay because the captured TextStyleSetting is missing.
[14:51:37.707] [1] [WARNING] [BetterInfoCards] Skipping DrawText replay because the captured TextStyleSetting is missing.
[14:51:37.722] [1] [WARNING] [BetterInfoCards] Skipping DrawText replay because the captured TextStyleSetting is missing.
[14:51:37.739] [1] [WARNING] [BetterInfoCards] Skipping DrawText replay because the captured TextStyleSetting is missing.
[14:51:37.755] [1] [WARNING] [BetterInfoCards] Skipping DrawText replay because the captured TextStyleSetting is missing.
[14:51:37.773] [1] [WARNING] [BetterInfoCards] Skipping DrawText replay because the captured TextStyleSetting is missing.
[14:51:37.790] [1] [WARNING] [BetterInfoCards] Skipping DrawText replay because the captured TextStyleSetting is missing.
[14:51:37.806] [1] [WARNING] [BetterInfoCards] Skipping DrawText replay because the captured TextStyleSetting is missing.
[14:51:37.823] [1] [WARNING] [BetterInfoCards] Skipping DrawText replay because the captured TextStyleSetting is missing.
[14:51:37.839] [1] [WARNING] [BetterInfoCards] Skipping DrawText replay because the captured TextStyleSetting is missing.
[14:51:37.856] [1] [WARNING] [BetterInfoCards] Skipping DrawText replay because the captured TextStyleSetting is missing.
[14:51:37.873] [1] [WARNING] [BetterInfoCards] Skipping DrawText replay because the captured TextStyleSetting is missing.
[14:51:37.889] [1] [WARNING] [BetterInfoCards] Skipping DrawText replay because the captured TextStyleSetting is missing.
[14:51:37.906] [1] [WARNING] [BetterInfoCards] Skipping DrawText replay because the captured TextStyleSetting is missing.
[14:51:37.923] [1] [WARNING] [BetterInfoCards] Skipping DrawText replay because the captured TextStyleSetting is missing.
[14:51:37.940] [1] [WARNING] [BetterInfoCards] Skipping DrawText replay because the captured TextStyleSetting is missing.
[14:51:37.956] [1] [WARNING] [BetterInfoCards] Skipping DrawText replay because the captured TextStyleSetting is missing.
[14:51:37.973] [1] [WARNING] [BetterInfoCards] Skipping DrawText replay because the captured TextStyleSetting is missing.
[14:51:37.989] [1] [WARNING] [BetterInfoCards] Skipping DrawText replay because the captured TextStyleSetting is missing.
[14:51:38.008] [1] [WARNING] [BetterInfoCards] Skipping DrawText replay because the captured TextStyleSetting is missing.
[14:51:38.022] [1] [WARNING] [BetterInfoCards] Skipping DrawText replay because the captured TextStyleSetting is missing.
[14:51:38.040] [1] [WARNING] [BetterInfoCards] Skipping DrawText replay because the captured TextStyleSetting is missing.
[14:51:38.056] [1] [WARNING] [BetterInfoCards] Skipping DrawText replay because the captured TextStyleSetting is missing.
[14:51:38.073] [1] [WARNING] [BetterInfoCards] Skipping DrawText replay because the captured TextStyleSetting is missing.
[14:51:38.089] [1] [WARNING] [BetterInfoCards] Skipping DrawText replay because the captured TextStyleSetting is missing.
[14:51:38.107] [1] [WARNING] [BetterInfoCards] Skipping DrawText replay because the captured TextStyleSetting is missing.
[14:51:38.123] [1] [WARNING] [BetterInfoCards] Skipping DrawText replay because the captured TextStyleSetting is missing.
[14:51:38.140] [1] [WARNING] [BetterInfoCards] Skipping DrawText replay because the captured TextStyleSetting is missing.
[14:51:38.156] [1] [WARNING] [BetterInfoCards] Skipping DrawText replay because the captured TextStyleSetting is missing.
[14:51:38.172] [1] [WARNING] [BetterInfoCards] Skipping DrawText replay because the captured TextStyleSetting is missing.
[14:51:38.189] [1] [WARNING] [BetterInfoCards] Skipping DrawText replay because the captured TextStyleSetting is missing.
[14:51:38.207] [1] [WARNING] [BetterInfoCards] Skipping DrawText replay because the captured TextStyleSetting is missing.
[14:51:38.225] [1] [WARNING] [BetterInfoCards] Skipping DrawText replay because the captured TextStyleSetting is missing.
[14:51:38.239] [1] [WARNING] [BetterInfoCards] Skipping DrawText replay because the captured TextStyleSetting is missing.
[14:51:38.256] [1] [WARNING] [BetterInfoCards] Skipping DrawText replay because the captured TextStyleSetting is missing.
[14:51:38.272] [1] [WARNING] [BetterInfoCards] Skipping DrawText replay because the captured TextStyleSetting is missing.
[14:51:38.289] [1] [WARNING] [BetterInfoCards] Skipping DrawText replay because the captured TextStyleSetting is missing.
[14:51:38.306] [1] [WARNING] [BetterInfoCards] Skipping DrawText replay because the captured TextStyleSetting is missing.
[14:51:38.323] [1] [WARNING] [BetterInfoCards] Skipping DrawText replay because the captured TextStyleSetting is missing.
[14:51:38.339] [1] [WARNING] [BetterInfoCards] Skipping DrawText replay because the captured TextStyleSetting is missing.
[14:51:38.356] [1] [WARNING] [BetterInfoCards] Skipping DrawText replay because the captured TextStyleSetting is missing.
[14:51:38.372] [1] [WARNING] [BetterInfoCards] Skipping DrawText replay because the captured TextStyleSetting is missing.
[14:51:38.389] [1] [WARNING] [BetterInfoCards] Skipping DrawText replay because the captured TextStyleSetting is missing.
[14:51:38.407] [1] [WARNING] [BetterInfoCards] Skipping DrawText replay because the captured TextStyleSetting is missing.
[14:51:38.423] [1] [WARNING] [BetterInfoCards] Skipping DrawText replay because the captured TextStyleSetting is missing.
[14:51:38.440] [1] [WARNING] [BetterInfoCards] Skipping DrawText replay because the captured TextStyleSetting is missing.
[14:51:38.456] [1] [WARNING] [BetterInfoCards] Skipping DrawText replay because the captured TextStyleSetting is missing.
[14:51:38.473] [1] [WARNING] [BetterInfoCards] Skipping DrawText replay because the captured TextStyleSetting is missing.
[14:51:38.489] [1] [WARNING] [BetterInfoCards] Skipping DrawText replay because the captured TextStyleSetting is missing.
[14:51:38.506] [1] [WARNING] [BetterInfoCards] Skipping DrawText replay because the captured TextStyleSetting is missing.
[14:51:38.522] [1] [WARNING] [BetterInfoCards] Skipping DrawText replay because the captured TextStyleSetting is missing.
[14:51:38.539] [1] [WARNING] [BetterInfoCards] Skipping DrawText replay because the captured TextStyleSetting is missing.
[14:51:38.555] [1] [WARNING] [BetterInfoCards] Skipping DrawText replay because the captured TextStyleSetting is missing.
[14:51:38.572] [1] [WARNING] [BetterInfoCards] Skipping DrawText replay because the captured TextStyleSetting is missing.
[14:51:38.589] [1] [WARNING] [BetterInfoCards] Skipping DrawText replay because the captured TextStyleSetting is missing.
[14:51:38.605] [1] [WARNING] [BetterInfoCards] Skipping DrawText replay because the captured TextStyleSetting is missing.
[14:51:38.622] [1] [WARNING] [BetterInfoCards] Skipping DrawText replay because the captured TextStyleSetting is missing.
[14:51:38.639] [1] [WARNING] [BetterInfoCards] Skipping DrawText replay because the captured TextStyleSetting is missing.
[14:51:38.658] [1] [WARNING] [BetterInfoCards] Skipping DrawText replay because the captured TextStyleSetting is missing.
[14:51:38.673] [1] [WARNING] [BetterInfoCards] Skipping DrawText replay because the captured TextStyleSetting is missing.
[14:51:38.690] [1] [WARNING] [BetterInfoCards] Skipping DrawText replay because the captured TextStyleSetting is missing.
[14:51:38.706] [1] [WARNING] [BetterInfoCards] Skipping DrawText replay because the captured TextStyleSetting is missing.
[14:51:38.723] [1] [WARNING] [BetterInfoCards] Skipping DrawText replay because the captured TextStyleSetting is missing.
[14:51:38.740] [1] [WARNING] [BetterInfoCards] Skipping DrawText replay because the captured TextStyleSetting is missing.
[14:51:38.756] [1] [WARNING] [BetterInfoCards] Skipping DrawText replay because the captured TextStyleSetting is missing.
[14:51:38.775] [1] [WARNING] [BetterInfoCards] Skipping DrawText replay because the captured TextStyleSetting is missing.
[14:51:38.788] [1] [WARNING] [BetterInfoCards] Skipping DrawText replay because the captured TextStyleSetting is missing.
[14:51:38.811] [1] [WARNING] [BetterInfoCards] Skipping DrawText replay because the captured TextStyleSetting is missing.
[14:51:38.825] [1] [WARNING] [BetterInfoCards] Skipping DrawText replay because the captured TextStyleSetting is missing.
[14:51:38.841] [1] [WARNING] [BetterInfoCards] Skipping DrawText replay because the captured TextStyleSetting is missing.
[14:51:38.858] [1] [WARNING] [BetterInfoCards] Skipping DrawText replay because the captured TextStyleSetting is missing.
[14:51:38.873] [1] [WARNING] [BetterInfoCards] Skipping DrawText replay because the captured TextStyleSetting is missing.
[14:51:38.889] [1] [WARNING] [BetterInfoCards] Skipping DrawText replay because the captured TextStyleSetting is missing.
[14:51:38.906] [1] [WARNING] [BetterInfoCards] Skipping DrawText replay because the captured TextStyleSetting is missing.
[14:51:38.922] [1] [WARNING] [BetterInfoCards] Skipping DrawText replay because the captured TextStyleSetting is missing.
[14:51:38.939] [1] [WARNING] [BetterInfoCards] Skipping DrawText replay because the captured TextStyleSetting is missing.
[14:51:38.956] [1] [WARNING] [BetterInfoCards] Skipping DrawText replay because the captured TextStyleSetting is missing.
[14:51:38.973] [1] [WARNING] [BetterInfoCards] Skipping DrawText replay because the captured TextStyleSetting is missing.
[14:51:38.989] [1] [WARNING] [BetterInfoCards] Skipping DrawText replay because the captured TextStyleSetting is missing.
[14:51:39.005] [1] [WARNING] [BetterInfoCards] Skipping DrawText replay because the captured TextStyleSetting is missing.
[14:51:39.023] [1] [WARNING] [BetterInfoCards] Skipping DrawText replay because the captured TextStyleSetting is missing.
[14:51:39.039] [1] [WARNING] [BetterInfoCards] Skipping DrawText replay because the captured TextStyleSetting is missing.
[14:51:39.058] [1] [WARNING] [BetterInfoCards] Skipping DrawText replay because the captured TextStyleSetting is missing.
[14:51:39.073] [1] [WARNING] [BetterInfoCards] Skipping DrawText replay because the captured TextStyleSetting is missing.
[14:51:39.091] [1] [WARNING] [BetterInfoCards] Skipping DrawText replay because the captured TextStyleSetting is missing.
[14:51:39.107] [1] [WARNING] [BetterInfoCards] Skipping DrawText replay because the captured TextStyleSetting is missing.
[14:51:39.125] [1] [WARNING] [BetterInfoCards] Skipping DrawText replay because the captured TextStyleSetting is missing.
[14:51:39.140] [1] [WARNING] [BetterInfoCards] Skipping DrawText replay because the captured TextStyleSetting is missing.
[14:51:39.156] [1] [WARNING] [BetterInfoCards] Skipping DrawText replay because the captured TextStyleSetting is missing.
[14:51:39.173] [1] [WARNING] [BetterInfoCards] Skipping DrawText replay because the captured TextStyleSetting is missing.
[14:51:39.190] [1] [WARNING] [BetterInfoCards] Skipping DrawText replay because the captured TextStyleSetting is missing.
[14:51:39.206] [1] [WARNING] [BetterInfoCards] Skipping DrawText replay because the captured TextStyleSetting is missing.
[14:51:39.223] [1] [WARNING] [BetterInfoCards] Skipping DrawText replay because the captured TextStyleSetting is missing.
[14:51:39.241] [1] [WARNING] [BetterInfoCards] Skipping DrawText replay because the captured TextStyleSetting is missing.
[14:51:39.256] [1] [WARNING] [BetterInfoCards] Skipping DrawText replay because the captured TextStyleSetting is missing.
[14:51:39.273] [1] [WARNING] [BetterInfoCards] Skipping DrawText replay because the captured TextStyleSetting is missing.
[14:51:39.289] [1] [WARNING] [BetterInfoCards] Skipping DrawText replay because the captured TextStyleSetting is missing.
[14:51:39.306] [1] [WARNING] [BetterInfoCards] Skipping DrawText replay because the captured TextStyleSetting is missing.
[14:51:39.323] [1] [WARNING] [BetterInfoCards] Skipping DrawText replay because the captured TextStyleSetting is missing.
[14:51:39.340] [1] [WARNING] [BetterInfoCards] Skipping DrawText replay because the captured TextStyleSetting is missing.
[14:51:39.356] [1] [WARNING] [BetterInfoCards] Skipping DrawText replay because the captured TextStyleSetting is missing.
[14:51:39.373] [1] [WARNING] [BetterInfoCards] Skipping DrawText replay because the captured TextStyleSetting is missing.
[14:51:39.389] [1] [WARNING] [BetterInfoCards] Skipping DrawText replay because the captured TextStyleSetting is missing.
[14:51:39.406] [1] [WARNING] [BetterInfoCards] Skipping DrawText replay because the captured TextStyleSetting is missing.
[14:51:39.423] [1] [WARNING] [BetterInfoCards] Skipping DrawText replay because the captured TextStyleSetting is missing.
[14:51:39.440] [1] [WARNING] [BetterInfoCards] Skipping DrawText replay because the captured TextStyleSetting is missing.
[14:51:39.456] [1] [WARNING] [BetterInfoCards] Skipping DrawText replay because the captured TextStyleSetting is missing.
[14:51:39.472] [1] [WARNING] [BetterInfoCards] Skipping DrawText replay because the captured TextStyleSetting is missing.
[14:51:39.490] [1] [WARNING] [BetterInfoCards] Skipping DrawText replay because the captured TextStyleSetting is missing.
[14:51:39.507] [1] [WARNING] [BetterInfoCards] Skipping DrawText replay because the captured TextStyleSetting is missing.
[14:51:39.522] [1] [WARNING] [BetterInfoCards] Skipping DrawText replay because the captured TextStyleSetting is missing.
[14:51:39.539] [1] [WARNING] [BetterInfoCards] Skipping DrawText replay because the captured TextStyleSetting is missing.
[14:51:39.555] [1] [WARNING] [BetterInfoCards] Skipping DrawText replay because the captured TextStyleSetting is missing.
[14:51:39.572] [1] [WARNING] [BetterInfoCards] Skipping DrawText replay because the captured TextStyleSetting is missing.
[14:51:39.589] [1] [WARNING] [BetterInfoCards] Skipping DrawText replay because the captured TextStyleSetting is missing.
[14:51:39.606] [1] [WARNING] [BetterInfoCards] Skipping DrawText replay because the captured TextStyleSetting is missing.
[14:51:39.622] [1] [WARNING] [BetterInfoCards] Skipping DrawText replay because the captured TextStyleSetting is missing.
[14:51:39.639] [1] [WARNING] [BetterInfoCards] Skipping DrawText replay because the captured TextStyleSetting is missing.
[14:51:39.655] [1] [WARNING] [BetterInfoCards] Skipping DrawText replay because the captured TextStyleSetting is missing.
[14:51:39.673] [1] [WARNING] [BetterInfoCards] Skipping DrawText replay because the captured TextStyleSetting is missing.
[14:51:39.689] [1] [WARNING] [BetterInfoCards] Skipping DrawText replay because the captured TextStyleSetting is missing.
[14:51:39.706] [1] [WARNING] [BetterInfoCards] Skipping DrawText replay because the captured TextStyleSetting is missing.
[14:51:39.723] [1] [WARNING] [BetterInfoCards] Skipping DrawText replay because the captured TextStyleSetting is missing.
[14:51:39.739] [1] [WARNING] [BetterInfoCards] Skipping DrawText replay because the captured TextStyleSetting is missing.
[14:51:39.756] [1] [WARNING] [BetterInfoCards] Skipping DrawText replay because the captured TextStyleSetting is missing.
[14:51:39.774] [1] [WARNING] [BetterInfoCards] Skipping DrawText replay because the captured TextStyleSetting is missing.
[14:51:39.789] [1] [WARNING] [BetterInfoCards] Skipping DrawText replay because the captured TextStyleSetting is missing.
[14:51:39.805] [1] [WARNING] [BetterInfoCards] Skipping DrawText replay because the captured TextStyleSetting is missing.
[14:51:39.823] [1] [WARNING] [BetterInfoCards] Skipping DrawText replay because the captured TextStyleSetting is missing.
[14:51:39.840] [1] [WARNING] [BetterInfoCards] Skipping DrawText replay because the captured TextStyleSetting is missing.
[14:51:39.855] [1] [WARNING] [BetterInfoCards] Skipping DrawText replay because the captured TextStyleSetting is missing.
[14:51:39.873] [1] [WARNING] [BetterInfoCards] Skipping DrawText replay because the captured TextStyleSetting is missing.
[14:51:39.891] [1] [WARNING] [BetterInfoCards] Skipping DrawText replay because the captured TextStyleSetting is missing.
[14:51:39.907] [1] [WARNING] [BetterInfoCards] Skipping DrawText replay because the captured TextStyleSetting is missing.
[14:51:39.923] [1] [WARNING] [BetterInfoCards] Skipping DrawText replay because the captured TextStyleSetting is missing.
[14:51:39.940] [1] [WARNING] [BetterInfoCards] Skipping DrawText replay because the captured TextStyleSetting is missing.
[14:51:39.956] [1] [WARNING] [BetterInfoCards] Skipping DrawText replay because the captured TextStyleSetting is missing.
[14:51:39.973] [1] [WARNING] [BetterInfoCards] Skipping DrawText replay because the captured TextStyleSetting is missing.
[14:51:39.989] [1] [WARNING] [BetterInfoCards] Skipping DrawText replay because the captured TextStyleSetting is missing.
[14:51:40.005] [1] [WARNING] [BetterInfoCards] Skipping DrawText replay because the captured TextStyleSetting is missing.
[14:51:40.023] [1] [WARNING] [BetterInfoCards] Skipping DrawText replay because the captured TextStyleSetting is missing.
[14:51:40.040] [1] [WARNING] [BetterInfoCards] Skipping DrawText replay because the captured TextStyleSetting is missing.
[14:51:40.056] [1] [WARNING] [BetterInfoCards] Skipping DrawText replay because the captured TextStyleSetting is missing.
[14:51:40.072] [1] [WARNING] [BetterInfoCards] Skipping DrawText replay because the captured TextStyleSetting is missing.
[14:51:40.088] [1] [WARNING] [BetterInfoCards] Skipping DrawText replay because the captured TextStyleSetting is missing.
[14:51:40.105] [1] [WARNING] [BetterInfoCards] Skipping DrawText replay because the captured TextStyleSetting is missing.
[14:51:40.123] [1] [WARNING] [BetterInfoCards] Skipping DrawText replay because the captured TextStyleSetting is missing.
[14:51:40.140] [1] [WARNING] [BetterInfoCards] Skipping DrawText replay because the captured TextStyleSetting is missing.
[14:51:40.156] [1] [WARNING] [BetterInfoCards] Skipping DrawText replay because the captured TextStyleSetting is missing.
[14:51:40.173] [1] [WARNING] [BetterInfoCards] Skipping DrawText replay because the captured TextStyleSetting is missing.
[14:51:40.189] [1] [WARNING] [BetterInfoCards] Skipping DrawText replay because the captured TextStyleSetting is missing.
[14:51:40.206] [1] [WARNING] [BetterInfoCards] Skipping DrawText replay because the captured TextStyleSetting is missing.
[14:51:40.222] [1] [WARNING] [BetterInfoCards] Skipping DrawText replay because the captured TextStyleSetting is missing.
[14:51:40.239] [1] [WARNING] [BetterInfoCards] Skipping DrawText replay because the captured TextStyleSetting is missing.
[14:51:40.256] [1] [WARNING] [BetterInfoCards] Skipping DrawText replay because the captured TextStyleSetting is missing.
[14:51:40.273] [1] [WARNING] [BetterInfoCards] Skipping DrawText replay because the captured TextStyleSetting is missing.
[14:51:40.289] [1] [WARNING] [BetterInfoCards] Skipping DrawText replay because the captured TextStyleSetting is missing.
[14:51:40.306] [1] [WARNING] [BetterInfoCards] Skipping DrawText replay because the captured TextStyleSetting is missing.
[14:51:40.323] [1] [WARNING] [BetterInfoCards] Skipping DrawText replay because the captured TextStyleSetting is missing.
[14:51:40.340] [1] [WARNING] [BetterInfoCards] Skipping DrawText replay because the captured TextStyleSetting is missing.
[14:51:40.357] [1] [WARNING] [BetterInfoCards] Skipping DrawText replay because the captured TextStyleSetting is missing.
[14:51:40.373] [1] [WARNING] [BetterInfoCards] Skipping DrawText replay because the captured TextStyleSetting is missing.
[14:51:40.389] [1] [WARNING] [BetterInfoCards] Skipping DrawText replay because the captured TextStyleSetting is missing.
[14:51:40.406] [1] [WARNING] [BetterInfoCards] Skipping DrawText replay because the captured TextStyleSetting is missing.
[14:51:40.423] [1] [WARNING] [BetterInfoCards] Skipping DrawText replay because the captured TextStyleSetting is missing.
[14:51:40.440] [1] [WARNING] [BetterInfoCards] Skipping DrawText replay because the captured TextStyleSetting is missing.
[14:51:40.457] [1] [WARNING] [BetterInfoCards] Skipping DrawText replay because the captured TextStyleSetting is missing.
[14:51:40.472] [1] [WARNING] [BetterInfoCards] Skipping DrawText replay because the captured TextStyleSetting is missing.
[14:51:40.489] [1] [WARNING] [BetterInfoCards] Skipping DrawText replay because the captured TextStyleSetting is missing.
[14:51:40.506] [1] [WARNING] [BetterInfoCards] Skipping DrawText replay because the captured TextStyleSetting is missing.
[14:51:40.522] [1] [WARNING] [BetterInfoCards] Skipping DrawText replay because the captured TextStyleSetting is missing.
[14:51:40.539] [1] [WARNING] [BetterInfoCards] Skipping DrawText replay because the captured TextStyleSetting is missing.
[14:51:40.556] [1] [WARNING] [BetterInfoCards] Skipping DrawText replay because the captured TextStyleSetting is missing.
[14:51:40.573] [1] [WARNING] [BetterInfoCards] Skipping DrawText replay because the captured TextStyleSetting is missing.
[14:51:40.589] [1] [WARNING] [BetterInfoCards] Skipping DrawText replay because the captured TextStyleSetting is missing.
[14:51:40.606] [1] [WARNING] [BetterInfoCards] Skipping DrawText replay because the captured TextStyleSetting is missing.
[14:51:40.622] [1] [WARNING] [BetterInfoCards] Skipping DrawText replay because the captured TextStyleSetting is missing.
[14:51:40.640] [1] [WARNING] [BetterInfoCards] Skipping DrawText replay because the captured TextStyleSetting is missing.
[14:51:40.656] [1] [WARNING] [BetterInfoCards] Skipping DrawText replay because the captured TextStyleSetting is missing.
[14:51:40.672] [1] [WARNING] [BetterInfoCards] Skipping DrawText replay because the captured TextStyleSetting is missing.
[14:51:40.689] [1] [WARNING] [BetterInfoCards] Skipping DrawText replay because the captured TextStyleSetting is missing.
[14:51:40.706] [1] [WARNING] [BetterInfoCards] Skipping DrawText replay because the captured TextStyleSetting is missing.
[14:51:40.723] [1] [WARNING] [BetterInfoCards] Skipping DrawText replay because the captured TextStyleSetting is missing.
[14:51:40.739] [1] [WARNING] [BetterInfoCards] Skipping DrawText replay because the captured TextStyleSetting is missing.
[14:51:40.755] [1] [WARNING] [BetterInfoCards] Skipping DrawText replay because the captured TextStyleSetting is missing.
[14:51:40.772] [1] [WARNING] [BetterInfoCards] Skipping DrawText replay because the captured TextStyleSetting is missing.
[14:51:40.790] [1] [WARNING] [BetterInfoCards] Skipping DrawText replay because the captured TextStyleSetting is missing.
[14:51:40.805] [1] [WARNING] [BetterInfoCards] Skipping DrawText replay because the captured TextStyleSetting is missing.
[14:51:40.822] [1] [WARNING] [BetterInfoCards] Skipping DrawText replay because the captured TextStyleSetting is missing.
[14:51:40.842] [1] [WARNING] [BetterInfoCards] Skipping DrawText replay because the captured TextStyleSetting is missing.
[14:51:40.855] [1] [WARNING] [BetterInfoCards] Skipping DrawText replay because the captured TextStyleSetting is missing.
[14:51:40.873] [1] [WARNING] [BetterInfoCards] Skipping DrawText replay because the captured TextStyleSetting is missing.
[14:51:40.889] [1] [WARNING] [BetterInfoCards] Skipping DrawText replay because the captured TextStyleSetting is missing.
[14:51:40.906] [1] [WARNING] [BetterInfoCards] Skipping DrawText replay because the captured TextStyleSetting is missing.
[14:51:40.923] [1] [WARNING] [BetterInfoCards] Skipping DrawText replay because the captured TextStyleSetting is missing.
[14:51:40.939] [1] [WARNING] [BetterInfoCards] Skipping DrawText replay because the captured TextStyleSetting is missing.
[14:51:40.955] [1] [WARNING] [BetterInfoCards] Skipping DrawText replay because the captured TextStyleSetting is missing.
[14:51:40.973] [1] [WARNING] [BetterInfoCards] Skipping DrawText replay because the captured TextStyleSetting is missing.
[14:51:40.991] [1] [WARNING] [BetterInfoCards] Skipping DrawText replay because the captured TextStyleSetting is missing.
[14:51:41.006] [1] [WARNING] [BetterInfoCards] Skipping DrawText replay because the captured TextStyleSetting is missing.
[14:51:41.022] [1] [WARNING] [BetterInfoCards] Skipping DrawText replay because the captured TextStyleSetting is missing.
[14:51:41.039] [1] [WARNING] [BetterInfoCards] Skipping DrawText replay because the captured TextStyleSetting is missing.
[14:51:41.056] [1] [WARNING] [BetterInfoCards] Skipping DrawText replay because the captured TextStyleSetting is missing.
[14:51:41.072] [1] [WARNING] [BetterInfoCards] Skipping DrawText replay because the captured TextStyleSetting is missing.
[14:51:41.089] [1] [WARNING] [BetterInfoCards] Skipping DrawText replay because the captured TextStyleSetting is missing.
[14:51:41.106] [1] [WARNING] [BetterInfoCards] Skipping DrawText replay because the captured TextStyleSetting is missing.
[14:51:41.123] [1] [WARNING] [BetterInfoCards] Skipping DrawText replay because the captured TextStyleSetting is missing.
[14:51:41.140] [1] [WARNING] [BetterInfoCards] Skipping DrawText replay because the captured TextStyleSetting is missing.
[14:51:41.156] [1] [WARNING] [BetterInfoCards] Skipping DrawText replay because the captured TextStyleSetting is missing.
[14:51:41.172] [1] [WARNING] [BetterInfoCards] Skipping DrawText replay because the captured TextStyleSetting is missing.
[14:51:41.189] [1] [WARNING] [BetterInfoCards] Skipping DrawText replay because the captured TextStyleSetting is missing.
[14:51:41.206] [1] [WARNING] [BetterInfoCards] Skipping DrawText replay because the captured TextStyleSetting is missing.
[14:51:41.223] [1] [WARNING] [BetterInfoCards] Skipping DrawText replay because the captured TextStyleSetting is missing.
[14:51:41.239] [1] [WARNING] [BetterInfoCards] Skipping DrawText replay because the captured TextStyleSetting is missing.
[14:51:41.256] [1] [WARNING] [BetterInfoCards] Skipping DrawText replay because the captured TextStyleSetting is missing.
[14:51:41.273] [1] [WARNING] [BetterInfoCards] Skipping DrawText replay because the captured TextStyleSetting is missing.
[14:51:41.291] [1] [WARNING] [BetterInfoCards] Skipping DrawText replay because the captured TextStyleSetting is missing.
[14:51:41.308] [1] [WARNING] [BetterInfoCards] Skipping DrawText replay because the captured TextStyleSetting is missing.
[14:51:41.324] [1] [WARNING] [BetterInfoCards] Skipping DrawText replay because the captured TextStyleSetting is missing.
[14:51:41.340] [1] [WARNING] [BetterInfoCards] Skipping DrawText replay because the captured TextStyleSetting is missing.
[14:51:41.356] [1] [WARNING] [BetterInfoCards] Skipping DrawText replay because the captured TextStyleSetting is missing.
[14:51:41.373] [1] [WARNING] [BetterInfoCards] Skipping DrawText replay because the captured TextStyleSetting is missing.
[14:51:41.390] [1] [WARNING] [BetterInfoCards] Skipping DrawText replay because the captured TextStyleSetting is missing.
[14:51:41.406] [1] [WARNING] [BetterInfoCards] Skipping DrawText replay because the captured TextStyleSetting is missing.
[14:51:41.423] [1] [WARNING] [BetterInfoCards] Skipping DrawText replay because the captured TextStyleSetting is missing.
[14:51:41.440] [1] [WARNING] [BetterInfoCards] Skipping DrawText replay because the captured TextStyleSetting is missing.
[14:51:41.456] [1] [WARNING] [BetterInfoCards] Skipping DrawText replay because the captured TextStyleSetting is missing.
[14:51:41.474] [1] [WARNING] [BetterInfoCards] Skipping DrawText replay because the captured TextStyleSetting is missing.
[14:51:41.489] [1] [WARNING] [BetterInfoCards] Skipping DrawText replay because the captured TextStyleSetting is missing.
[14:51:41.506] [1] [WARNING] [BetterInfoCards] Skipping DrawText replay because the captured TextStyleSetting is missing.
[14:51:41.523] [1] [WARNING] [BetterInfoCards] Skipping DrawText replay because the captured TextStyleSetting is missing.
[14:51:41.539] [1] [WARNING] [BetterInfoCards] Skipping DrawText replay because the captured TextStyleSetting is missing.
[14:51:41.556] [1] [WARNING] [BetterInfoCards] Skipping DrawText replay because the captured TextStyleSetting is missing.
[14:51:41.572] [1] [WARNING] [BetterInfoCards] Skipping DrawText replay because the captured TextStyleSetting is missing.
[14:51:41.589] [1] [WARNING] [BetterInfoCards] Skipping DrawText replay because the captured TextStyleSetting is missing.
[14:51:41.606] [1] [WARNING] [BetterInfoCards] Skipping DrawText replay because the captured TextStyleSetting is missing.
[14:51:41.623] [1] [WARNING] [BetterInfoCards] Skipping DrawText replay because the captured TextStyleSetting is missing.
[14:51:41.640] [1] [WARNING] [BetterInfoCards] Skipping DrawText replay because the captured TextStyleSetting is missing.
[14:51:41.657] [1] [WARNING] [BetterInfoCards] Skipping DrawText replay because the captured TextStyleSetting is missing.
[14:51:41.674] [1] [WARNING] [BetterInfoCards] Skipping DrawText replay because the captured TextStyleSetting is missing.
[14:51:41.689] [1] [WARNING] [BetterInfoCards] Skipping DrawText replay because the captured TextStyleSetting is missing.
[14:51:41.706] [1] [WARNING] [BetterInfoCards] Skipping DrawText replay because the captured TextStyleSetting is missing.
[14:51:41.722] [1] [WARNING] [BetterInfoCards] Skipping DrawText replay because the captured TextStyleSetting is missing.
[14:51:41.739] [1] [WARNING] [BetterInfoCards] Skipping DrawText replay because the captured TextStyleSetting is missing.
[14:51:41.756] [1] [WARNING] [BetterInfoCards] Skipping DrawText replay because the captured TextStyleSetting is missing.
[14:51:41.773] [1] [WARNING] [BetterInfoCards] Skipping DrawText replay because the captured TextStyleSetting is missing.
[14:51:41.789] [1] [WARNING] [BetterInfoCards] Skipping DrawText replay because the captured TextStyleSetting is missing.
[14:51:41.807] [1] [WARNING] [BetterInfoCards] Skipping DrawText replay because the captured TextStyleSetting is missing.
[14:51:41.822] [1] [WARNING] [BetterInfoCards] Skipping DrawText replay because the captured TextStyleSetting is missing.
[14:51:41.840] [1] [WARNING] [BetterInfoCards] Skipping DrawText replay because the captured TextStyleSetting is missing.
[14:51:41.856] [1] [WARNING] [BetterInfoCards] Skipping DrawText replay because the captured TextStyleSetting is missing.
[14:51:41.873] [1] [WARNING] [BetterInfoCards] Skipping DrawText replay because the captured TextStyleSetting is missing.
[14:51:41.889] [1] [WARNING] [BetterInfoCards] Skipping DrawText replay because the captured TextStyleSetting is missing.
[14:51:41.907] [1] [WARNING] [BetterInfoCards] Skipping DrawText replay because the captured TextStyleSetting is missing.
[14:51:41.923] [1] [WARNING] [BetterInfoCards] Skipping DrawText replay because the captured TextStyleSetting is missing.
[14:51:41.940] [1] [WARNING] [BetterInfoCards] Skipping DrawText replay because the captured TextStyleSetting is missing.
[14:51:41.957] [1] [WARNING] [BetterInfoCards] Skipping DrawText replay because the captured TextStyleSetting is missing.
[14:51:41.973] [1] [WARNING] [BetterInfoCards] Skipping DrawText replay because the captured TextStyleSetting is missing.
[14:51:41.989] [1] [WARNING] [BetterInfoCards] Skipping DrawText replay because the captured TextStyleSetting is missing.
[14:51:42.006] [1] [WARNING] [BetterInfoCards] Skipping DrawText replay because the captured TextStyleSetting is missing.
[14:51:42.023] [1] [WARNING] [BetterInfoCards] Skipping DrawText replay because the captured TextStyleSetting is missing.
[14:51:42.039] [1] [WARNING] [BetterInfoCards] Skipping DrawText replay because the captured TextStyleSetting is missing.
[14:51:42.056] [1] [WARNING] [BetterInfoCards] Skipping DrawText replay because the captured TextStyleSetting is missing.
[14:51:42.073] [1] [WARNING] [BetterInfoCards] Skipping DrawText replay because the captured TextStyleSetting is missing.
[14:51:42.090] [1] [WARNING] [BetterInfoCards] Skipping DrawText replay because the captured TextStyleSetting is missing.
[14:51:42.107] [1] [WARNING] [BetterInfoCards] Skipping DrawText replay because the captured TextStyleSetting is missing.
[14:51:42.123] [1] [WARNING] [BetterInfoCards] Skipping DrawText replay because the captured TextStyleSetting is missing.
[14:51:42.139] [1] [WARNING] [BetterInfoCards] Skipping DrawText replay because the captured TextStyleSetting is missing.
[14:51:42.156] [1] [WARNING] [BetterInfoCards] Skipping DrawText replay because the captured TextStyleSetting is missing.
[14:51:42.174] [1] [WARNING] [BetterInfoCards] Skipping DrawText replay because the captured TextStyleSetting is missing.
[14:51:42.189] [1] [WARNING] [BetterInfoCards] Skipping DrawText replay because the captured TextStyleSetting is missing.
[14:51:42.206] [1] [WARNING] [BetterInfoCards] Skipping DrawText replay because the captured TextStyleSetting is missing.
[14:51:42.223] [1] [WARNING] [BetterInfoCards] Skipping DrawText replay because the captured TextStyleSetting is missing.
[14:51:42.240] [1] [WARNING] [BetterInfoCards] Skipping DrawText replay because the captured TextStyleSetting is missing.
[14:51:42.257] [1] [WARNING] [BetterInfoCards] Skipping DrawText replay because the captured TextStyleSetting is missing.
[14:51:42.273] [1] [WARNING] [BetterInfoCards] Skipping DrawText replay because the captured TextStyleSetting is missing.
[14:51:42.290] [1] [WARNING] [BetterInfoCards] Skipping DrawText replay because the captured TextStyleSetting is missing.
[14:51:42.307] [1] [WARNING] [BetterInfoCards] Skipping DrawText replay because the captured TextStyleSetting is missing.
[14:51:42.324] [1] [WARNING] [BetterInfoCards] Skipping DrawText replay because the captured TextStyleSetting is missing.
[14:51:42.340] [1] [WARNING] [BetterInfoCards] Skipping DrawText replay because the captured TextStyleSetting is missing.
[14:51:42.356] [1] [WARNING] [BetterInfoCards] Skipping DrawText replay because the captured TextStyleSetting is missing.
[14:51:42.373] [1] [WARNING] [BetterInfoCards] Skipping DrawText replay because the captured TextStyleSetting is missing.
[14:51:42.391] [1] [WARNING] [BetterInfoCards] Skipping DrawText replay because the captured TextStyleSetting is missing.
[14:51:42.407] [1] [WARNING] [BetterInfoCards] Skipping DrawText replay because the captured TextStyleSetting is missing.
[14:51:42.422] [1] [WARNING] [BetterInfoCards] Skipping DrawText replay because the captured TextStyleSetting is missing.
[14:51:42.440] [1] [WARNING] [BetterInfoCards] Skipping DrawText replay because the captured TextStyleSetting is missing.
[14:51:42.456] [1] [WARNING] [BetterInfoCards] Skipping DrawText replay because the captured TextStyleSetting is missing.
[14:51:42.474] [1] [WARNING] [BetterInfoCards] Skipping DrawText replay because the captured TextStyleSetting is missing.
[14:51:42.489] [1] [WARNING] [BetterInfoCards] Skipping DrawText replay because the captured TextStyleSetting is missing.
[14:51:42.507] [1] [WARNING] [BetterInfoCards] Skipping DrawText replay because the captured TextStyleSetting is missing.
[14:51:42.524] [1] [WARNING] [BetterInfoCards] Skipping DrawText replay because the captured TextStyleSetting is missing.
[14:51:42.540] [1] [WARNING] [BetterInfoCards] Skipping DrawText replay because the captured TextStyleSetting is missing.
[14:51:42.556] [1] [WARNING] [BetterInfoCards] Skipping DrawText replay because the captured TextStyleSetting is missing.
[14:51:42.573] [1] [WARNING] [BetterInfoCards] Skipping DrawText replay because the captured TextStyleSetting is missing.
[14:51:42.590] [1] [WARNING] [BetterInfoCards] Skipping DrawText replay because the captured TextStyleSetting is missing.
[14:51:42.607] [1] [WARNING] [BetterInfoCards] Skipping DrawText replay because the captured TextStyleSetting is missing.
[14:51:42.624] [1] [WARNING] [BetterInfoCards] Skipping DrawText replay because the captured TextStyleSetting is missing.
[14:51:42.640] [1] [WARNING] [BetterInfoCards] Skipping DrawText replay because the captured TextStyleSetting is missing.
[14:51:42.657] [1] [WARNING] [BetterInfoCards] Skipping DrawText replay because the captured TextStyleSetting is missing.
[14:51:42.673] [1] [WARNING] [BetterInfoCards] Skipping DrawText replay because the captured TextStyleSetting is missing.
[14:51:42.690] [1] [WARNING] [BetterInfoCards] Skipping DrawText replay because the captured TextStyleSetting is missing.
[14:51:42.707] [1] [WARNING] [BetterInfoCards] Skipping DrawText replay because the captured TextStyleSetting is missing.
[14:51:42.723] [1] [WARNING] [BetterInfoCards] Skipping DrawText replay because the captured TextStyleSetting is missing.
[14:51:42.740] [1] [WARNING] [BetterInfoCards] Skipping DrawText replay because the captured TextStyleSetting is missing.
[14:51:42.756] [1] [WARNING] [BetterInfoCards] Skipping DrawText replay because the captured TextStyleSetting is missing.
[14:51:42.773] [1] [WARNING] [BetterInfoCards] Skipping DrawText replay because the captured TextStyleSetting is missing.
[14:51:42.789] [1] [WARNING] [BetterInfoCards] Skipping DrawText replay because the captured TextStyleSetting is missing.
[14:51:42.807] [1] [WARNING] [BetterInfoCards] Skipping DrawText replay because the captured TextStyleSetting is missing.
[14:51:42.823] [1] [WARNING] [BetterInfoCards] Skipping DrawText replay because the captured TextStyleSetting is missing.
[14:51:42.840] [1] [WARNING] [BetterInfoCards] Skipping DrawText replay because the captured TextStyleSetting is missing.
[14:51:42.856] [1] [WARNING] [BetterInfoCards] Skipping DrawText replay because the captured TextStyleSetting is missing.
[14:51:42.873] [1] [WARNING] [BetterInfoCards] Skipping DrawText replay because the captured TextStyleSetting is missing.
[14:51:42.890] [1] [WARNING] [BetterInfoCards] Skipping DrawText replay because the captured TextStyleSetting is missing.
[14:51:42.907] [1] [WARNING] [BetterInfoCards] Skipping DrawText replay because the captured TextStyleSetting is missing.
[14:51:42.923] [1] [WARNING] [BetterInfoCards] Skipping DrawText replay because the captured TextStyleSetting is missing.
[14:51:42.940] [1] [WARNING] [BetterInfoCards] Skipping DrawText replay because the captured TextStyleSetting is missing.
[14:51:42.956] [1] [WARNING] [BetterInfoCards] Skipping DrawText replay because the captured TextStyleSetting is missing.
[14:51:42.973] [1] [WARNING] [BetterInfoCards] Skipping DrawText replay because the captured TextStyleSetting is missing.
[14:51:42.990] [1] [WARNING] [BetterInfoCards] Skipping DrawText replay because the captured TextStyleSetting is missing.
[14:51:43.006] [1] [WARNING] [BetterInfoCards] Skipping DrawText replay because the captured TextStyleSetting is missing.
[14:51:43.023] [1] [WARNING] [BetterInfoCards] Skipping DrawText replay because the captured TextStyleSetting is missing.
[14:51:43.039] [1] [WARNING] [BetterInfoCards] Skipping DrawText replay because the captured TextStyleSetting is missing.
[14:51:43.057] [1] [WARNING] [BetterInfoCards] Skipping DrawText replay because the captured TextStyleSetting is missing.
[14:51:43.073] [1] [WARNING] [BetterInfoCards] Skipping DrawText replay because the captured TextStyleSetting is missing.
[14:51:43.089] [1] [WARNING] [BetterInfoCards] Skipping DrawText replay because the captured TextStyleSetting is missing.
[14:51:43.107] [1] [WARNING] [BetterInfoCards] Skipping DrawText replay because the captured TextStyleSetting is missing.
[14:51:43.123] [1] [WARNING] [BetterInfoCards] Skipping DrawText replay because the captured TextStyleSetting is missing.
[14:51:43.140] [1] [WARNING] [BetterInfoCards] Skipping DrawText replay because the captured TextStyleSetting is missing.
[14:51:43.156] [1] [WARNING] [BetterInfoCards] Skipping DrawText replay because the captured TextStyleSetting is missing.
[14:51:43.174] [1] [WARNING] [BetterInfoCards] Skipping DrawText replay because the captured TextStyleSetting is missing.
[14:51:43.190] [1] [WARNING] [BetterInfoCards] Skipping DrawText replay because the captured TextStyleSetting is missing.
[14:51:43.206] [1] [WARNING] [BetterInfoCards] Skipping DrawText replay because the captured TextStyleSetting is missing.
[14:51:43.223] [1] [WARNING] [BetterInfoCards] Skipping DrawText replay because the captured TextStyleSetting is missing.
[14:51:43.239] [1] [WARNING] [BetterInfoCards] Skipping DrawText replay because the captured TextStyleSetting is missing.
[14:51:43.256] [1] [WARNING] [BetterInfoCards] Skipping DrawText replay because the captured TextStyleSetting is missing.
[14:51:43.273] [1] [WARNING] [BetterInfoCards] Skipping DrawText replay because the captured TextStyleSetting is missing.
[14:51:43.290] [1] [WARNING] [BetterInfoCards] Skipping DrawText replay because the captured TextStyleSetting is missing.
[14:51:43.307] [1] [WARNING] [BetterInfoCards] Skipping DrawText replay because the captured TextStyleSetting is missing.
[14:51:43.323] [1] [WARNING] [BetterInfoCards] Skipping DrawText replay because the captured TextStyleSetting is missing.
[14:51:43.340] [1] [WARNING] [BetterInfoCards] Skipping DrawText replay because the captured TextStyleSetting is missing.
[14:51:43.357] [1] [WARNING] [BetterInfoCards] Skipping DrawText replay because the captured TextStyleSetting is missing.
[14:51:43.374] [1] [WARNING] [BetterInfoCards] Skipping DrawText replay because the captured TextStyleSetting is missing.
[14:51:43.390] [1] [WARNING] [BetterInfoCards] Skipping DrawText replay because the captured TextStyleSetting is missing.
[14:51:43.406] [1] [WARNING] [BetterInfoCards] Skipping DrawText replay because the captured TextStyleSetting is missing.
[14:51:43.424] [1] [WARNING] [BetterInfoCards] Skipping DrawText replay because the captured TextStyleSetting is missing.
[14:51:43.441] [1] [WARNING] [BetterInfoCards] Skipping DrawText replay because the captured TextStyleSetting is missing.
[14:51:43.456] [1] [WARNING] [BetterInfoCards] Skipping DrawText replay because the captured TextStyleSetting is missing.
[14:51:43.473] [1] [WARNING] [BetterInfoCards] Skipping DrawText replay because the captured TextStyleSetting is missing.
[14:51:43.491] [1] [WARNING] [BetterInfoCards] Skipping DrawText replay because the captured TextStyleSetting is missing.
[14:51:43.507] [1] [WARNING] [BetterInfoCards] Skipping DrawText replay because the captured TextStyleSetting is missing.
[14:51:43.525] [1] [WARNING] [BetterInfoCards] Skipping DrawText replay because the captured TextStyleSetting is missing.
[14:51:43.540] [1] [WARNING] [BetterInfoCards] Skipping DrawText replay because the captured TextStyleSetting is missing.
[14:51:43.557] [1] [WARNING] [BetterInfoCards] Skipping DrawText replay because the captured TextStyleSetting is missing.
[14:51:43.574] [1] [WARNING] [BetterInfoCards] Skipping DrawText replay because the captured TextStyleSetting is missing.
[14:51:43.590] [1] [WARNING] [BetterInfoCards] Skipping DrawText replay because the captured TextStyleSetting is missing.
[14:51:43.606] [1] [WARNING] [BetterInfoCards] Skipping DrawText replay because the captured TextStyleSetting is missing.
[14:51:43.623] [1] [WARNING] [BetterInfoCards] Skipping DrawText replay because the captured TextStyleSetting is missing.
[14:51:43.640] [1] [WARNING] [BetterInfoCards] Skipping DrawText replay because the captured TextStyleSetting is missing.
[14:51:43.656] [1] [WARNING] [BetterInfoCards] Skipping DrawText replay because the captured TextStyleSetting is missing.
[14:51:43.673] [1] [WARNING] [BetterInfoCards] Skipping DrawText replay because the captured TextStyleSetting is missing.
[14:51:43.690] [1] [WARNING] [BetterInfoCards] Skipping DrawText replay because the captured TextStyleSetting is missing.
[14:51:43.707] [1] [WARNING] [BetterInfoCards] Skipping DrawText replay because the captured TextStyleSetting is missing.
[14:51:43.723] [1] [WARNING] [BetterInfoCards] Skipping DrawText replay because the captured TextStyleSetting is missing.
[14:51:43.739] [1] [WARNING] [BetterInfoCards] Skipping DrawText replay because the captured TextStyleSetting is missing.
[14:51:43.756] [1] [WARNING] [BetterInfoCards] Skipping DrawText replay because the captured TextStyleSetting is missing.
[14:51:43.773] [1] [WARNING] [BetterInfoCards] Skipping DrawText replay because the captured TextStyleSetting is missing.
[14:51:43.790] [1] [WARNING] [BetterInfoCards] Skipping DrawText replay because the captured TextStyleSetting is missing.
[14:51:43.806] [1] [WARNING] [BetterInfoCards] Skipping DrawText replay because the captured TextStyleSetting is missing.
[14:51:43.823] [1] [WARNING] [BetterInfoCards] Skipping DrawText replay because the captured TextStyleSetting is missing.
[14:51:43.841] [1] [WARNING] [BetterInfoCards] Skipping DrawText replay because the captured TextStyleSetting is missing.
[14:51:43.856] [1] [WARNING] [BetterInfoCards] Skipping DrawText replay because the captured TextStyleSetting is missing.
[14:51:43.873] [1] [WARNING] [BetterInfoCards] Skipping DrawText replay because the captured TextStyleSetting is missing.
[14:51:43.889] [1] [WARNING] [BetterInfoCards] Skipping DrawText replay because the captured TextStyleSetting is missing.
[14:51:43.905] [1] [WARNING] [BetterInfoCards] Skipping DrawText replay because the captured TextStyleSetting is missing.
[14:51:43.922] [1] [WARNING] [BetterInfoCards] Skipping DrawText replay because the captured TextStyleSetting is missing.
[14:51:43.939] [1] [WARNING] [BetterInfoCards] Skipping DrawText replay because the captured TextStyleSetting is missing.
[14:51:43.956] [1] [WARNING] [BetterInfoCards] Skipping DrawText replay because the captured TextStyleSetting is missing.
[14:51:43.972] [1] [WARNING] [BetterInfoCards] Skipping DrawText replay because the captured TextStyleSetting is missing.
[14:51:43.991] [1] [WARNING] [BetterInfoCards] Skipping DrawText replay because the captured TextStyleSetting is missing.
[14:51:44.006] [1] [WARNING] [BetterInfoCards] Skipping DrawText replay because the captured TextStyleSetting is missing.
[14:51:44.022] [1] [WARNING] [BetterInfoCards] Skipping DrawText replay because the captured TextStyleSetting is missing.
[14:51:44.040] [1] [WARNING] [BetterInfoCards] Skipping DrawText replay because the captured TextStyleSetting is missing.
[14:51:44.057] [1] [WARNING] [BetterInfoCards] Skipping DrawText replay because the captured TextStyleSetting is missing.
[14:51:44.073] [1] [WARNING] [BetterInfoCards] Skipping DrawText replay because the captured TextStyleSetting is missing.
[14:51:44.090] [1] [WARNING] [BetterInfoCards] Skipping DrawText replay because the captured TextStyleSetting is missing.
[14:51:44.106] [1] [WARNING] [BetterInfoCards] Skipping DrawText replay because the captured TextStyleSetting is missing.
[14:51:44.123] [1] [WARNING] [BetterInfoCards] Skipping DrawText replay because the captured TextStyleSetting is missing.
[14:51:44.139] [1] [WARNING] [BetterInfoCards] Skipping DrawText replay because the captured TextStyleSetting is missing.
[14:51:44.156] [1] [WARNING] [BetterInfoCards] Skipping DrawText replay because the captured TextStyleSetting is missing.
[14:51:44.173] [1] [WARNING] [BetterInfoCards] Skipping DrawText replay because the captured TextStyleSetting is missing.
[14:51:44.189] [1] [WARNING] [BetterInfoCards] Skipping DrawText replay because the captured TextStyleSetting is missing.
[14:51:44.206] [1] [WARNING] [BetterInfoCards] Skipping DrawText replay because the captured TextStyleSetting is missing.
[14:51:44.224] [1] [WARNING] [BetterInfoCards] Skipping DrawText replay because the captured TextStyleSetting is missing.
[14:51:44.239] [1] [WARNING] [BetterInfoCards] Skipping DrawText replay because the captured TextStyleSetting is missing.
[14:51:44.256] [1] [WARNING] [BetterInfoCards] Skipping DrawText replay because the captured TextStyleSetting is missing.
[14:51:44.272] [1] [WARNING] [BetterInfoCards] Skipping DrawText replay because the captured TextStyleSetting is missing.
[14:51:44.289] [1] [WARNING] [BetterInfoCards] Skipping DrawText replay because the captured TextStyleSetting is missing.
[14:51:44.306] [1] [WARNING] [BetterInfoCards] Skipping DrawText replay because the captured TextStyleSetting is missing.
[14:51:44.323] [1] [WARNING] [BetterInfoCards] Skipping DrawText replay because the captured TextStyleSetting is missing.
[14:51:44.339] [1] [WARNING] [BetterInfoCards] Skipping DrawText replay because the captured TextStyleSetting is missing.
[14:51:44.356] [1] [WARNING] [BetterInfoCards] Skipping DrawText replay because the captured TextStyleSetting is missing.
[14:51:44.373] [1] [WARNING] [BetterInfoCards] Skipping DrawText replay because the captured TextStyleSetting is missing.
[14:51:44.389] [1] [WARNING] [BetterInfoCards] Skipping DrawText replay because the captured TextStyleSetting is missing.
[14:51:44.406] [1] [WARNING] [BetterInfoCards] Skipping DrawText replay because the captured TextStyleSetting is missing.
[14:51:44.423] [1] [WARNING] [BetterInfoCards] Skipping DrawText replay because the captured TextStyleSetting is missing.
[14:51:44.439] [1] [WARNING] [BetterInfoCards] Skipping DrawText replay because the captured TextStyleSetting is missing.
[14:51:44.456] [1] [WARNING] [BetterInfoCards] Skipping DrawText replay because the captured TextStyleSetting is missing.
[14:51:44.473] [1] [WARNING] [BetterInfoCards] Skipping DrawText replay because the captured TextStyleSetting is missing.
[14:51:44.489] [1] [WARNING] [BetterInfoCards] Skipping DrawText replay because the captured TextStyleSetting is missing.
[14:51:44.506] [1] [WARNING] [BetterInfoCards] Skipping DrawText replay because the captured TextStyleSetting is missing.
[14:51:44.522] [1] [WARNING] [BetterInfoCards] Skipping DrawText replay because the captured TextStyleSetting is missing.
[14:51:44.539] [1] [WARNING] [BetterInfoCards] Skipping DrawText replay because the captured TextStyleSetting is missing.
[14:51:44.555] [1] [WARNING] [BetterInfoCards] Skipping DrawText replay because the captured TextStyleSetting is missing.
[14:51:44.573] [1] [WARNING] [BetterInfoCards] Skipping DrawText replay because the captured TextStyleSetting is missing.
[14:51:44.589] [1] [WARNING] [BetterInfoCards] Skipping DrawText replay because the captured TextStyleSetting is missing.
[14:51:44.606] [1] [WARNING] [BetterInfoCards] Skipping DrawText replay because the captured TextStyleSetting is missing.
[14:51:44.623] [1] [WARNING] [BetterInfoCards] Skipping DrawText replay because the captured TextStyleSetting is missing.
[14:51:44.640] [1] [WARNING] [BetterInfoCards] Skipping DrawText replay because the captured TextStyleSetting is missing.
[14:51:44.655] [1] [WARNING] [BetterInfoCards] Skipping DrawText replay because the captured TextStyleSetting is missing.
[14:51:44.674] [1] [WARNING] [BetterInfoCards] Skipping DrawText replay because the captured TextStyleSetting is missing.
[14:51:44.689] [1] [WARNING] [BetterInfoCards] Skipping DrawText replay because the captured TextStyleSetting is missing.
[14:51:44.706] [1] [WARNING] [BetterInfoCards] Skipping DrawText replay because the captured TextStyleSetting is missing.
[14:51:44.723] [1] [WARNING] [BetterInfoCards] Skipping DrawText replay because the captured TextStyleSetting is missing.
[14:51:44.739] [1] [WARNING] [BetterInfoCards] Skipping DrawText replay because the captured TextStyleSetting is missing.
[14:51:44.756] [1] [WARNING] [BetterInfoCards] Skipping DrawText replay because the captured TextStyleSetting is missing.
[14:51:44.773] [1] [WARNING] [BetterInfoCards] Skipping DrawText replay because the captured TextStyleSetting is missing.
[14:51:44.790] [1] [WARNING] [BetterInfoCards] Skipping DrawText replay because the captured TextStyleSetting is missing.
[14:51:44.806] [1] [WARNING] [BetterInfoCards] Skipping DrawText replay because the captured TextStyleSetting is missing.
[14:51:44.824] [1] [WARNING] [BetterInfoCards] Skipping DrawText replay because the captured TextStyleSetting is missing.
[14:51:44.840] [1] [WARNING] [BetterInfoCards] Skipping DrawText replay because the captured TextStyleSetting is missing.
[14:51:44.856] [1] [WARNING] [BetterInfoCards] Skipping DrawText replay because the captured TextStyleSetting is missing.
[14:51:44.873] [1] [WARNING] [BetterInfoCards] Skipping DrawText replay because the captured TextStyleSetting is missing.
[14:51:44.891] [1] [WARNING] [BetterInfoCards] Skipping DrawText replay because the captured TextStyleSetting is missing.
[14:51:44.907] [1] [WARNING] [BetterInfoCards] Skipping DrawText replay because the captured TextStyleSetting is missing.
[14:51:44.922] [1] [WARNING] [BetterInfoCards] Skipping DrawText replay because the captured TextStyleSetting is missing.
[14:51:44.939] [1] [WARNING] [BetterInfoCards] Skipping DrawText replay because the captured TextStyleSetting is missing.
[14:51:44.955] [1] [WARNING] [BetterInfoCards] Skipping DrawText replay because the captured TextStyleSetting is missing.
[14:51:44.973] [1] [WARNING] [BetterInfoCards] Skipping DrawText replay because the captured TextStyleSetting is missing.
[14:51:44.989] [1] [WARNING] [BetterInfoCards] Skipping DrawText replay because the captured TextStyleSetting is missing.
[14:51:45.005] [1] [WARNING] [BetterInfoCards] Skipping DrawText replay because the captured TextStyleSetting is missing.
[14:51:45.022] [1] [WARNING] [BetterInfoCards] Skipping DrawText replay because the captured TextStyleSetting is missing.
[14:51:45.039] [1] [WARNING] [BetterInfoCards] Skipping DrawText replay because the captured TextStyleSetting is missing.
[14:51:45.056] [1] [WARNING] [BetterInfoCards] Skipping DrawText replay because the captured TextStyleSetting is missing.
[14:51:45.073] [1] [WARNING] [BetterInfoCards] Skipping DrawText replay because the captured TextStyleSetting is missing.
[14:51:45.089] [1] [WARNING] [BetterInfoCards] Skipping DrawText replay because the captured TextStyleSetting is missing.
[14:51:45.107] [1] [WARNING] [BetterInfoCards] Skipping DrawText replay because the captured TextStyleSetting is missing.
[14:51:45.123] [1] [WARNING] [BetterInfoCards] Skipping DrawText replay because the captured TextStyleSetting is missing.
[14:51:45.140] [1] [WARNING] [BetterInfoCards] Skipping DrawText replay because the captured TextStyleSetting is missing.
[14:51:45.156] [1] [WARNING] [BetterInfoCards] Skipping DrawText replay because the captured TextStyleSetting is missing.
[14:51:45.173] [1] [WARNING] [BetterInfoCards] Skipping DrawText replay because the captured TextStyleSetting is missing.
[14:51:45.190] [1] [WARNING] [BetterInfoCards] Skipping DrawText replay because the captured TextStyleSetting is missing.
[14:51:45.206] [1] [WARNING] [BetterInfoCards] Skipping DrawText replay because the captured TextStyleSetting is missing.
[14:51:45.223] [1] [WARNING] [BetterInfoCards] Skipping DrawText replay because the captured TextStyleSetting is missing.
[14:51:45.240] [1] [WARNING] [BetterInfoCards] Skipping DrawText replay because the captured TextStyleSetting is missing.
[14:51:45.256] [1] [WARNING] [BetterInfoCards] Skipping DrawText replay because the captured TextStyleSetting is missing.
[14:51:45.272] [1] [WARNING] [BetterInfoCards] Skipping DrawText replay because the captured TextStyleSetting is missing.
[14:51:45.289] [1] [WARNING] [BetterInfoCards] Skipping DrawText replay because the captured TextStyleSetting is missing.
[14:51:45.305] [1] [WARNING] [BetterInfoCards] Skipping DrawText replay because the captured TextStyleSetting is missing.
[14:51:45.323] [1] [WARNING] [BetterInfoCards] Skipping DrawText replay because the captured TextStyleSetting is missing.
[14:51:45.340] [1] [WARNING] [BetterInfoCards] Skipping DrawText replay because the captured TextStyleSetting is missing.
[14:51:45.356] [1] [WARNING] [BetterInfoCards] Skipping DrawText replay because the captured TextStyleSetting is missing.
[14:51:45.373] [1] [WARNING] [BetterInfoCards] Skipping DrawText replay because the captured TextStyleSetting is missing.
[14:51:45.389] [1] [WARNING] [BetterInfoCards] Skipping DrawText replay because the captured TextStyleSetting is missing.
[14:51:45.406] [1] [WARNING] [BetterInfoCards] Skipping DrawText replay because the captured TextStyleSetting is missing.
[14:51:45.423] [1] [WARNING] [BetterInfoCards] Skipping DrawText replay because the captured TextStyleSetting is missing.
[14:51:45.440] [1] [WARNING] [BetterInfoCards] Skipping DrawText replay because the captured TextStyleSetting is missing.
[14:51:45.456] [1] [WARNING] [BetterInfoCards] Skipping DrawText replay because the captured TextStyleSetting is missing.
[14:51:45.473] [1] [WARNING] [BetterInfoCards] Skipping DrawText replay because the captured TextStyleSetting is missing.
[14:51:45.489] [1] [WARNING] [BetterInfoCards] Skipping DrawText replay because the captured TextStyleSetting is missing.
[14:51:45.506] [1] [WARNING] [BetterInfoCards] Skipping DrawText replay because the captured TextStyleSetting is missing.
[14:51:45.523] [1] [WARNING] [BetterInfoCards] Skipping DrawText replay because the captured TextStyleSetting is missing.
[14:51:45.539] [1] [WARNING] [BetterInfoCards] Skipping DrawText replay because the captured TextStyleSetting is missing.
[14:51:45.556] [1] [WARNING] [BetterInfoCards] Skipping DrawText replay because the captured TextStyleSetting is missing.
[14:51:45.573] [1] [WARNING] [BetterInfoCards] Skipping DrawText replay because the captured TextStyleSetting is missing.
[14:51:45.590] [1] [WARNING] [BetterInfoCards] Skipping DrawText replay because the captured TextStyleSetting is missing.
[14:51:45.606] [1] [WARNING] [BetterInfoCards] Skipping DrawText replay because the captured TextStyleSetting is missing.
[14:51:45.622] [1] [WARNING] [BetterInfoCards] Skipping DrawText replay because the captured TextStyleSetting is missing.
[14:51:45.639] [1] [WARNING] [BetterInfoCards] Skipping DrawText replay because the captured TextStyleSetting is missing.
[14:51:45.656] [1] [WARNING] [BetterInfoCards] Skipping DrawText replay because the captured TextStyleSetting is missing.
[14:51:45.673] [1] [WARNING] [BetterInfoCards] Skipping DrawText replay because the captured TextStyleSetting is missing.
[14:51:45.690] [1] [WARNING] [BetterInfoCards] Skipping DrawText replay because the captured TextStyleSetting is missing.
[14:51:45.707] [1] [WARNING] [BetterInfoCards] Skipping DrawText replay because the captured TextStyleSetting is missing.
[14:51:45.723] [1] [WARNING] [BetterInfoCards] Skipping DrawText replay because the captured TextStyleSetting is missing.
[14:51:45.739] [1] [WARNING] [BetterInfoCards] Skipping DrawText replay because the captured TextStyleSetting is missing.
[14:51:45.756] [1] [WARNING] [BetterInfoCards] Skipping DrawText replay because the captured TextStyleSetting is missing.
[14:51:45.773] [1] [WARNING] [BetterInfoCards] Skipping DrawText replay because the captured TextStyleSetting is missing.
[14:51:45.790] [1] [WARNING] [BetterInfoCards] Skipping DrawText replay because the captured TextStyleSetting is missing.
[14:51:45.806] [1] [WARNING] [BetterInfoCards] Skipping DrawText replay because the captured TextStyleSetting is missing.
[14:51:45.823] [1] [WARNING] [BetterInfoCards] Skipping DrawText replay because the captured TextStyleSetting is missing.
[14:51:45.839] [1] [WARNING] [BetterInfoCards] Skipping DrawText replay because the captured TextStyleSetting is missing.
[14:51:45.856] [1] [WARNING] [BetterInfoCards] Skipping DrawText replay because the captured TextStyleSetting is missing.
[14:51:45.873] [1] [WARNING] [BetterInfoCards] Skipping DrawText replay because the captured TextStyleSetting is missing.
[14:51:45.889] [1] [WARNING] [BetterInfoCards] Skipping DrawText replay because the captured TextStyleSetting is missing.
[14:51:45.906] [1] [WARNING] [BetterInfoCards] Skipping DrawText replay because the captured TextStyleSetting is missing.
[14:51:45.922] [1] [WARNING] [BetterInfoCards] Skipping DrawText replay because the captured TextStyleSetting is missing.
[14:51:45.939] [1] [WARNING] [BetterInfoCards] Skipping DrawText replay because the captured TextStyleSetting is missing.
[14:51:45.955] [1] [WARNING] [BetterInfoCards] Skipping DrawText replay because the captured TextStyleSetting is missing.
[14:51:45.972] [1] [WARNING] [BetterInfoCards] Skipping DrawText replay because the captured TextStyleSetting is missing.
[14:51:45.990] [1] [WARNING] [BetterInfoCards] Skipping DrawText replay because the captured TextStyleSetting is missing.
[14:51:46.006] [1] [WARNING] [BetterInfoCards] Skipping DrawText replay because the captured TextStyleSetting is missing.
[14:51:46.022] [1] [WARNING] [BetterInfoCards] Skipping DrawText replay because the captured TextStyleSetting is missing.
[14:51:46.040] [1] [WARNING] [BetterInfoCards] Skipping DrawText replay because the captured TextStyleSetting is missing.
[14:51:46.057] [1] [WARNING] [BetterInfoCards] Skipping DrawText replay because the captured TextStyleSetting is missing.
[14:51:46.073] [1] [WARNING] [BetterInfoCards] Skipping DrawText replay because the captured TextStyleSetting is missing.
[14:51:46.089] [1] [WARNING] [BetterInfoCards] Skipping DrawText replay because the captured TextStyleSetting is missing.
[14:51:46.106] [1] [WARNING] [BetterInfoCards] Skipping DrawText replay because the captured TextStyleSetting is missing.
[14:51:46.122] [1] [WARNING] [BetterInfoCards] Skipping DrawText replay because the captured TextStyleSetting is missing.
[14:51:46.139] [1] [WARNING] [BetterInfoCards] Skipping DrawText replay because the captured TextStyleSetting is missing.
[14:51:46.156] [1] [WARNING] [BetterInfoCards] Skipping DrawText replay because the captured TextStyleSetting is missing.
[14:51:46.173] [1] [WARNING] [BetterInfoCards] Skipping DrawText replay because the captured TextStyleSetting is missing.
[14:51:46.189] [1] [WARNING] [BetterInfoCards] Skipping DrawText replay because the captured TextStyleSetting is missing.
[14:51:46.206] [1] [WARNING] [BetterInfoCards] Skipping DrawText replay because the captured TextStyleSetting is missing.
[14:51:46.222] [1] [WARNING] [BetterInfoCards] Skipping DrawText replay because the captured TextStyleSetting is missing.
[14:51:46.239] [1] [WARNING] [BetterInfoCards] Skipping DrawText replay because the captured TextStyleSetting is missing.
[14:51:46.256] [1] [WARNING] [BetterInfoCards] Skipping DrawText replay because the captured TextStyleSetting is missing.
[14:51:46.272] [1] [WARNING] [BetterInfoCards] Skipping DrawText replay because the captured TextStyleSetting is missing.
[14:51:46.289] [1] [WARNING] [BetterInfoCards] Skipping DrawText replay because the captured TextStyleSetting is missing.
[14:51:46.306] [1] [WARNING] [BetterInfoCards] Skipping DrawText replay because the captured TextStyleSetting is missing.
[14:51:46.322] [1] [WARNING] [BetterInfoCards] Skipping DrawText replay because the captured TextStyleSetting is missing.
[14:51:46.339] [1] [WARNING] [BetterInfoCards] Skipping DrawText replay because the captured TextStyleSetting is missing.
[14:51:46.356] [1] [WARNING] [BetterInfoCards] Skipping DrawText replay because the captured TextStyleSetting is missing.
[14:51:46.372] [1] [WARNING] [BetterInfoCards] Skipping DrawText replay because the captured TextStyleSetting is missing.
[14:51:46.389] [1] [WARNING] [BetterInfoCards] Skipping DrawText replay because the captured TextStyleSetting is missing.
[14:51:46.405] [1] [WARNING] [BetterInfoCards] Skipping DrawText replay because the captured TextStyleSetting is missing.
[14:51:46.423] [1] [WARNING] [BetterInfoCards] Skipping DrawText replay because the captured TextStyleSetting is missing.
[14:51:46.439] [1] [WARNING] [BetterInfoCards] Skipping DrawText replay because the captured TextStyleSetting is missing.
[14:51:46.455] [1] [WARNING] [BetterInfoCards] Skipping DrawText replay because the captured TextStyleSetting is missing.
[14:51:46.473] [1] [WARNING] [BetterInfoCards] Skipping DrawText replay because the captured TextStyleSetting is missing.
[14:51:46.489] [1] [WARNING] [BetterInfoCards] Skipping DrawText replay because the captured TextStyleSetting is missing.
[14:51:46.506] [1] [WARNING] [BetterInfoCards] Skipping DrawText replay because the captured TextStyleSetting is missing.
[14:51:46.522] [1] [WARNING] [BetterInfoCards] Skipping DrawText replay because the captured TextStyleSetting is missing.
[14:51:46.538] [1] [WARNING] [BetterInfoCards] Skipping DrawText replay because the captured TextStyleSetting is missing.
[14:51:46.556] [1] [WARNING] [BetterInfoCards] Skipping DrawText replay because the captured TextStyleSetting is missing.
[14:51:46.573] [1] [WARNING] [BetterInfoCards] Skipping DrawText replay because the captured TextStyleSetting is missing.
[14:51:46.589] [1] [WARNING] [BetterInfoCards] Skipping DrawText replay because the captured TextStyleSetting is missing.
[14:51:46.606] [1] [WARNING] [BetterInfoCards] Skipping DrawText replay because the captured TextStyleSetting is missing.
[14:51:46.622] [1] [WARNING] [BetterInfoCards] Skipping DrawText replay because the captured TextStyleSetting is missing.
[14:51:46.639] [1] [WARNING] [BetterInfoCards] Skipping DrawText replay because the captured TextStyleSetting is missing.
[14:51:46.656] [1] [WARNING] [BetterInfoCards] Skipping DrawText replay because the captured TextStyleSetting is missing.
[14:51:46.672] [1] [WARNING] [BetterInfoCards] Skipping DrawText replay because the captured TextStyleSetting is missing.
[14:51:46.689] [1] [WARNING] [BetterInfoCards] Skipping DrawText replay because the captured TextStyleSetting is missing.
[14:51:46.705] [1] [WARNING] [BetterInfoCards] Skipping DrawText replay because the captured TextStyleSetting is missing.
[14:51:46.723] [1] [WARNING] [BetterInfoCards] Skipping DrawText replay because the captured TextStyleSetting is missing.
[14:51:46.739] [1] [WARNING] [BetterInfoCards] Skipping DrawText replay because the captured TextStyleSetting is missing.
[14:51:46.755] [1] [WARNING] [BetterInfoCards] Skipping DrawText replay because the captured TextStyleSetting is missing.
[14:51:46.772] [1] [WARNING] [BetterInfoCards] Skipping DrawText replay because the captured TextStyleSetting is missing.
[14:51:46.790] [1] [WARNING] [BetterInfoCards] Skipping DrawText replay because the captured TextStyleSetting is missing.
[14:51:46.805] [1] [WARNING] [BetterInfoCards] Skipping DrawText replay because the captured TextStyleSetting is missing.
[14:51:46.822] [1] [WARNING] [BetterInfoCards] Skipping DrawText replay because the captured TextStyleSetting is missing.
[14:51:46.839] [1] [WARNING] [BetterInfoCards] Skipping DrawText replay because the captured TextStyleSetting is missing.
[14:51:46.856] [1] [WARNING] [BetterInfoCards] Skipping DrawText replay because the captured TextStyleSetting is missing.
[14:51:46.873] [1] [WARNING] [BetterInfoCards] Skipping DrawText replay because the captured TextStyleSetting is missing.
[14:51:46.889] [1] [WARNING] [BetterInfoCards] Skipping DrawText replay because the captured TextStyleSetting is missing.
[14:51:46.906] [1] [WARNING] [BetterInfoCards] Skipping DrawText replay because the captured TextStyleSetting is missing.
[14:51:46.922] [1] [WARNING] [BetterInfoCards] Skipping DrawText replay because the captured TextStyleSetting is missing.
[14:51:46.940] [1] [WARNING] [BetterInfoCards] Skipping DrawText replay because the captured TextStyleSetting is missing.
[14:51:46.955] [1] [WARNING] [BetterInfoCards] Skipping DrawText replay because the captured TextStyleSetting is missing.
[14:51:46.973] [1] [WARNING] [BetterInfoCards] Skipping DrawText replay because the captured TextStyleSetting is missing.
[14:51:46.989] [1] [WARNING] [BetterInfoCards] Skipping DrawText replay because the captured TextStyleSetting is missing.
[14:51:47.006] [1] [WARNING] [BetterInfoCards] Skipping DrawText replay because the captured TextStyleSetting is missing.
[14:51:47.022] [1] [WARNING] [BetterInfoCards] Skipping DrawText replay because the captured TextStyleSetting is missing.
[14:51:47.039] [1] [WARNING] [BetterInfoCards] Skipping DrawText replay because the captured TextStyleSetting is missing.
[14:51:47.056] [1] [WARNING] [BetterInfoCards] Skipping DrawText replay because the captured TextStyleSetting is missing.
[14:51:47.072] [1] [WARNING] [BetterInfoCards] Skipping DrawText replay because the captured TextStyleSetting is missing.
[14:51:47.089] [1] [WARNING] [BetterInfoCards] Skipping DrawText replay because the captured TextStyleSetting is missing.
[14:51:47.106] [1] [WARNING] [BetterInfoCards] Skipping DrawText replay because the captured TextStyleSetting is missing.
[14:51:47.122] [1] [WARNING] [BetterInfoCards] Skipping DrawText replay because the captured TextStyleSetting is missing.
[14:51:47.139] [1] [WARNING] [BetterInfoCards] Skipping DrawText replay because the captured TextStyleSetting is missing.
[14:51:47.155] [1] [WARNING] [BetterInfoCards] Skipping DrawText replay because the captured TextStyleSetting is missing.
[14:51:47.173] [1] [WARNING] [BetterInfoCards] Skipping DrawText replay because the captured TextStyleSetting is missing.
[14:51:47.189] [1] [WARNING] [BetterInfoCards] Skipping DrawText replay because the captured TextStyleSetting is missing.
[14:51:47.205] [1] [WARNING] [BetterInfoCards] Skipping DrawText replay because the captured TextStyleSetting is missing.
[14:51:47.222] [1] [WARNING] [BetterInfoCards] Skipping DrawText replay because the captured TextStyleSetting is missing.
[14:51:47.240] [1] [WARNING] [BetterInfoCards] Skipping DrawText replay because the captured TextStyleSetting is missing.
[14:51:47.255] [1] [WARNING] [BetterInfoCards] Skipping DrawText replay because the captured TextStyleSetting is missing.
[14:51:47.272] [1] [WARNING] [BetterInfoCards] Skipping DrawText replay because the captured TextStyleSetting is missing.
[14:51:47.289] [1] [WARNING] [BetterInfoCards] Skipping DrawText replay because the captured TextStyleSetting is missing.
[14:51:47.306] [1] [WARNING] [BetterInfoCards] Skipping DrawText replay because the captured TextStyleSetting is missing.
[14:51:47.323] [1] [WARNING] [BetterInfoCards] Skipping DrawText replay because the captured TextStyleSetting is missing.
[14:51:47.339] [1] [WARNING] [BetterInfoCards] Skipping DrawText replay because the captured TextStyleSetting is missing.
[14:51:47.356] [1] [WARNING] [BetterInfoCards] Skipping DrawText replay because the captured TextStyleSetting is missing.
[14:51:47.373] [1] [WARNING] [BetterInfoCards] Skipping DrawText replay because the captured TextStyleSetting is missing.
[14:51:47.390] [1] [WARNING] [BetterInfoCards] Skipping DrawText replay because the captured TextStyleSetting is missing.
[14:51:47.406] [1] [WARNING] [BetterInfoCards] Skipping DrawText replay because the captured TextStyleSetting is missing.
[14:51:47.422] [1] [WARNING] [BetterInfoCards] Skipping DrawText replay because the captured TextStyleSetting is missing.
[14:51:47.439] [1] [WARNING] [BetterInfoCards] Skipping DrawText replay because the captured TextStyleSetting is missing.
[14:51:47.457] [1] [WARNING] [BetterInfoCards] Skipping DrawText replay because the captured TextStyleSetting is missing.
[14:51:47.473] [1] [WARNING] [BetterInfoCards] Skipping DrawText replay because the captured TextStyleSetting is missing.
[14:51:47.490] [1] [WARNING] [BetterInfoCards] Skipping DrawText replay because the captured TextStyleSetting is missing.
[14:51:47.506] [1] [WARNING] [BetterInfoCards] Skipping DrawText replay because the captured TextStyleSetting is missing.
[14:51:47.523] [1] [WARNING] [BetterInfoCards] Skipping DrawText replay because the captured TextStyleSetting is missing.
[14:51:47.540] [1] [WARNING] [BetterInfoCards] Skipping DrawText replay because the captured TextStyleSetting is missing.
[14:51:47.555] [1] [WARNING] [BetterInfoCards] Skipping DrawText replay because the captured TextStyleSetting is missing.
[14:51:47.573] [1] [WARNING] [BetterInfoCards] Skipping DrawText replay because the captured TextStyleSetting is missing.
[14:51:47.589] [1] [WARNING] [BetterInfoCards] Skipping DrawText replay because the captured TextStyleSetting is missing.
[14:51:47.607] [1] [WARNING] [BetterInfoCards] Skipping DrawText replay because the captured TextStyleSetting is missing.
[14:51:47.622] [1] [WARNING] [BetterInfoCards] Skipping DrawText replay because the captured TextStyleSetting is missing.
[14:51:47.639] [1] [WARNING] [BetterInfoCards] Skipping DrawText replay because the captured TextStyleSetting is missing.
[14:51:47.656] [1] [WARNING] [BetterInfoCards] Skipping DrawText replay because the captured TextStyleSetting is missing.
[14:51:47.673] [1] [WARNING] [BetterInfoCards] Skipping DrawText replay because the captured TextStyleSetting is missing.
[14:51:47.689] [1] [WARNING] [BetterInfoCards] Skipping DrawText replay because the captured TextStyleSetting is missing.
[14:51:47.706] [1] [WARNING] [BetterInfoCards] Skipping DrawText replay because the captured TextStyleSetting is missing.
[14:51:47.722] [1] [WARNING] [BetterInfoCards] Skipping DrawText replay because the captured TextStyleSetting is missing.
[14:51:47.739] [1] [WARNING] [BetterInfoCards] Skipping DrawText replay because the captured TextStyleSetting is missing.
[14:51:47.756] [1] [WARNING] [BetterInfoCards] Skipping DrawText replay because the captured TextStyleSetting is missing.
[14:51:47.773] [1] [WARNING] [BetterInfoCards] Skipping DrawText replay because the captured TextStyleSetting is missing.
[14:51:47.789] [1] [WARNING] [BetterInfoCards] Skipping DrawText replay because the captured TextStyleSetting is missing.
[14:51:47.805] [1] [WARNING] [BetterInfoCards] Skipping DrawText replay because the captured TextStyleSetting is missing.
[14:51:47.823] [1] [WARNING] [BetterInfoCards] Skipping DrawText replay because the captured TextStyleSetting is missing.
[14:51:47.839] [1] [WARNING] [BetterInfoCards] Skipping DrawText replay because the captured TextStyleSetting is missing.
[14:51:47.855] [1] [WARNING] [BetterInfoCards] Skipping DrawText replay because the captured TextStyleSetting is missing.
[14:51:47.872] [1] [WARNING] [BetterInfoCards] Skipping DrawText replay because the captured TextStyleSetting is missing.
[14:51:47.889] [1] [WARNING] [BetterInfoCards] Skipping DrawText replay because the captured TextStyleSetting is missing.
[14:51:47.906] [1] [WARNING] [BetterInfoCards] Skipping DrawText replay because the captured TextStyleSetting is missing.
[14:51:47.923] [1] [WARNING] [BetterInfoCards] Skipping DrawText replay because the captured TextStyleSetting is missing.
[14:51:47.940] [1] [WARNING] [BetterInfoCards] Skipping DrawText replay because the captured TextStyleSetting is missing.
[14:51:47.955] [1] [WARNING] [BetterInfoCards] Skipping DrawText replay because the captured TextStyleSetting is missing.
[14:51:47.973] [1] [WARNING] [BetterInfoCards] Skipping DrawText replay because the captured TextStyleSetting is missing.
[14:51:47.989] [1] [WARNING] [BetterInfoCards] Skipping DrawText replay because the captured TextStyleSetting is missing.
[14:51:48.006] [1] [WARNING] [BetterInfoCards] Skipping DrawText replay because the captured TextStyleSetting is missing.
[14:51:48.023] [1] [WARNING] [BetterInfoCards] Skipping DrawText replay because the captured TextStyleSetting is missing.
[14:51:48.040] [1] [WARNING] [BetterInfoCards] Skipping DrawText replay because the captured TextStyleSetting is missing.
[14:51:48.056] [1] [WARNING] [BetterInfoCards] Skipping DrawText replay because the captured TextStyleSetting is missing.
[14:51:48.073] [1] [WARNING] [BetterInfoCards] Skipping DrawText replay because the captured TextStyleSetting is missing.
[14:51:48.089] [1] [WARNING] [BetterInfoCards] Skipping DrawText replay because the captured TextStyleSetting is missing.
[14:51:48.105] [1] [WARNING] [BetterInfoCards] Skipping DrawText replay because the captured TextStyleSetting is missing.
[14:51:48.123] [1] [WARNING] [BetterInfoCards] Skipping DrawText replay because the captured TextStyleSetting is missing.
[14:51:48.139] [1] [WARNING] [BetterInfoCards] Skipping DrawText replay because the captured TextStyleSetting is missing.
[14:51:48.156] [1] [WARNING] [BetterInfoCards] Skipping DrawText replay because the captured TextStyleSetting is missing.
[14:51:48.172] [1] [WARNING] [BetterInfoCards] Skipping DrawText replay because the captured TextStyleSetting is missing.
[14:51:48.189] [1] [WARNING] [BetterInfoCards] Skipping DrawText replay because the captured TextStyleSetting is missing.
[14:51:48.205] [1] [WARNING] [BetterInfoCards] Skipping DrawText replay because the captured TextStyleSetting is missing.
[14:51:48.223] [1] [WARNING] [BetterInfoCards] Skipping DrawText replay because the captured TextStyleSetting is missing.
[14:51:48.240] [1] [WARNING] [BetterInfoCards] Skipping DrawText replay because the captured TextStyleSetting is missing.
[14:51:48.256] [1] [WARNING] [BetterInfoCards] Skipping DrawText replay because the captured TextStyleSetting is missing.
[14:51:48.272] [1] [WARNING] [BetterInfoCards] Skipping DrawText replay because the captured TextStyleSetting is missing.
[14:51:48.288] [1] [WARNING] [BetterInfoCards] Skipping DrawText replay because the captured TextStyleSetting is missing.
[14:51:48.306] [1] [WARNING] [BetterInfoCards] Skipping DrawText replay because the captured TextStyleSetting is missing.
[14:51:48.322] [1] [WARNING] [BetterInfoCards] Skipping DrawText replay because the captured TextStyleSetting is missing.
[14:51:48.339] [1] [WARNING] [BetterInfoCards] Skipping DrawText replay because the captured TextStyleSetting is missing.
[14:51:48.356] [1] [WARNING] [BetterInfoCards] Skipping DrawText replay because the captured TextStyleSetting is missing.
[14:51:48.372] [1] [WARNING] [BetterInfoCards] Skipping DrawText replay because the captured TextStyleSetting is missing.
[14:51:48.390] [1] [WARNING] [BetterInfoCards] Skipping DrawText replay because the captured TextStyleSetting is missing.
[14:51:48.406] [1] [WARNING] [BetterInfoCards] Skipping DrawText replay because the captured TextStyleSetting is missing.
[14:51:48.422] [1] [WARNING] [BetterInfoCards] Skipping DrawText replay because the captured TextStyleSetting is missing.
[14:51:48.439] [1] [WARNING] [BetterInfoCards] Skipping DrawText replay because the captured TextStyleSetting is missing.
[14:51:48.456] [1] [WARNING] [BetterInfoCards] Skipping DrawText replay because the captured TextStyleSetting is missing.
[14:51:48.473] [1] [WARNING] [BetterInfoCards] Skipping DrawText replay because the captured TextStyleSetting is missing.
[14:51:48.490] [1] [WARNING] [BetterInfoCards] Skipping DrawText replay because the captured TextStyleSetting is missing.
[14:51:48.506] [1] [WARNING] [BetterInfoCards] Skipping DrawText replay because the captured TextStyleSetting is missing.
[14:51:48.523] [1] [WARNING] [BetterInfoCards] Skipping DrawText replay because the captured TextStyleSetting is missing.
[14:51:48.540] [1] [WARNING] [BetterInfoCards] Skipping DrawText replay because the captured TextStyleSetting is missing.
[14:51:48.557] [1] [WARNING] [BetterInfoCards] Skipping DrawText replay because the captured TextStyleSetting is missing.
[14:51:48.573] [1] [WARNING] [BetterInfoCards] Skipping DrawText replay because the captured TextStyleSetting is missing.
[14:51:48.590] [1] [WARNING] [BetterInfoCards] Skipping DrawText replay because the captured TextStyleSetting is missing.
[14:51:48.606] [1] [WARNING] [BetterInfoCards] Skipping DrawText replay because the captured TextStyleSetting is missing.
[14:51:48.624] [1] [WARNING] [BetterInfoCards] Skipping DrawText replay because the captured TextStyleSetting is missing.
[14:51:48.640] [1] [WARNING] [BetterInfoCards] Skipping DrawText replay because the captured TextStyleSetting is missing.
[14:51:48.656] [1] [WARNING] [BetterInfoCards] Skipping DrawText replay because the captured TextStyleSetting is missing.
[14:51:48.673] [1] [WARNING] [BetterInfoCards] Skipping DrawText replay because the captured TextStyleSetting is missing.
[14:51:48.690] [1] [WARNING] [BetterInfoCards] Skipping DrawText replay because the captured TextStyleSetting is missing.
[14:51:48.707] [1] [WARNING] [BetterInfoCards] Skipping DrawText replay because the captured TextStyleSetting is missing.
[14:51:48.722] [1] [WARNING] [BetterInfoCards] Skipping DrawText replay because the captured TextStyleSetting is missing.
[14:51:48.739] [1] [WARNING] [BetterInfoCards] Skipping DrawText replay because the captured TextStyleSetting is missing.
[14:51:48.755] [1] [WARNING] [BetterInfoCards] Skipping DrawText replay because the captured TextStyleSetting is missing.
[14:51:48.773] [1] [WARNING] [BetterInfoCards] Skipping DrawText replay because the captured TextStyleSetting is missing.
[14:51:48.789] [1] [WARNING] [BetterInfoCards] Skipping DrawText replay because the captured TextStyleSetting is missing.
[14:51:48.807] [1] [WARNING] [BetterInfoCards] Skipping DrawText replay because the captured TextStyleSetting is missing.
[14:51:48.822] [1] [WARNING] [BetterInfoCards] Skipping DrawText replay because the captured TextStyleSetting is missing.
[14:51:48.839] [1] [WARNING] [BetterInfoCards] Skipping DrawText replay because the captured TextStyleSetting is missing.
[14:51:48.856] [1] [WARNING] [BetterInfoCards] Skipping DrawText replay because the captured TextStyleSetting is missing.
[14:51:48.872] [1] [WARNING] [BetterInfoCards] Skipping DrawText replay because the captured TextStyleSetting is missing.
[14:51:48.888] [1] [WARNING] [BetterInfoCards] Skipping DrawText replay because the captured TextStyleSetting is missing.
[14:51:48.905] [1] [WARNING] [BetterInfoCards] Skipping DrawText replay because the captured TextStyleSetting is missing.
[14:51:48.922] [1] [WARNING] [BetterInfoCards] Skipping DrawText replay because the captured TextStyleSetting is missing.
[14:51:48.939] [1] [WARNING] [BetterInfoCards] Skipping DrawText replay because the captured TextStyleSetting is missing.
[14:51:48.956] [1] [WARNING] [BetterInfoCards] Skipping DrawText replay because the captured TextStyleSetting is missing.
[14:51:48.972] [1] [WARNING] [BetterInfoCards] Skipping DrawText replay because the captured TextStyleSetting is missing.
[14:51:48.990] [1] [WARNING] [BetterInfoCards] Skipping DrawText replay because the captured TextStyleSetting is missing.
[14:51:49.006] [1] [WARNING] [BetterInfoCards] Skipping DrawText replay because the captured TextStyleSetting is missing.
[14:51:49.023] [1] [WARNING] [BetterInfoCards] Skipping DrawText replay because the captured TextStyleSetting is missing.
[14:51:49.040] [1] [WARNING] [BetterInfoCards] Skipping DrawText replay because the captured TextStyleSetting is missing.
[14:51:49.058] [1] [WARNING] [BetterInfoCards] Skipping DrawText replay because the captured TextStyleSetting is missing.
[14:51:49.074] [1] [WARNING] [BetterInfoCards] Skipping DrawText replay because the captured TextStyleSetting is missing.
[14:51:49.089] [1] [WARNING] [BetterInfoCards] Skipping DrawText replay because the captured TextStyleSetting is missing.
[14:51:49.107] [1] [WARNING] [BetterInfoCards] Skipping DrawText replay because the captured TextStyleSetting is missing.
[14:51:49.123] [1] [WARNING] [BetterInfoCards] Skipping DrawText replay because the captured TextStyleSetting is missing.
[14:51:49.140] [1] [WARNING] [BetterInfoCards] Skipping DrawText replay because the captured TextStyleSetting is missing.
[14:51:49.155] [1] [WARNING] [BetterInfoCards] Skipping DrawText replay because the captured TextStyleSetting is missing.
[14:51:49.173] [1] [WARNING] [BetterInfoCards] Skipping DrawText replay because the captured TextStyleSetting is missing.
[14:51:49.190] [1] [WARNING] [BetterInfoCards] Skipping DrawText replay because the captured TextStyleSetting is missing.
[14:51:49.206] [1] [WARNING] [BetterInfoCards] Skipping DrawText replay because the captured TextStyleSetting is missing.
[14:51:49.223] [1] [WARNING] [BetterInfoCards] Skipping DrawText replay because the captured TextStyleSetting is missing.
[14:51:49.240] [1] [WARNING] [BetterInfoCards] Skipping DrawText replay because the captured TextStyleSetting is missing.
[14:51:49.256] [1] [WARNING] [BetterInfoCards] Skipping DrawText replay because the captured TextStyleSetting is missing.
[14:51:49.273] [1] [WARNING] [BetterInfoCards] Skipping DrawText replay because the captured TextStyleSetting is missing.
[14:51:49.290] [1] [WARNING] [BetterInfoCards] Skipping DrawText replay because the captured TextStyleSetting is missing.
[14:51:49.307] [1] [WARNING] [BetterInfoCards] Skipping DrawText replay because the captured TextStyleSetting is missing.
[14:51:49.322] [1] [WARNING] [BetterInfoCards] Skipping DrawText replay because the captured TextStyleSetting is missing.
[14:51:49.339] [1] [WARNING] [BetterInfoCards] Skipping DrawText replay because the captured TextStyleSetting is missing.
[14:51:49.356] [1] [WARNING] [BetterInfoCards] Skipping DrawText replay because the captured TextStyleSetting is missing.
[14:51:49.373] [1] [WARNING] [BetterInfoCards] Skipping DrawText replay because the captured TextStyleSetting is missing.
[14:51:49.389] [1] [WARNING] [BetterInfoCards] Skipping DrawText replay because the captured TextStyleSetting is missing.
[14:51:49.406] [1] [WARNING] [BetterInfoCards] Skipping DrawText replay because the captured TextStyleSetting is missing.
[14:51:49.422] [1] [WARNING] [BetterInfoCards] Skipping DrawText replay because the captured TextStyleSetting is missing.
[14:51:49.439] [1] [WARNING] [BetterInfoCards] Skipping DrawText replay because the captured TextStyleSetting is missing.
[14:51:49.456] [1] [WARNING] [BetterInfoCards] Skipping DrawText replay because the captured TextStyleSetting is missing.
[14:51:49.473] [1] [WARNING] [BetterInfoCards] Skipping DrawText replay because the captured TextStyleSetting is missing.
[14:51:49.489] [1] [WARNING] [BetterInfoCards] Skipping DrawText replay because the captured TextStyleSetting is missing.
[14:51:49.507] [1] [WARNING] [BetterInfoCards] Skipping DrawText replay because the captured TextStyleSetting is missing.
[14:51:49.523] [1] [WARNING] [BetterInfoCards] Skipping DrawText replay because the captured TextStyleSetting is missing.
[14:51:49.539] [1] [WARNING] [BetterInfoCards] Skipping DrawText replay because the captured TextStyleSetting is missing.
[14:51:49.556] [1] [WARNING] [BetterInfoCards] Skipping DrawText replay because the captured TextStyleSetting is missing.
[14:51:49.572] [1] [WARNING] [BetterInfoCards] Skipping DrawText replay because the captured TextStyleSetting is missing.
[14:51:49.590] [1] [WARNING] [BetterInfoCards] Skipping DrawText replay because the captured TextStyleSetting is missing.
[14:51:49.606] [1] [WARNING] [BetterInfoCards] Skipping DrawText replay because the captured TextStyleSetting is missing.
[14:51:49.622] [1] [WARNING] [BetterInfoCards] Skipping DrawText replay because the captured TextStyleSetting is missing.
[14:51:49.640] [1] [WARNING] [BetterInfoCards] Skipping DrawText replay because the captured TextStyleSetting is missing.
[14:51:49.656] [1] [WARNING] [BetterInfoCards] Skipping DrawText replay because the captured TextStyleSetting is missing.
[14:51:49.674] [1] [WARNING] [BetterInfoCards] Skipping DrawText replay because the captured TextStyleSetting is missing.
[14:51:49.689] [1] [WARNING] [BetterInfoCards] Skipping DrawText replay because the captured TextStyleSetting is missing.
[14:51:49.706] [1] [WARNING] [BetterInfoCards] Skipping DrawText replay because the captured TextStyleSetting is missing.
[14:51:49.723] [1] [WARNING] [BetterInfoCards] Skipping DrawText replay because the captured TextStyleSetting is missing.
[14:51:49.740] [1] [WARNING] [BetterInfoCards] Skipping DrawText replay because the captured TextStyleSetting is missing.
[14:51:49.756] [1] [WARNING] [BetterInfoCards] Skipping DrawText replay because the captured TextStyleSetting is missing.
[14:51:49.773] [1] [WARNING] [BetterInfoCards] Skipping DrawText replay because the captured TextStyleSetting is missing.
[14:51:49.789] [1] [WARNING] [BetterInfoCards] Skipping DrawText replay because the captured TextStyleSetting is missing.
[14:51:49.806] [1] [WARNING] [BetterInfoCards] Skipping DrawText replay because the captured TextStyleSetting is missing.
[14:51:49.823] [1] [WARNING] [BetterInfoCards] Skipping DrawText replay because the captured TextStyleSetting is missing.
[14:51:49.839] [1] [WARNING] [BetterInfoCards] Skipping DrawText replay because the captured TextStyleSetting is missing.
[14:51:49.856] [1] [WARNING] [BetterInfoCards] Skipping DrawText replay because the captured TextStyleSetting is missing.
[14:51:49.873] [1] [WARNING] [BetterInfoCards] Skipping DrawText replay because the captured TextStyleSetting is missing.
[14:51:49.891] [1] [WARNING] [BetterInfoCards] Skipping DrawText replay because the captured TextStyleSetting is missing.
[14:51:49.906] [1] [WARNING] [BetterInfoCards] Skipping DrawText replay because the captured TextStyleSetting is missing.
[14:51:49.922] [1] [WARNING] [BetterInfoCards] Skipping DrawText replay because the captured TextStyleSetting is missing.
[14:51:49.939] [1] [WARNING] [BetterInfoCards] Skipping DrawText replay because the captured TextStyleSetting is missing.
[14:51:49.956] [1] [WARNING] [BetterInfoCards] Skipping DrawText replay because the captured TextStyleSetting is missing.
[14:51:49.973] [1] [WARNING] [BetterInfoCards] Skipping DrawText replay because the captured TextStyleSetting is missing.
[14:51:49.989] [1] [WARNING] [BetterInfoCards] Skipping DrawText replay because the captured TextStyleSetting is missing.
[14:51:50.006] [1] [WARNING] [BetterInfoCards] Skipping DrawText replay because the captured TextStyleSetting is missing.
[14:51:50.022] [1] [WARNING] [BetterInfoCards] Skipping DrawText replay because the captured TextStyleSetting is missing.
[14:51:50.039] [1] [WARNING] [BetterInfoCards] Skipping DrawText replay because the captured TextStyleSetting is missing.
[14:51:50.055] [1] [WARNING] [BetterInfoCards] Skipping DrawText replay because the captured TextStyleSetting is missing.
[14:51:50.073] [1] [WARNING] [BetterInfoCards] Skipping DrawText replay because the captured TextStyleSetting is missing.
[14:51:50.089] [1] [WARNING] [BetterInfoCards] Skipping DrawText replay because the captured TextStyleSetting is missing.
[14:51:50.106] [1] [WARNING] [BetterInfoCards] Skipping DrawText replay because the captured TextStyleSetting is missing.
[14:51:50.123] [1] [WARNING] [BetterInfoCards] Skipping DrawText replay because the captured TextStyleSetting is missing.
[14:51:50.140] [1] [WARNING] [BetterInfoCards] Skipping DrawText replay because the captured TextStyleSetting is missing.
[14:51:50.156] [1] [WARNING] [BetterInfoCards] Skipping DrawText replay because the captured TextStyleSetting is missing.
[14:51:50.174] [1] [WARNING] [BetterInfoCards] Skipping DrawText replay because the captured TextStyleSetting is missing.
[14:51:50.189] [1] [WARNING] [BetterInfoCards] Skipping DrawText replay because the captured TextStyleSetting is missing.
[14:51:50.206] [1] [WARNING] [BetterInfoCards] Skipping DrawText replay because the captured TextStyleSetting is missing.
[14:51:50.223] [1] [WARNING] [BetterInfoCards] Skipping DrawText replay because the captured TextStyleSetting is missing.
[14:51:50.240] [1] [WARNING] [BetterInfoCards] Skipping DrawText replay because the captured TextStyleSetting is missing.
[14:51:50.256] [1] [WARNING] [BetterInfoCards] Skipping DrawText replay because the captured TextStyleSetting is missing.
[14:51:50.273] [1] [WARNING] [BetterInfoCards] Skipping DrawText replay because the captured TextStyleSetting is missing.
[14:51:50.290] [1] [WARNING] [BetterInfoCards] Skipping DrawText replay because the captured TextStyleSetting is missing.
[14:51:50.306] [1] [WARNING] [BetterInfoCards] Skipping DrawText replay because the captured TextStyleSetting is missing.
[14:51:50.324] [1] [WARNING] [BetterInfoCards] Skipping DrawText replay because the captured TextStyleSetting is missing.
[14:51:50.339] [1] [WARNING] [BetterInfoCards] Skipping DrawText replay because the captured TextStyleSetting is missing.
[14:51:50.356] [1] [WARNING] [BetterInfoCards] Skipping DrawText replay because the captured TextStyleSetting is missing.
[14:51:50.373] [1] [WARNING] [BetterInfoCards] Skipping DrawText replay because the captured TextStyleSetting is missing.
[14:51:50.390] [1] [WARNING] [BetterInfoCards] Skipping DrawText replay because the captured TextStyleSetting is missing.
[14:51:50.406] [1] [WARNING] [BetterInfoCards] Skipping DrawText replay because the captured TextStyleSetting is missing.
[14:51:50.423] [1] [WARNING] [BetterInfoCards] Skipping DrawText replay because the captured TextStyleSetting is missing.
[14:51:50.439] [1] [WARNING] [BetterInfoCards] Skipping DrawText replay because the captured TextStyleSetting is missing.
[14:51:50.457] [1] [WARNING] [BetterInfoCards] Skipping DrawText replay because the captured TextStyleSetting is missing.
[14:51:50.473] [1] [WARNING] [BetterInfoCards] Skipping DrawText replay because the captured TextStyleSetting is missing.
[14:51:50.489] [1] [WARNING] [BetterInfoCards] Skipping DrawText replay because the captured TextStyleSetting is missing.
[14:51:50.507] [1] [WARNING] [BetterInfoCards] Skipping DrawText replay because the captured TextStyleSetting is missing.
[14:51:50.523] [1] [WARNING] [BetterInfoCards] Skipping DrawText replay because the captured TextStyleSetting is missing.
[14:51:50.540] [1] [WARNING] [BetterInfoCards] Skipping DrawText replay because the captured TextStyleSetting is missing.
[14:51:50.556] [1] [WARNING] [BetterInfoCards] Skipping DrawText replay because the captured TextStyleSetting is missing.
[14:51:50.572] [1] [WARNING] [BetterInfoCards] Skipping DrawText replay because the captured TextStyleSetting is missing.
[14:51:50.589] [1] [WARNING] [BetterInfoCards] Skipping DrawText replay because the captured TextStyleSetting is missing.
[14:51:50.606] [1] [WARNING] [BetterInfoCards] Skipping DrawText replay because the captured TextStyleSetting is missing.
[14:51:50.622] [1] [WARNING] [BetterInfoCards] Skipping DrawText replay because the captured TextStyleSetting is missing.
[14:51:50.639] [1] [WARNING] [BetterInfoCards] Skipping DrawText replay because the captured TextStyleSetting is missing.
[14:51:50.656] [1] [WARNING] [BetterInfoCards] Skipping DrawText replay because the captured TextStyleSetting is missing.
[14:51:50.672] [1] [WARNING] [BetterInfoCards] Skipping DrawText replay because the captured TextStyleSetting is missing.
[14:51:50.689] [1] [WARNING] [BetterInfoCards] Skipping DrawText replay because the captured TextStyleSetting is missing.
[14:51:50.706] [1] [WARNING] [BetterInfoCards] Skipping DrawText replay because the captured TextStyleSetting is missing.
[14:51:50.724] [1] [WARNING] [BetterInfoCards] Skipping DrawText replay because the captured TextStyleSetting is missing.
[14:51:50.740] [1] [WARNING] [BetterInfoCards] Skipping DrawText replay because the captured TextStyleSetting is missing.
[14:51:50.756] [1] [WARNING] [BetterInfoCards] Skipping DrawText replay because the captured TextStyleSetting is missing.
[14:51:50.773] [1] [WARNING] [BetterInfoCards] Skipping DrawText replay because the captured TextStyleSetting is missing.
[14:51:50.788] [1] [WARNING] [BetterInfoCards] Skipping DrawText replay because the captured TextStyleSetting is missing.
[14:51:50.806] [1] [WARNING] [BetterInfoCards] Skipping DrawText replay because the captured TextStyleSetting is missing.
[14:51:50.823] [1] [WARNING] [BetterInfoCards] Skipping DrawText replay because the captured TextStyleSetting is missing.
[14:51:50.839] [1] [WARNING] [BetterInfoCards] Skipping DrawText replay because the captured TextStyleSetting is missing.
[14:51:50.855] [1] [WARNING] [BetterInfoCards] Skipping DrawText replay because the captured TextStyleSetting is missing.
[14:51:50.873] [1] [WARNING] [BetterInfoCards] Skipping DrawText replay because the captured TextStyleSetting is missing.
[14:51:50.888] [1] [WARNING] [BetterInfoCards] Skipping DrawText replay because the captured TextStyleSetting is missing.
[14:51:50.906] [1] [WARNING] [BetterInfoCards] Skipping DrawText replay because the captured TextStyleSetting is missing.
[14:51:50.922] [1] [WARNING] [BetterInfoCards] Skipping DrawText replay because the captured TextStyleSetting is missing.
[14:51:50.939] [1] [WARNING] [BetterInfoCards] Skipping DrawText replay because the captured TextStyleSetting is missing.
[14:51:50.955] [1] [WARNING] [BetterInfoCards] Skipping DrawText replay because the captured TextStyleSetting is missing.
[14:51:50.974] [1] [WARNING] [BetterInfoCards] Skipping DrawText replay because the captured TextStyleSetting is missing.
[14:51:50.989] [1] [WARNING] [BetterInfoCards] Skipping DrawText replay because the captured TextStyleSetting is missing.
[14:51:51.005] [1] [WARNING] [BetterInfoCards] Skipping DrawText replay because the captured TextStyleSetting is missing.
[14:51:51.022] [1] [WARNING] [BetterInfoCards] Skipping DrawText replay because the captured TextStyleSetting is missing.
[14:51:51.039] [1] [WARNING] [BetterInfoCards] Skipping DrawText replay because the captured TextStyleSetting is missing.
[14:51:51.056] [1] [WARNING] [BetterInfoCards] Skipping DrawText replay because the captured TextStyleSetting is missing.
[14:51:51.073] [1] [WARNING] [BetterInfoCards] Skipping DrawText replay because the captured TextStyleSetting is missing.
[14:51:51.089] [1] [WARNING] [BetterInfoCards] Skipping DrawText replay because the captured TextStyleSetting is missing.
[14:51:51.106] [1] [WARNING] [BetterInfoCards] Skipping DrawText replay because the captured TextStyleSetting is missing.
[14:51:51.122] [1] [WARNING] [BetterInfoCards] Skipping DrawText replay because the captured TextStyleSetting is missing.
[14:51:51.139] [1] [WARNING] [BetterInfoCards] Skipping DrawText replay because the captured TextStyleSetting is missing.
[14:51:51.156] [1] [WARNING] [BetterInfoCards] Skipping DrawText replay because the captured TextStyleSetting is missing.
[14:51:51.173] [1] [WARNING] [BetterInfoCards] Skipping DrawText replay because the captured TextStyleSetting is missing.
[14:51:51.189] [1] [WARNING] [BetterInfoCards] Skipping DrawText replay because the captured TextStyleSetting is missing.
[14:51:51.206] [1] [WARNING] [BetterInfoCards] Skipping DrawText replay because the captured TextStyleSetting is missing.
[14:51:51.223] [1] [WARNING] [BetterInfoCards] Skipping DrawText replay because the captured TextStyleSetting is missing.
[14:51:51.239] [1] [WARNING] [BetterInfoCards] Skipping DrawText replay because the captured TextStyleSetting is missing.
[14:51:51.255] [1] [WARNING] [BetterInfoCards] Skipping DrawText replay because the captured TextStyleSetting is missing.
[14:51:51.273] [1] [WARNING] [BetterInfoCards] Skipping DrawText replay because the captured TextStyleSetting is missing.
[14:51:51.289] [1] [WARNING] [BetterInfoCards] Skipping DrawText replay because the captured TextStyleSetting is missing.
[14:51:51.306] [1] [WARNING] [BetterInfoCards] Skipping DrawText replay because the captured TextStyleSetting is missing.
[14:51:51.323] [1] [WARNING] [BetterInfoCards] Skipping DrawText replay because the captured TextStyleSetting is missing.
[14:51:51.340] [1] [WARNING] [BetterInfoCards] Skipping DrawText replay because the captured TextStyleSetting is missing.
[14:51:51.356] [1] [WARNING] [BetterInfoCards] Skipping DrawText replay because the captured TextStyleSetting is missing.
[14:51:51.372] [1] [WARNING] [BetterInfoCards] Skipping DrawText replay because the captured TextStyleSetting is missing.
[14:51:51.389] [1] [WARNING] [BetterInfoCards] Skipping DrawText replay because the captured TextStyleSetting is missing.
[14:51:51.407] [1] [WARNING] [BetterInfoCards] Skipping DrawText replay because the captured TextStyleSetting is missing.
[14:51:51.423] [1] [WARNING] [BetterInfoCards] Skipping DrawText replay because the captured TextStyleSetting is missing.
[14:51:51.439] [1] [WARNING] [BetterInfoCards] Skipping DrawText replay because the captured TextStyleSetting is missing.
[14:51:51.455] [1] [WARNING] [BetterInfoCards] Skipping DrawText replay because the captured TextStyleSetting is missing.
[14:51:51.472] [1] [WARNING] [BetterInfoCards] Skipping DrawText replay because the captured TextStyleSetting is missing.
[14:51:51.490] [1] [WARNING] [BetterInfoCards] Skipping DrawText replay because the captured TextStyleSetting is missing.
[14:51:51.506] [1] [WARNING] [BetterInfoCards] Skipping DrawText replay because the captured TextStyleSetting is missing.
[14:51:51.523] [1] [WARNING] [BetterInfoCards] Skipping DrawText replay because the captured TextStyleSetting is missing.
[14:51:51.539] [1] [WARNING] [BetterInfoCards] Skipping DrawText replay because the captured TextStyleSetting is missing.
[14:51:51.557] [1] [WARNING] [BetterInfoCards] Skipping DrawText replay because the captured TextStyleSetting is missing.
[14:51:51.572] [1] [WARNING] [BetterInfoCards] Skipping DrawText replay because the captured TextStyleSetting is missing.
[14:51:51.589] [1] [WARNING] [BetterInfoCards] Skipping DrawText replay because the captured TextStyleSetting is missing.
[14:51:51.606] [1] [WARNING] [BetterInfoCards] Skipping DrawText replay because the captured TextStyleSetting is missing.
[14:51:51.623] [1] [WARNING] [BetterInfoCards] Skipping DrawText replay because the captured TextStyleSetting is missing.
[14:51:51.639] [1] [WARNING] [BetterInfoCards] Skipping DrawText replay because the captured TextStyleSetting is missing.
[14:51:51.656] [1] [WARNING] [BetterInfoCards] Skipping DrawText replay because the captured TextStyleSetting is missing.
[14:51:51.672] [1] [WARNING] [BetterInfoCards] Skipping DrawText replay because the captured TextStyleSetting is missing.
[14:51:51.689] [1] [WARNING] [BetterInfoCards] Skipping DrawText replay because the captured TextStyleSetting is missing.
[14:51:51.707] [1] [WARNING] [BetterInfoCards] Skipping DrawText replay because the captured TextStyleSetting is missing.
[14:51:51.722] [1] [WARNING] [BetterInfoCards] Skipping DrawText replay because the captured TextStyleSetting is missing.
[14:51:51.739] [1] [WARNING] [BetterInfoCards] Skipping DrawText replay because the captured TextStyleSetting is missing.
[14:51:51.755] [1] [WARNING] [BetterInfoCards] Skipping DrawText replay because the captured TextStyleSetting is missing.
[14:51:51.773] [1] [WARNING] [BetterInfoCards] Skipping DrawText replay because the captured TextStyleSetting is missing.
[14:51:51.789] [1] [WARNING] [BetterInfoCards] Skipping DrawText replay because the captured TextStyleSetting is missing.
[14:51:51.806] [1] [WARNING] [BetterInfoCards] Skipping DrawText replay because the captured TextStyleSetting is missing.
[14:51:51.822] [1] [WARNING] [BetterInfoCards] Skipping DrawText replay because the captured TextStyleSetting is missing.
[14:51:51.840] [1] [WARNING] [BetterInfoCards] Skipping DrawText replay because the captured TextStyleSetting is missing.
[14:51:51.856] [1] [WARNING] [BetterInfoCards] Skipping DrawText replay because the captured TextStyleSetting is missing.
[14:51:51.872] [1] [WARNING] [BetterInfoCards] Skipping DrawText replay because the captured TextStyleSetting is missing.
[14:51:51.889] [1] [WARNING] [BetterInfoCards] Skipping DrawText replay because the captured TextStyleSetting is missing.
[14:51:51.906] [1] [WARNING] [BetterInfoCards] Skipping DrawText replay because the captured TextStyleSetting is missing.
[14:51:51.922] [1] [WARNING] [BetterInfoCards] Skipping DrawText replay because the captured TextStyleSetting is missing.
[14:51:51.938] [1] [WARNING] [BetterInfoCards] Skipping DrawText replay because the captured TextStyleSetting is missing.
[14:51:51.955] [1] [WARNING] [BetterInfoCards] Skipping DrawText replay because the captured TextStyleSetting is missing.
[14:51:51.972] [1] [WARNING] [BetterInfoCards] Skipping DrawText replay because the captured TextStyleSetting is missing.
[14:51:51.989] [1] [WARNING] [BetterInfoCards] Skipping DrawText replay because the captured TextStyleSetting is missing.
[14:51:52.006] [1] [WARNING] [BetterInfoCards] Skipping DrawText replay because the captured TextStyleSetting is missing.
[14:51:52.022] [1] [WARNING] [BetterInfoCards] Skipping DrawText replay because the captured TextStyleSetting is missing.
[14:51:52.039] [1] [WARNING] [BetterInfoCards] Skipping DrawText replay because the captured TextStyleSetting is missing.
[14:51:52.055] [1] [WARNING] [BetterInfoCards] Skipping DrawText replay because the captured TextStyleSetting is missing.
[14:51:52.073] [1] [WARNING] [BetterInfoCards] Skipping DrawText replay because the captured TextStyleSetting is missing.
[14:51:52.089] [1] [WARNING] [BetterInfoCards] Skipping DrawText replay because the captured TextStyleSetting is missing.
[14:51:52.106] [1] [WARNING] [BetterInfoCards] Skipping DrawText replay because the captured TextStyleSetting is missing.
[14:51:52.123] [1] [WARNING] [BetterInfoCards] Skipping DrawText replay because the captured TextStyleSetting is missing.
[14:51:52.139] [1] [WARNING] [BetterInfoCards] Skipping DrawText replay because the captured TextStyleSetting is missing.
[14:51:52.156] [1] [WARNING] [BetterInfoCards] Skipping DrawText replay because the captured TextStyleSetting is missing.
[14:51:52.173] [1] [WARNING] [BetterInfoCards] Skipping DrawText replay because the captured TextStyleSetting is missing.
[14:51:52.189] [1] [WARNING] [BetterInfoCards] Skipping DrawText replay because the captured TextStyleSetting is missing.
[14:51:52.205] [1] [WARNING] [BetterInfoCards] Skipping DrawText replay because the captured TextStyleSetting is missing.
[14:51:52.223] [1] [WARNING] [BetterInfoCards] Skipping DrawText replay because the captured TextStyleSetting is missing.
[14:51:52.238] [1] [WARNING] [BetterInfoCards] Skipping DrawText replay because the captured TextStyleSetting is missing.
[14:51:52.256] [1] [WARNING] [BetterInfoCards] Skipping DrawText replay because the captured TextStyleSetting is missing.
[14:51:52.272] [1] [WARNING] [BetterInfoCards] Skipping DrawText replay because the captured TextStyleSetting is missing.
[14:51:52.289] [1] [WARNING] [BetterInfoCards] Skipping DrawText replay because the captured TextStyleSetting is missing.
[14:51:52.306] [1] [WARNING] [BetterInfoCards] Skipping DrawText replay because the captured TextStyleSetting is missing.
[14:51:52.323] [1] [WARNING] [BetterInfoCards] Skipping DrawText replay because the captured TextStyleSetting is missing.
[14:51:52.340] [1] [WARNING] [BetterInfoCards] Skipping DrawText replay because the captured TextStyleSetting is missing.
[14:51:52.356] [1] [WARNING] [BetterInfoCards] Skipping DrawText replay because the captured TextStyleSetting is missing.
[14:51:52.373] [1] [WARNING] [BetterInfoCards] Skipping DrawText replay because the captured TextStyleSetting is missing.
[14:51:52.390] [1] [WARNING] [BetterInfoCards] Skipping DrawText replay because the captured TextStyleSetting is missing.
[14:51:52.405] [1] [WARNING] [BetterInfoCards] Skipping DrawText replay because the captured TextStyleSetting is missing.
[14:51:52.422] [1] [WARNING] [BetterInfoCards] Skipping DrawText replay because the captured TextStyleSetting is missing.
[14:51:52.440] [1] [WARNING] [BetterInfoCards] Skipping DrawText replay because the captured TextStyleSetting is missing.
[14:51:52.456] [1] [WARNING] [BetterInfoCards] Skipping DrawText replay because the captured TextStyleSetting is missing.
[14:51:52.473] [1] [WARNING] [BetterInfoCards] Skipping DrawText replay because the captured TextStyleSetting is missing.
[14:51:52.490] [1] [WARNING] [BetterInfoCards] Skipping DrawText replay because the captured TextStyleSetting is missing.
[14:51:52.506] [1] [WARNING] [BetterInfoCards] Skipping DrawText replay because the captured TextStyleSetting is missing.
[14:51:52.523] [1] [WARNING] [BetterInfoCards] Skipping DrawText replay because the captured TextStyleSetting is missing.
[14:51:52.539] [1] [WARNING] [BetterInfoCards] Skipping DrawText replay because the captured TextStyleSetting is missing.
[14:51:52.556] [1] [WARNING] [BetterInfoCards] Skipping DrawText replay because the captured TextStyleSetting is missing.
[14:51:52.572] [1] [WARNING] [BetterInfoCards] Skipping DrawText replay because the captured TextStyleSetting is missing.
[14:51:52.589] [1] [WARNING] [BetterInfoCards] Skipping DrawText replay because the captured TextStyleSetting is missing.
[14:51:52.605] [1] [WARNING] [BetterInfoCards] Skipping DrawText replay because the captured TextStyleSetting is missing.
[14:51:52.623] [1] [WARNING] [BetterInfoCards] Skipping DrawText replay because the captured TextStyleSetting is missing.
[14:51:52.639] [1] [WARNING] [BetterInfoCards] Skipping DrawText replay because the captured TextStyleSetting is missing.
[14:51:52.657] [1] [WARNING] [BetterInfoCards] Skipping DrawText replay because the captured TextStyleSetting is missing.
[14:51:52.674] [1] [WARNING] [BetterInfoCards] Skipping DrawText replay because the captured TextStyleSetting is missing.
[14:51:52.690] [1] [WARNING] [BetterInfoCards] Skipping DrawText replay because the captured TextStyleSetting is missing.
[14:51:52.706] [1] [WARNING] [BetterInfoCards] Skipping DrawText replay because the captured TextStyleSetting is missing.
[14:51:52.723] [1] [WARNING] [BetterInfoCards] Skipping DrawText replay because the captured TextStyleSetting is missing.
[14:51:52.740] [1] [WARNING] [BetterInfoCards] Skipping DrawText replay because the captured TextStyleSetting is missing.
[14:51:52.756] [1] [WARNING] [BetterInfoCards] Skipping DrawText replay because the captured TextStyleSetting is missing.
[14:51:52.773] [1] [WARNING] [BetterInfoCards] Skipping DrawText replay because the captured TextStyleSetting is missing.
[14:51:52.789] [1] [WARNING] [BetterInfoCards] Skipping DrawText replay because the captured TextStyleSetting is missing.
[14:51:52.807] [1] [WARNING] [BetterInfoCards] Skipping DrawText replay because the captured TextStyleSetting is missing.
[14:51:52.822] [1] [WARNING] [BetterInfoCards] Skipping DrawText replay because the captured TextStyleSetting is missing.
[14:51:52.839] [1] [WARNING] [BetterInfoCards] Skipping DrawText replay because the captured TextStyleSetting is missing.
[14:51:52.855] [1] [WARNING] [BetterInfoCards] Skipping DrawText replay because the captured TextStyleSetting is missing.
[14:51:52.872] [1] [WARNING] [BetterInfoCards] Skipping DrawText replay because the captured TextStyleSetting is missing.
[14:51:52.889] [1] [WARNING] [BetterInfoCards] Skipping DrawText replay because the captured TextStyleSetting is missing.
[14:51:52.905] [1] [WARNING] [BetterInfoCards] Skipping DrawText replay because the captured TextStyleSetting is missing.
[14:51:52.923] [1] [WARNING] [BetterInfoCards] Skipping DrawText replay because the captured TextStyleSetting is missing.
[14:51:52.939] [1] [WARNING] [BetterInfoCards] Skipping DrawText replay because the captured TextStyleSetting is missing.
[14:51:52.955] [1] [WARNING] [BetterInfoCards] Skipping DrawText replay because the captured TextStyleSetting is missing.
[14:51:52.972] [1] [WARNING] [BetterInfoCards] Skipping DrawText replay because the captured TextStyleSetting is missing.
[14:51:52.989] [1] [WARNING] [BetterInfoCards] Skipping DrawText replay because the captured TextStyleSetting is missing.
[14:51:53.006] [1] [WARNING] [BetterInfoCards] Skipping DrawText replay because the captured TextStyleSetting is missing.
[14:51:53.023] [1] [WARNING] [BetterInfoCards] Skipping DrawText replay because the captured TextStyleSetting is missing.
[14:51:53.039] [1] [WARNING] [BetterInfoCards] Skipping DrawText replay because the captured TextStyleSetting is missing.
[14:51:53.055] [1] [WARNING] [BetterInfoCards] Skipping DrawText replay because the captured TextStyleSetting is missing.
[14:51:53.072] [1] [WARNING] [BetterInfoCards] Skipping DrawText replay because the captured TextStyleSetting is missing.
[14:51:53.089] [1] [WARNING] [BetterInfoCards] Skipping DrawText replay because the captured TextStyleSetting is missing.
[14:51:53.106] [1] [WARNING] [BetterInfoCards] Skipping DrawText replay because the captured TextStyleSetting is missing.
[14:51:53.122] [1] [WARNING] [BetterInfoCards] Skipping DrawText replay because the captured TextStyleSetting is missing.
[14:51:53.139] [1] [WARNING] [BetterInfoCards] Skipping DrawText replay because the captured TextStyleSetting is missing.
[14:51:53.155] [1] [WARNING] [BetterInfoCards] Skipping DrawText replay because the captured TextStyleSetting is missing.
[14:51:53.172] [1] [WARNING] [BetterInfoCards] Skipping DrawText replay because the captured TextStyleSetting is missing.
[14:51:53.189] [1] [WARNING] [BetterInfoCards] Skipping DrawText replay because the captured TextStyleSetting is missing.
[14:51:53.205] [1] [WARNING] [BetterInfoCards] Skipping DrawText replay because the captured TextStyleSetting is missing.
[14:51:53.223] [1] [WARNING] [BetterInfoCards] Skipping DrawText replay because the captured TextStyleSetting is missing.
[14:51:53.239] [1] [WARNING] [BetterInfoCards] Skipping DrawText replay because the captured TextStyleSetting is missing.
[14:51:53.255] [1] [WARNING] [BetterInfoCards] Skipping DrawText replay because the captured TextStyleSetting is missing.
[14:51:53.272] [1] [WARNING] [BetterInfoCards] Skipping DrawText replay because the captured TextStyleSetting is missing.
[14:51:53.289] [1] [WARNING] [BetterInfoCards] Skipping DrawText replay because the captured TextStyleSetting is missing.
[14:51:53.306] [1] [WARNING] [BetterInfoCards] Skipping DrawText replay because the captured TextStyleSetting is missing.
[14:51:53.322] [1] [WARNING] [BetterInfoCards] Skipping DrawText replay because the captured TextStyleSetting is missing.
[14:51:53.339] [1] [WARNING] [BetterInfoCards] Skipping DrawText replay because the captured TextStyleSetting is missing.
[14:51:53.355] [1] [WARNING] [BetterInfoCards] Skipping DrawText replay because the captured TextStyleSetting is missing.
[14:51:53.372] [1] [WARNING] [BetterInfoCards] Skipping DrawText replay because the captured TextStyleSetting is missing.
[14:51:53.389] [1] [WARNING] [BetterInfoCards] Skipping DrawText replay because the captured TextStyleSetting is missing.
[14:51:53.405] [1] [WARNING] [BetterInfoCards] Skipping DrawText replay because the captured TextStyleSetting is missing.
[14:51:53.422] [1] [WARNING] [BetterInfoCards] Skipping DrawText replay because the captured TextStyleSetting is missing.
[14:51:53.439] [1] [WARNING] [BetterInfoCards] Skipping DrawText replay because the captured TextStyleSetting is missing.
[14:51:53.455] [1] [WARNING] [BetterInfoCards] Skipping DrawText replay because the captured TextStyleSetting is missing.
[14:51:53.473] [1] [WARNING] [BetterInfoCards] Skipping DrawText replay because the captured TextStyleSetting is missing.
[14:51:53.489] [1] [WARNING] [BetterInfoCards] Skipping DrawText replay because the captured TextStyleSetting is missing.
[14:51:53.506] [1] [WARNING] [BetterInfoCards] Skipping DrawText replay because the captured TextStyleSetting is missing.
[14:51:53.522] [1] [WARNING] [BetterInfoCards] Skipping DrawText replay because the captured TextStyleSetting is missing.
[14:51:53.540] [1] [WARNING] [BetterInfoCards] Skipping DrawText replay because the captured TextStyleSetting is missing.
[14:51:53.555] [1] [WARNING] [BetterInfoCards] Skipping DrawText replay because the captured TextStyleSetting is missing.
[14:51:53.573] [1] [WARNING] [BetterInfoCards] Skipping DrawText replay because the captured TextStyleSetting is missing.
[14:51:53.589] [1] [WARNING] [BetterInfoCards] Skipping DrawText replay because the captured TextStyleSetting is missing.
[14:51:53.606] [1] [WARNING] [BetterInfoCards] Skipping DrawText replay because the captured TextStyleSetting is missing.
[14:51:53.623] [1] [WARNING] [BetterInfoCards] Skipping DrawText replay because the captured TextStyleSetting is missing.
[14:51:53.639] [1] [WARNING] [BetterInfoCards] Skipping DrawText replay because the captured TextStyleSetting is missing.
[14:51:53.656] [1] [WARNING] [BetterInfoCards] Skipping DrawText replay because the captured TextStyleSetting is missing.
[14:51:53.673] [1] [WARNING] [BetterInfoCards] Skipping DrawText replay because the captured TextStyleSetting is missing.
[14:51:53.689] [1] [WARNING] [BetterInfoCards] Skipping DrawText replay because the captured TextStyleSetting is missing.
[14:51:53.705] [1] [WARNING] [BetterInfoCards] Skipping DrawText replay because the captured TextStyleSetting is missing.
[14:51:53.722] [1] [WARNING] [BetterInfoCards] Skipping DrawText replay because the captured TextStyleSetting is missing.
[14:51:53.743] [1] [WARNING] [BetterInfoCards] Skipping DrawText replay because the captured TextStyleSetting is missing.
[14:51:53.756] [1] [WARNING] [BetterInfoCards] Skipping DrawText replay because the captured TextStyleSetting is missing.
[14:51:53.774] [1] [WARNING] [BetterInfoCards] Skipping DrawText replay because the captured TextStyleSetting is missing.
[14:51:53.790] [1] [WARNING] [BetterInfoCards] Skipping DrawText replay because the captured TextStyleSetting is missing.
[14:51:53.806] [1] [WARNING] [BetterInfoCards] Skipping DrawText replay because the captured TextStyleSetting is missing.
[14:51:53.823] [1] [WARNING] [BetterInfoCards] Skipping DrawText replay because the captured TextStyleSetting is missing.
[14:51:53.840] [1] [WARNING] [BetterInfoCards] Skipping DrawText replay because the captured TextStyleSetting is missing.
[14:51:53.856] [1] [WARNING] [BetterInfoCards] Skipping DrawText replay because the captured TextStyleSetting is missing.
[14:51:53.873] [1] [WARNING] [BetterInfoCards] Skipping DrawText replay because the captured TextStyleSetting is missing.
[14:51:53.890] [1] [WARNING] [BetterInfoCards] Skipping DrawText replay because the captured TextStyleSetting is missing.
[14:51:53.907] [1] [WARNING] [BetterInfoCards] Skipping DrawText replay because the captured TextStyleSetting is missing.
[14:51:53.923] [1] [WARNING] [BetterInfoCards] Skipping DrawText replay because the captured TextStyleSetting is missing.
[14:51:53.939] [1] [WARNING] [BetterInfoCards] Skipping DrawText replay because the captured TextStyleSetting is missing.
[14:51:53.956] [1] [WARNING] [BetterInfoCards] Skipping DrawText replay because the captured TextStyleSetting is missing.
[14:51:53.973] [1] [WARNING] [BetterInfoCards] Skipping DrawText replay because the captured TextStyleSetting is missing.
[14:51:53.991] [1] [WARNING] [BetterInfoCards] Skipping DrawText replay because the captured TextStyleSetting is missing.
[14:51:54.006] [1] [WARNING] [BetterInfoCards] Skipping DrawText replay because the captured TextStyleSetting is missing.
[14:51:54.023] [1] [WARNING] [BetterInfoCards] Skipping DrawText replay because the captured TextStyleSetting is missing.
[14:51:54.040] [1] [WARNING] [BetterInfoCards] Skipping DrawText replay because the captured TextStyleSetting is missing.
[14:51:54.057] [1] [WARNING] [BetterInfoCards] Skipping DrawText replay because the captured TextStyleSetting is missing.
[14:51:54.073] [1] [WARNING] [BetterInfoCards] Skipping DrawText replay because the captured TextStyleSetting is missing.
[14:51:54.090] [1] [WARNING] [BetterInfoCards] Skipping DrawText replay because the captured TextStyleSetting is missing.
[14:51:54.106] [1] [WARNING] [BetterInfoCards] Skipping DrawText replay because the captured TextStyleSetting is missing.
[14:51:54.123] [1] [WARNING] [BetterInfoCards] Skipping DrawText replay because the captured TextStyleSetting is missing.
[14:51:54.139] [1] [WARNING] [BetterInfoCards] Skipping DrawText replay because the captured TextStyleSetting is missing.
[14:51:54.156] [1] [WARNING] [BetterInfoCards] Skipping DrawText replay because the captured TextStyleSetting is missing.
[14:51:54.173] [1] [WARNING] [BetterInfoCards] Skipping DrawText replay because the captured TextStyleSetting is missing.
[14:51:54.188] [1] [WARNING] [BetterInfoCards] Skipping DrawText replay because the captured TextStyleSetting is missing.
[14:51:54.206] [1] [WARNING] [BetterInfoCards] Skipping DrawText replay because the captured TextStyleSetting is missing.
[14:51:54.223] [1] [WARNING] [BetterInfoCards] Skipping DrawText replay because the captured TextStyleSetting is missing.
[14:51:54.240] [1] [WARNING] [BetterInfoCards] Skipping DrawText replay because the captured TextStyleSetting is missing.
[14:51:54.255] [1] [WARNING] [BetterInfoCards] Skipping DrawText replay because the captured TextStyleSetting is missing.
[14:51:54.273] [1] [WARNING] [BetterInfoCards] Skipping DrawText replay because the captured TextStyleSetting is missing.
[14:51:54.289] [1] [WARNING] [BetterInfoCards] Skipping DrawText replay because the captured TextStyleSetting is missing.
[14:51:54.306] [1] [WARNING] [BetterInfoCards] Skipping DrawText replay because the captured TextStyleSetting is missing.
[14:51:54.323] [1] [WARNING] [BetterInfoCards] Skipping DrawText replay because the captured TextStyleSetting is missing.
[14:51:54.340] [1] [WARNING] [BetterInfoCards] Skipping DrawText replay because the captured TextStyleSetting is missing.
[14:51:54.357] [1] [WARNING] [BetterInfoCards] Skipping DrawText replay because the captured TextStyleSetting is missing.
[14:51:54.373] [1] [WARNING] [BetterInfoCards] Skipping DrawText replay because the captured TextStyleSetting is missing.
[14:51:54.389] [1] [WARNING] [BetterInfoCards] Skipping DrawText replay because the captured TextStyleSetting is missing.
[14:51:54.406] [1] [WARNING] [BetterInfoCards] Skipping DrawText replay because the captured TextStyleSetting is missing.
[14:51:54.423] [1] [WARNING] [BetterInfoCards] Skipping DrawText replay because the captured TextStyleSetting is missing.
[14:51:54.440] [1] [WARNING] [BetterInfoCards] Skipping DrawText replay because the captured TextStyleSetting is missing.
[14:51:54.456] [1] [WARNING] [BetterInfoCards] Skipping DrawText replay because the captured TextStyleSetting is missing.
[14:51:54.473] [1] [WARNING] [BetterInfoCards] Skipping DrawText replay because the captured TextStyleSetting is missing.
[14:51:54.490] [1] [WARNING] [BetterInfoCards] Skipping DrawText replay because the captured TextStyleSetting is missing.
[14:51:54.506] [1] [WARNING] [BetterInfoCards] Skipping DrawText replay because the captured TextStyleSetting is missing.
[14:51:54.523] [1] [WARNING] [BetterInfoCards] Skipping DrawText replay because the captured TextStyleSetting is missing.
[14:51:54.540] [1] [WARNING] [BetterInfoCards] Skipping DrawText replay because the captured TextStyleSetting is missing.
[14:51:54.557] [1] [WARNING] [BetterInfoCards] Skipping DrawText replay because the captured TextStyleSetting is missing.
[14:51:54.574] [1] [WARNING] [BetterInfoCards] Skipping DrawText replay because the captured TextStyleSetting is missing.
[14:51:54.590] [1] [WARNING] [BetterInfoCards] Skipping DrawText replay because the captured TextStyleSetting is missing.
[14:51:54.606] [1] [WARNING] [BetterInfoCards] Skipping DrawText replay because the captured TextStyleSetting is missing.
[14:51:54.623] [1] [WARNING] [BetterInfoCards] Skipping DrawText replay because the captured TextStyleSetting is missing.
[14:51:54.640] [1] [WARNING] [BetterInfoCards] Skipping DrawText replay because the captured TextStyleSetting is missing.
[14:51:54.656] [1] [WARNING] [BetterInfoCards] Skipping DrawText replay because the captured TextStyleSetting is missing.
[14:51:54.673] [1] [WARNING] [BetterInfoCards] Skipping DrawText replay because the captured TextStyleSetting is missing.
[14:51:54.690] [1] [WARNING] [BetterInfoCards] Skipping DrawText replay because the captured TextStyleSetting is missing.
[14:51:54.705] [1] [WARNING] [BetterInfoCards] Skipping DrawText replay because the captured TextStyleSetting is missing.
[14:51:54.723] [1] [WARNING] [BetterInfoCards] Skipping DrawText replay because the captured TextStyleSetting is missing.
[14:51:54.740] [1] [WARNING] [BetterInfoCards] Skipping DrawText replay because the captured TextStyleSetting is missing.
[14:51:54.756] [1] [WARNING] [BetterInfoCards] Skipping DrawText replay because the captured TextStyleSetting is missing.
[14:51:54.773] [1] [WARNING] [BetterInfoCards] Skipping DrawText replay because the captured TextStyleSetting is missing.
[14:51:54.789] [1] [WARNING] [BetterInfoCards] Skipping DrawText replay because the captured TextStyleSetting is missing.
[14:51:54.806] [1] [WARNING] [BetterInfoCards] Skipping DrawText replay because the captured TextStyleSetting is missing.
[14:51:54.823] [1] [WARNING] [BetterInfoCards] Skipping DrawText replay because the captured TextStyleSetting is missing.
[14:51:54.839] [1] [WARNING] [BetterInfoCards] Skipping DrawText replay because the captured TextStyleSetting is missing.
[14:51:54.856] [1] [WARNING] [BetterInfoCards] Skipping DrawText replay because the captured TextStyleSetting is missing.
[14:51:54.873] [1] [WARNING] [BetterInfoCards] Skipping DrawText replay because the captured TextStyleSetting is missing.
[14:51:54.890] [1] [WARNING] [BetterInfoCards] Skipping DrawText replay because the captured TextStyleSetting is missing.
[14:51:54.906] [1] [WARNING] [BetterInfoCards] Skipping DrawText replay because the captured TextStyleSetting is missing.
[14:51:54.922] [1] [WARNING] [BetterInfoCards] Skipping DrawText replay because the captured TextStyleSetting is missing.
[14:51:54.939] [1] [WARNING] [BetterInfoCards] Skipping DrawText replay because the captured TextStyleSetting is missing.
[14:51:54.955] [1] [WARNING] [BetterInfoCards] Skipping DrawText replay because the captured TextStyleSetting is missing.
[14:51:54.973] [1] [WARNING] [BetterInfoCards] Skipping DrawText replay because the captured TextStyleSetting is missing.
[14:51:54.989] [1] [WARNING] [BetterInfoCards] Skipping DrawText replay because the captured TextStyleSetting is missing.
[14:51:55.007] [1] [WARNING] [BetterInfoCards] Skipping DrawText replay because the captured TextStyleSetting is missing.
[14:51:55.022] [1] [WARNING] [BetterInfoCards] Skipping DrawText replay because the captured TextStyleSetting is missing.
[14:51:55.039] [1] [WARNING] [BetterInfoCards] Skipping DrawText replay because the captured TextStyleSetting is missing.
[14:51:55.055] [1] [WARNING] [BetterInfoCards] Skipping DrawText replay because the captured TextStyleSetting is missing.
[14:51:55.073] [1] [WARNING] [BetterInfoCards] Skipping DrawText replay because the captured TextStyleSetting is missing.
[14:51:55.090] [1] [WARNING] [BetterInfoCards] Skipping DrawText replay because the captured TextStyleSetting is missing.
[14:51:55.106] [1] [WARNING] [BetterInfoCards] Skipping DrawText replay because the captured TextStyleSetting is missing.
[14:51:55.122] [1] [WARNING] [BetterInfoCards] Skipping DrawText replay because the captured TextStyleSetting is missing.
[14:51:55.139] [1] [WARNING] [BetterInfoCards] Skipping DrawText replay because the captured TextStyleSetting is missing.
[14:51:55.156] [1] [WARNING] [BetterInfoCards] Skipping DrawText replay because the captured TextStyleSetting is missing.
[14:51:55.173] [1] [WARNING] [BetterInfoCards] Skipping DrawText replay because the captured TextStyleSetting is missing.
[14:51:55.189] [1] [WARNING] [BetterInfoCards] Skipping DrawText replay because the captured TextStyleSetting is missing.
[14:51:55.209] [1] [WARNING] [BetterInfoCards] Skipping DrawText replay because the captured TextStyleSetting is missing.
[14:51:55.222] [1] [WARNING] [BetterInfoCards] Skipping DrawText replay because the captured TextStyleSetting is missing.
[14:51:55.240] [1] [WARNING] [BetterInfoCards] Skipping DrawText replay because the captured TextStyleSetting is missing.
[14:51:55.255] [1] [WARNING] [BetterInfoCards] Skipping DrawText replay because the captured TextStyleSetting is missing.
[14:51:55.272] [1] [WARNING] [BetterInfoCards] Skipping DrawText replay because the captured TextStyleSetting is missing.
[14:51:55.289] [1] [WARNING] [BetterInfoCards] Skipping DrawText replay because the captured TextStyleSetting is missing.
[14:51:55.307] [1] [WARNING] [BetterInfoCards] Skipping DrawText replay because the captured TextStyleSetting is missing.
[14:51:55.322] [1] [WARNING] [BetterInfoCards] Skipping DrawText replay because the captured TextStyleSetting is missing.
[14:51:55.339] [1] [WARNING] [BetterInfoCards] Skipping DrawText replay because the captured TextStyleSetting is missing.
[14:51:55.355] [1] [WARNING] [BetterInfoCards] Skipping DrawText replay because the captured TextStyleSetting is missing.
[14:51:55.373] [1] [WARNING] [BetterInfoCards] Skipping DrawText replay because the captured TextStyleSetting is missing.
[14:51:55.389] [1] [WARNING] [BetterInfoCards] Skipping DrawText replay because the captured TextStyleSetting is missing.
[14:51:55.406] [1] [WARNING] [BetterInfoCards] Skipping DrawText replay because the captured TextStyleSetting is missing.
[14:51:55.422] [1] [WARNING] [BetterInfoCards] Skipping DrawText replay because the captured TextStyleSetting is missing.
[14:51:55.439] [1] [WARNING] [BetterInfoCards] Skipping DrawText replay because the captured TextStyleSetting is missing.
[14:51:55.456] [1] [WARNING] [BetterInfoCards] Skipping DrawText replay because the captured TextStyleSetting is missing.
[14:51:55.472] [1] [WARNING] [BetterInfoCards] Skipping DrawText replay because the captured TextStyleSetting is missing.
[14:51:55.489] [1] [WARNING] [BetterInfoCards] Skipping DrawText replay because the captured TextStyleSetting is missing.
[14:51:55.506] [1] [WARNING] [BetterInfoCards] Skipping DrawText replay because the captured TextStyleSetting is missing.
[14:51:55.523] [1] [WARNING] [BetterInfoCards] Skipping DrawText replay because the captured TextStyleSetting is missing.
[14:51:55.540] [1] [WARNING] [BetterInfoCards] Skipping DrawText replay because the captured TextStyleSetting is missing.
[14:51:55.556] [1] [WARNING] [BetterInfoCards] Skipping DrawText replay because the captured TextStyleSetting is missing.
[14:51:55.572] [1] [WARNING] [BetterInfoCards] Skipping DrawText replay because the captured TextStyleSetting is missing.
[14:51:55.589] [1] [WARNING] [BetterInfoCards] Skipping DrawText replay because the captured TextStyleSetting is missing.
[14:51:55.605] [1] [WARNING] [BetterInfoCards] Skipping DrawText replay because the captured TextStyleSetting is missing.
[14:51:55.623] [1] [WARNING] [BetterInfoCards] Skipping DrawText replay because the captured TextStyleSetting is missing.
[14:51:55.639] [1] [WARNING] [BetterInfoCards] Skipping DrawText replay because the captured TextStyleSetting is missing.
[14:51:55.656] [1] [WARNING] [BetterInfoCards] Skipping DrawText replay because the captured TextStyleSetting is missing.
[14:51:55.673] [1] [WARNING] [BetterInfoCards] Skipping DrawText replay because the captured TextStyleSetting is missing.
[14:51:55.690] [1] [WARNING] [BetterInfoCards] Skipping DrawText replay because the captured TextStyleSetting is missing.
[14:51:55.705] [1] [WARNING] [BetterInfoCards] Skipping DrawText replay because the captured TextStyleSetting is missing.
[14:51:55.723] [1] [WARNING] [BetterInfoCards] Skipping DrawText replay because the captured TextStyleSetting is missing.
[14:51:55.740] [1] [WARNING] [BetterInfoCards] Skipping DrawText replay because the captured TextStyleSetting is missing.
[14:51:55.755] [1] [WARNING] [BetterInfoCards] Skipping DrawText replay because the captured TextStyleSetting is missing.
[14:51:55.773] [1] [WARNING] [BetterInfoCards] Skipping DrawText replay because the captured TextStyleSetting is missing.
[14:51:55.789] [1] [WARNING] [BetterInfoCards] Skipping DrawText replay because the captured TextStyleSetting is missing.
[14:51:55.806] [1] [WARNING] [BetterInfoCards] Skipping DrawText replay because the captured TextStyleSetting is missing.
[14:51:55.823] [1] [WARNING] [BetterInfoCards] Skipping DrawText replay because the captured TextStyleSetting is missing.
[14:51:55.840] [1] [WARNING] [BetterInfoCards] Skipping DrawText replay because the captured TextStyleSetting is missing.
[14:51:55.856] [1] [WARNING] [BetterInfoCards] Skipping DrawText replay because the captured TextStyleSetting is missing.
[14:51:55.873] [1] [WARNING] [BetterInfoCards] Skipping DrawText replay because the captured TextStyleSetting is missing.
[14:51:55.889] [1] [WARNING] [BetterInfoCards] Skipping DrawText replay because the captured TextStyleSetting is missing.
[14:51:55.907] [1] [WARNING] [BetterInfoCards] Skipping DrawText replay because the captured TextStyleSetting is missing.
[14:51:55.922] [1] [WARNING] [BetterInfoCards] Skipping DrawText replay because the captured TextStyleSetting is missing.
[14:51:55.939] [1] [WARNING] [BetterInfoCards] Skipping DrawText replay because the captured TextStyleSetting is missing.
[14:51:55.956] [1] [WARNING] [BetterInfoCards] Skipping DrawText replay because the captured TextStyleSetting is missing.
[14:51:55.973] [1] [WARNING] [BetterInfoCards] Skipping DrawText replay because the captured TextStyleSetting is missing.
[14:51:55.989] [1] [WARNING] [BetterInfoCards] Skipping DrawText replay because the captured TextStyleSetting is missing.
[14:51:56.006] [1] [WARNING] [BetterInfoCards] Skipping DrawText replay because the captured TextStyleSetting is missing.
[14:51:56.022] [1] [WARNING] [BetterInfoCards] Skipping DrawText replay because the captured TextStyleSetting is missing.
[14:51:56.040] [1] [WARNING] [BetterInfoCards] Skipping DrawText replay because the captured TextStyleSetting is missing.
[14:51:56.056] [1] [WARNING] [BetterInfoCards] Skipping DrawText replay because the captured TextStyleSetting is missing.
[14:51:56.073] [1] [WARNING] [BetterInfoCards] Skipping DrawText replay because the captured TextStyleSetting is missing.
[14:51:56.090] [1] [WARNING] [BetterInfoCards] Skipping DrawText replay because the captured TextStyleSetting is missing.
[14:51:56.106] [1] [WARNING] [BetterInfoCards] Skipping DrawText replay because the captured TextStyleSetting is missing.
[14:51:56.122] [1] [WARNING] [BetterInfoCards] Skipping DrawText replay because the captured TextStyleSetting is missing.
[14:51:56.139] [1] [WARNING] [BetterInfoCards] Skipping DrawText replay because the captured TextStyleSetting is missing.
[14:51:56.156] [1] [WARNING] [BetterInfoCards] Skipping DrawText replay because the captured TextStyleSetting is missing.
[14:51:56.173] [1] [WARNING] [BetterInfoCards] Skipping DrawText replay because the captured TextStyleSetting is missing.
[14:51:56.190] [1] [WARNING] [BetterInfoCards] Skipping DrawText replay because the captured TextStyleSetting is missing.
[14:51:56.206] [1] [WARNING] [BetterInfoCards] Skipping DrawText replay because the captured TextStyleSetting is missing.
[14:51:56.224] [1] [WARNING] [BetterInfoCards] Skipping DrawText replay because the captured TextStyleSetting is missing.
[14:51:56.240] [1] [WARNING] [BetterInfoCards] Skipping DrawText replay because the captured TextStyleSetting is missing.
[14:51:56.256] [1] [WARNING] [BetterInfoCards] Skipping DrawText replay because the captured TextStyleSetting is missing.
[14:51:56.272] [1] [WARNING] [BetterInfoCards] Skipping DrawText replay because the captured TextStyleSetting is missing.
[14:51:56.289] [1] [WARNING] [BetterInfoCards] Skipping DrawText replay because the captured TextStyleSetting is missing.
[14:51:56.306] [1] [WARNING] [BetterInfoCards] Skipping DrawText replay because the captured TextStyleSetting is missing.
[14:51:56.322] [1] [WARNING] [BetterInfoCards] Skipping DrawText replay because the captured TextStyleSetting is missing.
[14:51:56.339] [1] [WARNING] [BetterInfoCards] Skipping DrawText replay because the captured TextStyleSetting is missing.
[14:51:56.355] [1] [WARNING] [BetterInfoCards] Skipping DrawText replay because the captured TextStyleSetting is missing.
[14:51:56.372] [1] [WARNING] [BetterInfoCards] Skipping DrawText replay because the captured TextStyleSetting is missing.
[14:51:56.389] [1] [WARNING] [BetterInfoCards] Skipping DrawText replay because the captured TextStyleSetting is missing.
[14:51:56.406] [1] [WARNING] [BetterInfoCards] Skipping DrawText replay because the captured TextStyleSetting is missing.
[14:51:56.422] [1] [WARNING] [BetterInfoCards] Skipping DrawText replay because the captured TextStyleSetting is missing.
[14:51:56.438] [1] [WARNING] [BetterInfoCards] Skipping DrawText replay because the captured TextStyleSetting is missing.
[14:51:56.455] [1] [WARNING] [BetterInfoCards] Skipping DrawText replay because the captured TextStyleSetting is missing.
[14:51:56.473] [1] [WARNING] [BetterInfoCards] Skipping DrawText replay because the captured TextStyleSetting is missing.
[14:51:56.488] [1] [WARNING] [BetterInfoCards] Skipping DrawText replay because the captured TextStyleSetting is missing.
[14:51:56.505] [1] [WARNING] [BetterInfoCards] Skipping DrawText replay because the captured TextStyleSetting is missing.
[14:51:56.522] [1] [WARNING] [BetterInfoCards] Skipping DrawText replay because the captured TextStyleSetting is missing.
[14:51:56.539] [1] [WARNING] [BetterInfoCards] Skipping DrawText replay because the captured TextStyleSetting is missing.
[14:51:56.556] [1] [WARNING] [BetterInfoCards] Skipping DrawText replay because the captured TextStyleSetting is missing.
[14:51:56.572] [1] [WARNING] [BetterInfoCards] Skipping DrawText replay because the captured TextStyleSetting is missing.
[14:51:56.589] [1] [WARNING] [BetterInfoCards] Skipping DrawText replay because the captured TextStyleSetting is missing.
[14:51:56.606] [1] [WARNING] [BetterInfoCards] Skipping DrawText replay because the captured TextStyleSetting is missing.
[14:51:56.622] [1] [WARNING] [BetterInfoCards] Skipping DrawText replay because the captured TextStyleSetting is missing.
[14:51:56.638] [1] [WARNING] [BetterInfoCards] Skipping DrawText replay because the captured TextStyleSetting is missing.
[14:51:56.655] [1] [WARNING] [BetterInfoCards] Skipping DrawText replay because the captured TextStyleSetting is missing.
[14:51:56.673] [1] [WARNING] [BetterInfoCards] Skipping DrawText replay because the captured TextStyleSetting is missing.
[14:51:56.688] [1] [WARNING] [BetterInfoCards] Skipping DrawText replay because the captured TextStyleSetting is missing.
[14:51:56.706] [1] [WARNING] [BetterInfoCards] Skipping DrawText replay because the captured TextStyleSetting is missing.
[14:51:56.723] [1] [WARNING] [BetterInfoCards] Skipping DrawText replay because the captured TextStyleSetting is missing.
[14:51:56.739] [1] [WARNING] [BetterInfoCards] Skipping DrawText replay because the captured TextStyleSetting is missing.
[14:51:56.756] [1] [WARNING] [BetterInfoCards] Skipping DrawText replay because the captured TextStyleSetting is missing.
[14:51:56.773] [1] [WARNING] [BetterInfoCards] Skipping DrawText replay because the captured TextStyleSetting is missing.
[14:51:56.789] [1] [WARNING] [BetterInfoCards] Skipping DrawText replay because the captured TextStyleSetting is missing.
[14:51:56.806] [1] [WARNING] [BetterInfoCards] Skipping DrawText replay because the captured TextStyleSetting is missing.
[14:51:56.823] [1] [WARNING] [BetterInfoCards] Skipping DrawText replay because the captured TextStyleSetting is missing.
[14:51:56.840] [1] [WARNING] [BetterInfoCards] Skipping DrawText replay because the captured TextStyleSetting is missing.
[14:51:56.855] [1] [WARNING] [BetterInfoCards] Skipping DrawText replay because the captured TextStyleSetting is missing.
[14:51:56.873] [1] [WARNING] [BetterInfoCards] Skipping DrawText replay because the captured TextStyleSetting is missing.
[14:51:56.888] [1] [WARNING] [BetterInfoCards] Skipping DrawText replay because the captured TextStyleSetting is missing.
[14:51:56.906] [1] [WARNING] [BetterInfoCards] Skipping DrawText replay because the captured TextStyleSetting is missing.
[14:51:56.924] [1] [WARNING] [BetterInfoCards] Skipping DrawText replay because the captured TextStyleSetting is missing.
[14:51:56.939] [1] [WARNING] [BetterInfoCards] Skipping DrawText replay because the captured TextStyleSetting is missing.
[14:51:56.956] [1] [WARNING] [BetterInfoCards] Skipping DrawText replay because the captured TextStyleSetting is missing.
[14:51:56.972] [1] [WARNING] [BetterInfoCards] Skipping DrawText replay because the captured TextStyleSetting is missing.
[14:51:56.990] [1] [WARNING] [BetterInfoCards] Skipping DrawText replay because the captured TextStyleSetting is missing.
[14:51:57.005] [1] [WARNING] [BetterInfoCards] Skipping DrawText replay because the captured TextStyleSetting is missing.
[14:51:57.023] [1] [WARNING] [BetterInfoCards] Skipping DrawText replay because the captured TextStyleSetting is missing.
[14:51:57.039] [1] [WARNING] [BetterInfoCards] Skipping DrawText replay because the captured TextStyleSetting is missing.
[14:51:57.056] [1] [WARNING] [BetterInfoCards] Skipping DrawText replay because the captured TextStyleSetting is missing.
[14:51:57.072] [1] [WARNING] [BetterInfoCards] Skipping DrawText replay because the captured TextStyleSetting is missing.
[14:51:57.088] [1] [WARNING] [BetterInfoCards] Skipping DrawText replay because the captured TextStyleSetting is missing.
[14:51:57.106] [1] [WARNING] [BetterInfoCards] Skipping DrawText replay because the captured TextStyleSetting is missing.
[14:51:57.122] [1] [WARNING] [BetterInfoCards] Skipping DrawText replay because the captured TextStyleSetting is missing.
[14:51:57.139] [1] [WARNING] [BetterInfoCards] Skipping DrawText replay because the captured TextStyleSetting is missing.
[14:51:57.155] [1] [WARNING] [BetterInfoCards] Skipping DrawText replay because the captured TextStyleSetting is missing.
[14:51:57.172] [1] [WARNING] [BetterInfoCards] Skipping DrawText replay because the captured TextStyleSetting is missing.
[14:51:57.188] [1] [WARNING] [BetterInfoCards] Skipping DrawText replay because the captured TextStyleSetting is missing.
[14:51:57.206] [1] [WARNING] [BetterInfoCards] Skipping DrawText replay because the captured TextStyleSetting is missing.
[14:51:57.222] [1] [WARNING] [BetterInfoCards] Skipping DrawText replay because the captured TextStyleSetting is missing.
[14:51:57.238] [1] [WARNING] [BetterInfoCards] Skipping DrawText replay because the captured TextStyleSetting is missing.
[14:51:57.256] [1] [WARNING] [BetterInfoCards] Skipping DrawText replay because the captured TextStyleSetting is missing.
[14:51:57.272] [1] [WARNING] [BetterInfoCards] Skipping DrawText replay because the captured TextStyleSetting is missing.
[14:51:57.289] [1] [WARNING] [BetterInfoCards] Skipping DrawText replay because the captured TextStyleSetting is missing.
[14:51:57.305] [1] [WARNING] [BetterInfoCards] Skipping DrawText replay because the captured TextStyleSetting is missing.
[14:51:57.322] [1] [WARNING] [BetterInfoCards] Skipping DrawText replay because the captured TextStyleSetting is missing.
[14:51:57.339] [1] [WARNING] [BetterInfoCards] Skipping DrawText replay because the captured TextStyleSetting is missing.
[14:51:57.355] [1] [WARNING] [BetterInfoCards] Skipping DrawText replay because the captured TextStyleSetting is missing.
[14:51:57.372] [1] [WARNING] [BetterInfoCards] Skipping DrawText replay because the captured TextStyleSetting is missing.
[14:51:57.389] [1] [WARNING] [BetterInfoCards] Skipping DrawText replay because the captured TextStyleSetting is missing.
[14:51:57.405] [1] [WARNING] [BetterInfoCards] Skipping DrawText replay because the captured TextStyleSetting is missing.
[14:51:57.423] [1] [WARNING] [BetterInfoCards] Skipping DrawText replay because the captured TextStyleSetting is missing.
[14:51:57.439] [1] [WARNING] [BetterInfoCards] Skipping DrawText replay because the captured TextStyleSetting is missing.
[14:51:57.455] [1] [WARNING] [BetterInfoCards] Skipping DrawText replay because the captured TextStyleSetting is missing.
[14:51:57.472] [1] [WARNING] [BetterInfoCards] Skipping DrawText replay because the captured TextStyleSetting is missing.
[14:51:57.489] [1] [WARNING] [BetterInfoCards] Skipping DrawText replay because the captured TextStyleSetting is missing.
[14:51:57.506] [1] [WARNING] [BetterInfoCards] Skipping DrawText replay because the captured TextStyleSetting is missing.
[14:51:57.522] [1] [WARNING] [BetterInfoCards] Skipping DrawText replay because the captured TextStyleSetting is missing.
[14:51:57.539] [1] [WARNING] [BetterInfoCards] Skipping DrawText replay because the captured TextStyleSetting is missing.
[14:51:57.555] [1] [WARNING] [BetterInfoCards] Skipping DrawText replay because the captured TextStyleSetting is missing.
[14:51:57.573] [1] [WARNING] [BetterInfoCards] Skipping DrawText replay because the captured TextStyleSetting is missing.
[14:51:57.588] [1] [WARNING] [BetterInfoCards] Skipping DrawText replay because the captured TextStyleSetting is missing.
[14:51:57.605] [1] [WARNING] [BetterInfoCards] Skipping DrawText replay because the captured TextStyleSetting is missing.
[14:51:57.622] [1] [WARNING] [BetterInfoCards] Skipping DrawText replay because the captured TextStyleSetting is missing.
[14:51:57.639] [1] [WARNING] [BetterInfoCards] Skipping DrawText replay because the captured TextStyleSetting is missing.
[14:51:57.655] [1] [WARNING] [BetterInfoCards] Skipping DrawText replay because the captured TextStyleSetting is missing.
[14:51:57.673] [1] [WARNING] [BetterInfoCards] Skipping DrawText replay because the captured TextStyleSetting is missing.
[14:51:57.688] [1] [WARNING] [BetterInfoCards] Skipping DrawText replay because the captured TextStyleSetting is missing.
[14:51:57.705] [1] [WARNING] [BetterInfoCards] Skipping DrawText replay because the captured TextStyleSetting is missing.
[14:51:57.723] [1] [WARNING] [BetterInfoCards] Skipping DrawText replay because the captured TextStyleSetting is missing.
[14:51:57.741] [1] [WARNING] [BetterInfoCards] Skipping DrawText replay because the captured TextStyleSetting is missing.
[14:51:57.755] [1] [WARNING] [BetterInfoCards] Skipping DrawText replay because the captured TextStyleSetting is missing.
[14:51:57.773] [1] [WARNING] [BetterInfoCards] Skipping DrawText replay because the captured TextStyleSetting is missing.
[14:51:57.789] [1] [WARNING] [BetterInfoCards] Skipping DrawText replay because the captured TextStyleSetting is missing.
[14:51:57.806] [1] [WARNING] [BetterInfoCards] Skipping DrawText replay because the captured TextStyleSetting is missing.
[14:51:57.822] [1] [WARNING] [BetterInfoCards] Skipping DrawText replay because the captured TextStyleSetting is missing.
[14:51:57.839] [1] [WARNING] [BetterInfoCards] Skipping DrawText replay because the captured TextStyleSetting is missing.
[14:51:57.855] [1] [WARNING] [BetterInfoCards] Skipping DrawText replay because the captured TextStyleSetting is missing.
[14:51:57.873] [1] [WARNING] [BetterInfoCards] Skipping DrawText replay because the captured TextStyleSetting is missing.
[14:51:57.889] [1] [WARNING] [BetterInfoCards] Skipping DrawText replay because the captured TextStyleSetting is missing.
[14:51:57.906] [1] [WARNING] [BetterInfoCards] Skipping DrawText replay because the captured TextStyleSetting is missing.
[14:51:57.922] [1] [WARNING] [BetterInfoCards] Skipping DrawText replay because the captured TextStyleSetting is missing.
[14:51:57.939] [1] [WARNING] [BetterInfoCards] Skipping DrawText replay because the captured TextStyleSetting is missing.
[14:51:57.955] [1] [WARNING] [BetterInfoCards] Skipping DrawText replay because the captured TextStyleSetting is missing.
[14:51:57.973] [1] [WARNING] [BetterInfoCards] Skipping DrawText replay because the captured TextStyleSetting is missing.
[14:51:57.989] [1] [WARNING] [BetterInfoCards] Skipping DrawText replay because the captured TextStyleSetting is missing.
[14:51:58.006] [1] [WARNING] [BetterInfoCards] Skipping DrawText replay because the captured TextStyleSetting is missing.
[14:51:58.022] [1] [WARNING] [BetterInfoCards] Skipping DrawText replay because the captured TextStyleSetting is missing.
[14:51:58.040] [1] [WARNING] [BetterInfoCards] Skipping DrawText replay because the captured TextStyleSetting is missing.
[14:51:58.056] [1] [WARNING] [BetterInfoCards] Skipping DrawText replay because the captured TextStyleSetting is missing.
[14:51:58.073] [1] [WARNING] [BetterInfoCards] Skipping DrawText replay because the captured TextStyleSetting is missing.
[14:51:58.089] [1] [WARNING] [BetterInfoCards] Skipping DrawText replay because the captured TextStyleSetting is missing.
[14:51:58.107] [1] [WARNING] [BetterInfoCards] Skipping DrawText replay because the captured TextStyleSetting is missing.
[14:51:58.123] [1] [WARNING] [BetterInfoCards] Skipping DrawText replay because the captured TextStyleSetting is missing.
[14:51:58.140] [1] [WARNING] [BetterInfoCards] Skipping DrawText replay because the captured TextStyleSetting is missing.
[14:51:58.157] [1] [WARNING] [BetterInfoCards] Skipping DrawText replay because the captured TextStyleSetting is missing.
[14:51:58.173] [1] [WARNING] [BetterInfoCards] Skipping DrawText replay because the captured TextStyleSetting is missing.
[14:51:58.190] [1] [WARNING] [BetterInfoCards] Skipping DrawText replay because the captured TextStyleSetting is missing.
[14:51:58.207] [1] [WARNING] [BetterInfoCards] Skipping DrawText replay because the captured TextStyleSetting is missing.
[14:51:58.224] [1] [WARNING] [BetterInfoCards] Skipping DrawText replay because the captured TextStyleSetting is missing.
[14:51:58.239] [1] [WARNING] [BetterInfoCards] Skipping DrawText replay because the captured TextStyleSetting is missing.
[14:51:58.256] [1] [WARNING] [BetterInfoCards] Skipping DrawText replay because the captured TextStyleSetting is missing.
[14:51:58.272] [1] [WARNING] [BetterInfoCards] Skipping DrawText replay because the captured TextStyleSetting is missing.
[14:51:58.289] [1] [WARNING] [BetterInfoCards] Skipping DrawText replay because the captured TextStyleSetting is missing.
[14:51:58.307] [1] [WARNING] [BetterInfoCards] Skipping DrawText replay because the captured TextStyleSetting is missing.
[14:51:58.324] [1] [WARNING] [BetterInfoCards] Skipping DrawText replay because the captured TextStyleSetting is missing.
[14:51:58.339] [1] [WARNING] [BetterInfoCards] Skipping DrawText replay because the captured TextStyleSetting is missing.
[14:51:58.356] [1] [WARNING] [BetterInfoCards] Skipping DrawText replay because the captured TextStyleSetting is missing.
[14:51:58.373] [1] [WARNING] [BetterInfoCards] Skipping DrawText replay because the captured TextStyleSetting is missing.
[14:51:58.389] [1] [WARNING] [BetterInfoCards] Skipping DrawText replay because the captured TextStyleSetting is missing.
[14:51:58.406] [1] [WARNING] [BetterInfoCards] Skipping DrawText replay because the captured TextStyleSetting is missing.
[14:51:58.423] [1] [WARNING] [BetterInfoCards] Skipping DrawText replay because the captured TextStyleSetting is missing.
[14:51:58.439] [1] [WARNING] [BetterInfoCards] Skipping DrawText replay because the captured TextStyleSetting is missing.
[14:51:58.456] [1] [WARNING] [BetterInfoCards] Skipping DrawText replay because the captured TextStyleSetting is missing.
[14:51:58.472] [1] [WARNING] [BetterInfoCards] Skipping DrawText replay because the captured TextStyleSetting is missing.
[14:51:58.489] [1] [WARNING] [BetterInfoCards] Skipping DrawText replay because the captured TextStyleSetting is missing.
[14:51:58.505] [1] [WARNING] [BetterInfoCards] Skipping DrawText replay because the captured TextStyleSetting is missing.
[14:51:58.523] [1] [WARNING] [BetterInfoCards] Skipping DrawText replay because the captured TextStyleSetting is missing.
[14:51:58.539] [1] [WARNING] [BetterInfoCards] Skipping DrawText replay because the captured TextStyleSetting is missing.
[14:51:58.556] [1] [WARNING] [BetterInfoCards] Skipping DrawText replay because the captured TextStyleSetting is missing.
[14:51:58.572] [1] [WARNING] [BetterInfoCards] Skipping DrawText replay because the captured TextStyleSetting is missing.
[14:51:58.589] [1] [WARNING] [BetterInfoCards] Skipping DrawText replay because the captured TextStyleSetting is missing.
[14:51:58.606] [1] [WARNING] [BetterInfoCards] Skipping DrawText replay because the captured TextStyleSetting is missing.
[14:51:58.622] [1] [WARNING] [BetterInfoCards] Skipping DrawText replay because the captured TextStyleSetting is missing.
[14:51:58.639] [1] [WARNING] [BetterInfoCards] Skipping DrawText replay because the captured TextStyleSetting is missing.
[14:51:58.655] [1] [WARNING] [BetterInfoCards] Skipping DrawText replay because the captured TextStyleSetting is missing.
[14:51:58.672] [1] [WARNING] [BetterInfoCards] Skipping DrawText replay because the captured TextStyleSetting is missing.
[14:51:58.689] [1] [WARNING] [BetterInfoCards] Skipping DrawText replay because the captured TextStyleSetting is missing.
[14:51:58.705] [1] [WARNING] [BetterInfoCards] Skipping DrawText replay because the captured TextStyleSetting is missing.
[14:51:58.723] [1] [WARNING] [BetterInfoCards] Skipping DrawText replay because the captured TextStyleSetting is missing.
[14:51:58.743] [1] [WARNING] [BetterInfoCards] Skipping DrawText replay because the captured TextStyleSetting is missing.
[14:51:58.755] [1] [WARNING] [BetterInfoCards] Skipping DrawText replay because the captured TextStyleSetting is missing.
[14:51:58.772] [1] [WARNING] [BetterInfoCards] Skipping DrawText replay because the captured TextStyleSetting is missing.
[14:51:58.789] [1] [WARNING] [BetterInfoCards] Skipping DrawText replay because the captured TextStyleSetting is missing.
[14:51:58.806] [1] [WARNING] [BetterInfoCards] Skipping DrawText replay because the captured TextStyleSetting is missing.
[14:51:58.823] [1] [WARNING] [BetterInfoCards] Skipping DrawText replay because the captured TextStyleSetting is missing.
[14:51:58.840] [1] [WARNING] [BetterInfoCards] Skipping DrawText replay because the captured TextStyleSetting is missing.
[14:51:58.856] [1] [WARNING] [BetterInfoCards] Skipping DrawText replay because the captured TextStyleSetting is missing.
[14:51:58.873] [1] [WARNING] [BetterInfoCards] Skipping DrawText replay because the captured TextStyleSetting is missing.
[14:51:58.889] [1] [WARNING] [BetterInfoCards] Skipping DrawText replay because the captured TextStyleSetting is missing.
[14:51:58.906] [1] [WARNING] [BetterInfoCards] Skipping DrawText replay because the captured TextStyleSetting is missing.
[14:51:58.922] [1] [WARNING] [BetterInfoCards] Skipping DrawText replay because the captured TextStyleSetting is missing.
[14:51:58.940] [1] [WARNING] [BetterInfoCards] Skipping DrawText replay because the captured TextStyleSetting is missing.
[14:51:58.956] [1] [WARNING] [BetterInfoCards] Skipping DrawText replay because the captured TextStyleSetting is missing.
[14:51:58.975] [1] [WARNING] [BetterInfoCards] Skipping DrawText replay because the captured TextStyleSetting is missing.
[14:51:58.991] [1] [WARNING] [BetterInfoCards] Skipping DrawText replay because the captured TextStyleSetting is missing.
[14:51:59.007] [1] [WARNING] [BetterInfoCards] Skipping DrawText replay because the captured TextStyleSetting is missing.
[14:51:59.023] [1] [WARNING] [BetterInfoCards] Skipping DrawText replay because the captured TextStyleSetting is missing.
[14:51:59.040] [1] [WARNING] [BetterInfoCards] Skipping DrawText replay because the captured TextStyleSetting is missing.
[14:51:59.058] [1] [WARNING] [BetterInfoCards] Skipping DrawText replay because the captured TextStyleSetting is missing.
[14:51:59.074] [1] [WARNING] [BetterInfoCards] Skipping DrawText replay because the captured TextStyleSetting is missing.
[14:51:59.089] [1] [WARNING] [BetterInfoCards] Skipping DrawText replay because the captured TextStyleSetting is missing.
[14:51:59.108] [1] [WARNING] [BetterInfoCards] Skipping DrawText replay because the captured TextStyleSetting is missing.
[14:51:59.123] [1] [WARNING] [BetterInfoCards] Skipping DrawText replay because the captured TextStyleSetting is missing.
[14:51:59.139] [1] [WARNING] [BetterInfoCards] Skipping DrawText replay because the captured TextStyleSetting is missing.
[14:51:59.156] [1] [WARNING] [BetterInfoCards] Skipping DrawText replay because the captured TextStyleSetting is missing.
[14:51:59.172] [1] [WARNING] [BetterInfoCards] Skipping DrawText replay because the captured TextStyleSetting is missing.
[14:51:59.189] [1] [WARNING] [BetterInfoCards] Skipping DrawText replay because the captured TextStyleSetting is missing.
[14:51:59.206] [1] [WARNING] [BetterInfoCards] Skipping DrawText replay because the captured TextStyleSetting is missing.
[14:51:59.223] [1] [WARNING] [BetterInfoCards] Skipping DrawText replay because the captured TextStyleSetting is missing.
[14:51:59.239] [1] [WARNING] [BetterInfoCards] Skipping DrawText replay because the captured TextStyleSetting is missing.
[14:51:59.256] [1] [WARNING] [BetterInfoCards] Skipping DrawText replay because the captured TextStyleSetting is missing.
[14:51:59.272] [1] [WARNING] [BetterInfoCards] Skipping DrawText replay because the captured TextStyleSetting is missing.
[14:51:59.288] [1] [WARNING] [BetterInfoCards] Skipping DrawText replay because the captured TextStyleSetting is missing.
[14:51:59.306] [1] [WARNING] [BetterInfoCards] Skipping DrawText replay because the captured TextStyleSetting is missing.
[14:51:59.323] [1] [WARNING] [BetterInfoCards] Skipping DrawText replay because the captured TextStyleSetting is missing.
[14:51:59.339] [1] [WARNING] [BetterInfoCards] Skipping DrawText replay because the captured TextStyleSetting is missing.
[14:51:59.355] [1] [WARNING] [BetterInfoCards] Skipping DrawText replay because the captured TextStyleSetting is missing.
[14:51:59.373] [1] [WARNING] [BetterInfoCards] Skipping DrawText replay because the captured TextStyleSetting is missing.
[14:51:59.389] [1] [WARNING] [BetterInfoCards] Skipping DrawText replay because the captured TextStyleSetting is missing.
[14:51:59.406] [1] [WARNING] [BetterInfoCards] Skipping DrawText replay because the captured TextStyleSetting is missing.
[14:51:59.422] [1] [WARNING] [BetterInfoCards] Skipping DrawText replay because the captured TextStyleSetting is missing.
[14:51:59.438] [1] [WARNING] [BetterInfoCards] Skipping DrawText replay because the captured TextStyleSetting is missing.
[14:51:59.455] [1] [WARNING] [BetterInfoCards] Skipping DrawText replay because the captured TextStyleSetting is missing.
[14:51:59.472] [1] [WARNING] [BetterInfoCards] Skipping DrawText replay because the captured TextStyleSetting is missing.
[14:51:59.489] [1] [WARNING] [BetterInfoCards] Skipping DrawText replay because the captured TextStyleSetting is missing.
[14:51:59.506] [1] [WARNING] [BetterInfoCards] Skipping DrawText replay because the captured TextStyleSetting is missing.
[14:51:59.523] [1] [WARNING] [BetterInfoCards] Skipping DrawText replay because the captured TextStyleSetting is missing.
[14:51:59.539] [1] [WARNING] [BetterInfoCards] Skipping DrawText replay because the captured TextStyleSetting is missing.
[14:51:59.556] [1] [WARNING] [BetterInfoCards] Skipping DrawText replay because the captured TextStyleSetting is missing.
[14:51:59.572] [1] [WARNING] [BetterInfoCards] Skipping DrawText replay because the captured TextStyleSetting is missing.
[14:51:59.589] [1] [WARNING] [BetterInfoCards] Skipping DrawText replay because the captured TextStyleSetting is missing.
[14:51:59.605] [1] [WARNING] [BetterInfoCards] Skipping DrawText replay because the captured TextStyleSetting is missing.
[14:51:59.623] [1] [WARNING] [BetterInfoCards] Skipping DrawText replay because the captured TextStyleSetting is missing.
[14:51:59.639] [1] [WARNING] [BetterInfoCards] Skipping DrawText replay because the captured TextStyleSetting is missing.
[14:51:59.656] [1] [WARNING] [BetterInfoCards] Skipping DrawText replay because the captured TextStyleSetting is missing.
[14:51:59.673] [1] [WARNING] [BetterInfoCards] Skipping DrawText replay because the captured TextStyleSetting is missing.
[14:51:59.689] [1] [WARNING] [BetterInfoCards] Skipping DrawText replay because the captured TextStyleSetting is missing.
[14:51:59.706] [1] [WARNING] [BetterInfoCards] Skipping DrawText replay because the captured TextStyleSetting is missing.
[14:51:59.723] [1] [WARNING] [BetterInfoCards] Skipping DrawText replay because the captured TextStyleSetting is missing.
[14:51:59.739] [1] [WARNING] [BetterInfoCards] Skipping DrawText replay because the captured TextStyleSetting is missing.
[14:51:59.755] [1] [WARNING] [BetterInfoCards] Skipping DrawText replay because the captured TextStyleSetting is missing.
[14:51:59.773] [1] [WARNING] [BetterInfoCards] Skipping DrawText replay because the captured TextStyleSetting is missing.
[14:51:59.789] [1] [WARNING] [BetterInfoCards] Skipping DrawText replay because the captured TextStyleSetting is missing.
[14:51:59.806] [1] [WARNING] [BetterInfoCards] Skipping DrawText replay because the captured TextStyleSetting is missing.
[14:51:59.823] [1] [WARNING] [BetterInfoCards] Skipping DrawText replay because the captured TextStyleSetting is missing.
[14:51:59.840] [1] [WARNING] [BetterInfoCards] Skipping DrawText replay because the captured TextStyleSetting is missing.
[14:51:59.856] [1] [WARNING] [BetterInfoCards] Skipping DrawText replay because the captured TextStyleSetting is missing.
[14:51:59.872] [1] [WARNING] [BetterInfoCards] Skipping DrawText replay because the captured TextStyleSetting is missing.
[14:51:59.891] [1] [WARNING] [BetterInfoCards] Skipping DrawText replay because the captured TextStyleSetting is missing.
[14:51:59.906] [1] [WARNING] [BetterInfoCards] Skipping DrawText replay because the captured TextStyleSetting is missing.
[14:51:59.923] [1] [WARNING] [BetterInfoCards] Skipping DrawText replay because the captured TextStyleSetting is missing.
[14:51:59.939] [1] [WARNING] [BetterInfoCards] Skipping DrawText replay because the captured TextStyleSetting is missing.
[14:51:59.956] [1] [WARNING] [BetterInfoCards] Skipping DrawText replay because the captured TextStyleSetting is missing.
[14:51:59.973] [1] [WARNING] [BetterInfoCards] Skipping DrawText replay because the captured TextStyleSetting is missing.
[14:51:59.989] [1] [WARNING] [BetterInfoCards] Skipping DrawText replay because the captured TextStyleSetting is missing.
[14:52:00.006] [1] [WARNING] [BetterInfoCards] Skipping DrawText replay because the captured TextStyleSetting is missing.
[14:52:00.023] [1] [WARNING] [BetterInfoCards] Skipping DrawText replay because the captured TextStyleSetting is missing.
[14:52:00.041] [1] [WARNING] [BetterInfoCards] Skipping DrawText replay because the captured TextStyleSetting is missing.
[14:52:00.056] [1] [WARNING] [BetterInfoCards] Skipping DrawText replay because the captured TextStyleSetting is missing.
[14:52:00.073] [1] [WARNING] [BetterInfoCards] Skipping DrawText replay because the captured TextStyleSetting is missing.
[14:52:00.089] [1] [WARNING] [BetterInfoCards] Skipping DrawText replay because the captured TextStyleSetting is missing.
[14:52:00.105] [1] [WARNING] [BetterInfoCards] Skipping DrawText replay because the captured TextStyleSetting is missing.
[14:52:00.122] [1] [WARNING] [BetterInfoCards] Skipping DrawText replay because the captured TextStyleSetting is missing.
[14:52:00.139] [1] [WARNING] [BetterInfoCards] Skipping DrawText replay because the captured TextStyleSetting is missing.
[14:52:00.155] [1] [WARNING] [BetterInfoCards] Skipping DrawText replay because the captured TextStyleSetting is missing.
[14:52:00.173] [1] [WARNING] [BetterInfoCards] Skipping DrawText replay because the captured TextStyleSetting is missing.
[14:52:00.188] [1] [WARNING] [BetterInfoCards] Skipping DrawText replay because the captured TextStyleSetting is missing.
[14:52:00.205] [1] [WARNING] [BetterInfoCards] Skipping DrawText replay because the captured TextStyleSetting is missing.
[14:52:00.223] [1] [WARNING] [BetterInfoCards] Skipping DrawText replay because the captured TextStyleSetting is missing.
[14:52:00.239] [1] [WARNING] [BetterInfoCards] Skipping DrawText replay because the captured TextStyleSetting is missing.
[14:52:00.256] [1] [WARNING] [BetterInfoCards] Skipping DrawText replay because the captured TextStyleSetting is missing.
[14:52:00.273] [1] [WARNING] [BetterInfoCards] Skipping DrawText replay because the captured TextStyleSetting is missing.
[14:52:00.289] [1] [WARNING] [BetterInfoCards] Skipping DrawText replay because the captured TextStyleSetting is missing.
[14:52:00.306] [1] [WARNING] [BetterInfoCards] Skipping DrawText replay because the captured TextStyleSetting is missing.
[14:52:00.322] [1] [WARNING] [BetterInfoCards] Skipping DrawText replay because the captured TextStyleSetting is missing.
[14:52:00.340] [1] [WARNING] [BetterInfoCards] Skipping DrawText replay because the captured TextStyleSetting is missing.
[14:52:00.356] [1] [WARNING] [BetterInfoCards] Skipping DrawText replay because the captured TextStyleSetting is missing.
[14:52:00.373] [1] [WARNING] [BetterInfoCards] Skipping DrawText replay because the captured TextStyleSetting is missing.
[14:52:00.388] [1] [WARNING] [BetterInfoCards] Skipping DrawText replay because the captured TextStyleSetting is missing.
[14:52:00.406] [1] [WARNING] [BetterInfoCards] Skipping DrawText replay because the captured TextStyleSetting is missing.
[14:52:00.422] [1] [WARNING] [BetterInfoCards] Skipping DrawText replay because the captured TextStyleSetting is missing.
[14:52:00.440] [1] [WARNING] [BetterInfoCards] Skipping DrawText replay because the captured TextStyleSetting is missing.
[14:52:00.455] [1] [WARNING] [BetterInfoCards] Skipping DrawText replay because the captured TextStyleSetting is missing.
[14:52:00.473] [1] [WARNING] [BetterInfoCards] Skipping DrawText replay because the captured TextStyleSetting is missing.
[14:52:00.488] [1] [WARNING] [BetterInfoCards] Skipping DrawText replay because the captured TextStyleSetting is missing.
[14:52:00.505] [1] [WARNING] [BetterInfoCards] Skipping DrawText replay because the captured TextStyleSetting is missing.
[14:52:00.522] [1] [WARNING] [BetterInfoCards] Skipping DrawText replay because the captured TextStyleSetting is missing.
[14:52:00.538] [1] [WARNING] [BetterInfoCards] Skipping DrawText replay because the captured TextStyleSetting is missing.
[14:52:00.555] [1] [WARNING] [BetterInfoCards] Skipping DrawText replay because the captured TextStyleSetting is missing.
[14:52:00.572] [1] [WARNING] [BetterInfoCards] Skipping DrawText replay because the captured TextStyleSetting is missing.
[14:52:00.590] [1] [WARNING] [BetterInfoCards] Skipping DrawText replay because the captured TextStyleSetting is missing.
[14:52:00.605] [1] [WARNING] [BetterInfoCards] Skipping DrawText replay because the captured TextStyleSetting is missing.
[14:52:00.622] [1] [WARNING] [BetterInfoCards] Skipping DrawText replay because the captured TextStyleSetting is missing.
[14:52:00.639] [1] [WARNING] [BetterInfoCards] Skipping DrawText replay because the captured TextStyleSetting is missing.
[14:52:00.656] [1] [WARNING] [BetterInfoCards] Skipping DrawText replay because the captured TextStyleSetting is missing.
[14:52:00.673] [1] [WARNING] [BetterInfoCards] Skipping DrawText replay because the captured TextStyleSetting is missing.
[14:52:00.689] [1] [WARNING] [BetterInfoCards] Skipping DrawText replay because the captured TextStyleSetting is missing.
[14:52:00.705] [1] [WARNING] [BetterInfoCards] Skipping DrawText replay because the captured TextStyleSetting is missing.
[14:52:00.723] [1] [WARNING] [BetterInfoCards] Skipping DrawText replay because the captured TextStyleSetting is missing.
[14:52:00.739] [1] [WARNING] [BetterInfoCards] Skipping DrawText replay because the captured TextStyleSetting is missing.
[14:52:00.755] [1] [WARNING] [BetterInfoCards] Skipping DrawText replay because the captured TextStyleSetting is missing.
[14:52:00.773] [1] [WARNING] [BetterInfoCards] Skipping DrawText replay because the captured TextStyleSetting is missing.
[14:52:00.789] [1] [WARNING] [BetterInfoCards] Skipping DrawText replay because the captured TextStyleSetting is missing.
[14:52:00.806] [1] [WARNING] [BetterInfoCards] Skipping DrawText replay because the captured TextStyleSetting is missing.
[14:52:00.822] [1] [WARNING] [BetterInfoCards] Skipping DrawText replay because the captured TextStyleSetting is missing.
[14:52:00.840] [1] [WARNING] [BetterInfoCards] Skipping DrawText replay because the captured TextStyleSetting is missing.
[14:52:00.856] [1] [WARNING] [BetterInfoCards] Skipping DrawText replay because the captured TextStyleSetting is missing.
[14:52:00.872] [1] [WARNING] [BetterInfoCards] Skipping DrawText replay because the captured TextStyleSetting is missing.
[14:52:00.889] [1] [WARNING] [BetterInfoCards] Skipping DrawText replay because the captured TextStyleSetting is missing.
[14:52:00.906] [1] [WARNING] [BetterInfoCards] Skipping DrawText replay because the captured TextStyleSetting is missing.
[14:52:00.923] [1] [WARNING] [BetterInfoCards] Skipping DrawText replay because the captured TextStyleSetting is missing.
[14:52:00.940] [1] [WARNING] [BetterInfoCards] Skipping DrawText replay because the captured TextStyleSetting is missing.
[14:52:00.956] [1] [WARNING] [BetterInfoCards] Skipping DrawText replay because the captured TextStyleSetting is missing.
[14:52:00.972] [1] [WARNING] [BetterInfoCards] Skipping DrawText replay because the captured TextStyleSetting is missing.
[14:52:00.989] [1] [WARNING] [BetterInfoCards] Skipping DrawText replay because the captured TextStyleSetting is missing.
[14:52:01.006] [1] [WARNING] [BetterInfoCards] Skipping DrawText replay because the captured TextStyleSetting is missing.
[14:52:01.022] [1] [WARNING] [BetterInfoCards] Skipping DrawText replay because the captured TextStyleSetting is missing.
[14:52:01.039] [1] [WARNING] [BetterInfoCards] Skipping DrawText replay because the captured TextStyleSetting is missing.
[14:52:01.056] [1] [WARNING] [BetterInfoCards] Skipping DrawText replay because the captured TextStyleSetting is missing.
[14:52:01.072] [1] [WARNING] [BetterInfoCards] Skipping DrawText replay because the captured TextStyleSetting is missing.
[14:52:01.089] [1] [WARNING] [BetterInfoCards] Skipping DrawText replay because the captured TextStyleSetting is missing.
[14:52:01.105] [1] [WARNING] [BetterInfoCards] Skipping DrawText replay because the captured TextStyleSetting is missing.
[14:52:01.122] [1] [WARNING] [BetterInfoCards] Skipping DrawText replay because the captured TextStyleSetting is missing.
[14:52:01.139] [1] [WARNING] [BetterInfoCards] Skipping DrawText replay because the captured TextStyleSetting is missing.
[14:52:01.155] [1] [WARNING] [BetterInfoCards] Skipping DrawText replay because the captured TextStyleSetting is missing.
[14:52:01.173] [1] [WARNING] [BetterInfoCards] Skipping DrawText replay because the captured TextStyleSetting is missing.
[14:52:01.190] [1] [WARNING] [BetterInfoCards] Skipping DrawText replay because the captured TextStyleSetting is missing.
[14:52:01.207] [1] [WARNING] [BetterInfoCards] Skipping DrawText replay because the captured TextStyleSetting is missing.
[14:52:01.222] [1] [WARNING] [BetterInfoCards] Skipping DrawText replay because the captured TextStyleSetting is missing.
[14:52:01.241] [1] [WARNING] [BetterInfoCards] Skipping DrawText replay because the captured TextStyleSetting is missing.
[14:52:01.255] [1] [WARNING] [BetterInfoCards] Skipping DrawText replay because the captured TextStyleSetting is missing.
[14:52:01.272] [1] [WARNING] [BetterInfoCards] Skipping DrawText replay because the captured TextStyleSetting is missing.
[14:52:01.289] [1] [WARNING] [BetterInfoCards] Skipping DrawText replay because the captured TextStyleSetting is missing.
[14:52:01.305] [1] [WARNING] [BetterInfoCards] Skipping DrawText replay because the captured TextStyleSetting is missing.
[14:52:01.323] [1] [WARNING] [BetterInfoCards] Skipping DrawText replay because the captured TextStyleSetting is missing.
[14:52:01.339] [1] [WARNING] [BetterInfoCards] Skipping DrawText replay because the captured TextStyleSetting is missing.
[14:52:01.355] [1] [WARNING] [BetterInfoCards] Skipping DrawText replay because the captured TextStyleSetting is missing.
[14:52:01.372] [1] [WARNING] [BetterInfoCards] Skipping DrawText replay because the captured TextStyleSetting is missing.
[14:52:01.389] [1] [WARNING] [BetterInfoCards] Skipping DrawText replay because the captured TextStyleSetting is missing.
[14:52:01.405] [1] [WARNING] [BetterInfoCards] Skipping DrawText replay because the captured TextStyleSetting is missing.
[14:52:01.422] [1] [WARNING] [BetterInfoCards] Skipping DrawText replay because the captured TextStyleSetting is missing.
[14:52:01.439] [1] [WARNING] [BetterInfoCards] Skipping DrawText replay because the captured TextStyleSetting is missing.
[14:52:01.456] [1] [WARNING] [BetterInfoCards] Skipping DrawText replay because the captured TextStyleSetting is missing.
[14:52:01.472] [1] [WARNING] [BetterInfoCards] Skipping DrawText replay because the captured TextStyleSetting is missing.
[14:52:01.489] [1] [WARNING] [BetterInfoCards] Skipping DrawText replay because the captured TextStyleSetting is missing.
[14:52:01.505] [1] [WARNING] [BetterInfoCards] Skipping DrawText replay because the captured TextStyleSetting is missing.
[14:52:01.522] [1] [WARNING] [BetterInfoCards] Skipping DrawText replay because the captured TextStyleSetting is missing.
[14:52:01.539] [1] [WARNING] [BetterInfoCards] Skipping DrawText replay because the captured TextStyleSetting is missing.
[14:52:01.557] [1] [WARNING] [BetterInfoCards] Skipping DrawText replay because the captured TextStyleSetting is missing.
[14:52:01.572] [1] [WARNING] [BetterInfoCards] Skipping DrawText replay because the captured TextStyleSetting is missing.
[14:52:01.589] [1] [WARNING] [BetterInfoCards] Skipping DrawText replay because the captured TextStyleSetting is missing.
[14:52:01.606] [1] [WARNING] [BetterInfoCards] Skipping DrawText replay because the captured TextStyleSetting is missing.
[14:52:01.623] [1] [WARNING] [BetterInfoCards] Skipping DrawText replay because the captured TextStyleSetting is missing.
[14:52:01.641] [1] [WARNING] [BetterInfoCards] Skipping DrawText replay because the captured TextStyleSetting is missing.
[14:52:01.656] [1] [WARNING] [BetterInfoCards] Skipping DrawText replay because the captured TextStyleSetting is missing.
[14:52:01.673] [1] [WARNING] [BetterInfoCards] Skipping DrawText replay because the captured TextStyleSetting is missing.
[14:52:01.689] [1] [WARNING] [BetterInfoCards] Skipping DrawText replay because the captured TextStyleSetting is missing.
[14:52:01.706] [1] [WARNING] [BetterInfoCards] Skipping DrawText replay because the captured TextStyleSetting is missing.
[14:52:01.722] [1] [WARNING] [BetterInfoCards] Skipping DrawText replay because the captured TextStyleSetting is missing.
[14:52:01.740] [1] [WARNING] [BetterInfoCards] Skipping DrawText replay because the captured TextStyleSetting is missing.
[14:52:01.756] [1] [WARNING] [BetterInfoCards] Skipping DrawText replay because the captured TextStyleSetting is missing.
[14:52:01.773] [1] [WARNING] [BetterInfoCards] Skipping DrawText replay because the captured TextStyleSetting is missing.
[14:52:01.789] [1] [WARNING] [BetterInfoCards] Skipping DrawText replay because the captured TextStyleSetting is missing.
[14:52:01.805] [1] [WARNING] [BetterInfoCards] Skipping DrawText replay because the captured TextStyleSetting is missing.
[14:52:01.823] [1] [WARNING] [BetterInfoCards] Skipping DrawText replay because the captured TextStyleSetting is missing.
[14:52:01.839] [1] [WARNING] [BetterInfoCards] Skipping DrawText replay because the captured TextStyleSetting is missing.
[14:52:01.855] [1] [WARNING] [BetterInfoCards] Skipping DrawText replay because the captured TextStyleSetting is missing.
[14:52:01.873] [1] [WARNING] [BetterInfoCards] Skipping DrawText replay because the captured TextStyleSetting is missing.
[14:52:01.889] [1] [WARNING] [BetterInfoCards] Skipping DrawText replay because the captured TextStyleSetting is missing.
[14:52:01.906] [1] [WARNING] [BetterInfoCards] Skipping DrawText replay because the captured TextStyleSetting is missing.
[14:52:01.922] [1] [WARNING] [BetterInfoCards] Skipping DrawText replay because the captured TextStyleSetting is missing.
[14:52:01.938] [1] [WARNING] [BetterInfoCards] Skipping DrawText replay because the captured TextStyleSetting is missing.
[14:52:01.955] [1] [WARNING] [BetterInfoCards] Skipping DrawText replay because the captured TextStyleSetting is missing.
[14:52:01.973] [1] [WARNING] [BetterInfoCards] Skipping DrawText replay because the captured TextStyleSetting is missing.
[14:52:01.989] [1] [WARNING] [BetterInfoCards] Skipping DrawText replay because the captured TextStyleSetting is missing.
[14:52:02.005] [1] [WARNING] [BetterInfoCards] Skipping DrawText replay because the captured TextStyleSetting is missing.
[14:52:02.022] [1] [WARNING] [BetterInfoCards] Skipping DrawText replay because the captured TextStyleSetting is missing.
[14:52:02.039] [1] [WARNING] [BetterInfoCards] Skipping DrawText replay because the captured TextStyleSetting is missing.
[14:52:02.056] [1] [WARNING] [BetterInfoCards] Skipping DrawText replay because the captured TextStyleSetting is missing.
[14:52:02.072] [1] [WARNING] [BetterInfoCards] Skipping DrawText replay because the captured TextStyleSetting is missing.
[14:52:02.089] [1] [WARNING] [BetterInfoCards] Skipping DrawText replay because the captured TextStyleSetting is missing.
[14:52:02.105] [1] [WARNING] [BetterInfoCards] Skipping DrawText replay because the captured TextStyleSetting is missing.
[14:52:02.122] [1] [WARNING] [BetterInfoCards] Skipping DrawText replay because the captured TextStyleSetting is missing.
[14:52:02.138] [1] [WARNING] [BetterInfoCards] Skipping DrawText replay because the captured TextStyleSetting is missing.
[14:52:02.155] [1] [WARNING] [BetterInfoCards] Skipping DrawText replay because the captured TextStyleSetting is missing.
[14:52:02.172] [1] [WARNING] [BetterInfoCards] Skipping DrawText replay because the captured TextStyleSetting is missing.
[14:52:02.189] [1] [WARNING] [BetterInfoCards] Skipping DrawText replay because the captured TextStyleSetting is missing.
[14:52:02.205] [1] [WARNING] [BetterInfoCards] Skipping DrawText replay because the captured TextStyleSetting is missing.
[14:52:02.222] [1] [WARNING] [BetterInfoCards] Skipping DrawText replay because the captured TextStyleSetting is missing.
[14:52:02.238] [1] [WARNING] [BetterInfoCards] Skipping DrawText replay because the captured TextStyleSetting is missing.
[14:52:02.255] [1] [WARNING] [BetterInfoCards] Skipping DrawText replay because the captured TextStyleSetting is missing.
[14:52:02.273] [1] [WARNING] [BetterInfoCards] Skipping DrawText replay because the captured TextStyleSetting is missing.
[14:52:02.289] [1] [WARNING] [BetterInfoCards] Skipping DrawText replay because the captured TextStyleSetting is missing.
[14:52:02.306] [1] [WARNING] [BetterInfoCards] Skipping DrawText replay because the captured TextStyleSetting is missing.
[14:52:02.326] [1] [WARNING] [BetterInfoCards] Skipping DrawText replay because the captured TextStyleSetting is missing.
[14:52:02.341] [1] [WARNING] [BetterInfoCards] Skipping DrawText replay because the captured TextStyleSetting is missing.
[14:52:02.357] [1] [WARNING] [BetterInfoCards] Skipping DrawText replay because the captured TextStyleSetting is missing.
[14:52:02.376] [1] [WARNING] [BetterInfoCards] Skipping DrawText replay because the captured TextStyleSetting is missing.
[14:52:02.392] [1] [WARNING] [BetterInfoCards] Skipping DrawText replay because the captured TextStyleSetting is missing.
[14:52:02.411] [1] [WARNING] [BetterInfoCards] Skipping DrawText replay because the captured TextStyleSetting is missing.
[14:52:02.430] [1] [WARNING] [BetterInfoCards] Skipping DrawText replay because the captured TextStyleSetting is missing.
[14:52:02.446] [1] [WARNING] [BetterInfoCards] Skipping DrawText replay because the captured TextStyleSetting is missing.
[14:52:02.461] [1] [WARNING] [BetterInfoCards] Skipping DrawText replay because the captured TextStyleSetting is missing.
[14:52:02.476] [1] [WARNING] [BetterInfoCards] Skipping DrawText replay because the captured TextStyleSetting is missing.
[14:52:02.491] [1] [WARNING] [BetterInfoCards] Skipping DrawText replay because the captured TextStyleSetting is missing.
[14:52:02.507] [1] [WARNING] [BetterInfoCards] Skipping DrawText replay because the captured TextStyleSetting is missing.
[14:52:02.523] [1] [WARNING] [BetterInfoCards] Skipping DrawText replay because the captured TextStyleSetting is missing.
[14:52:02.540] [1] [WARNING] [BetterInfoCards] Skipping DrawText replay because the captured TextStyleSetting is missing.
[14:52:02.556] [1] [WARNING] [BetterInfoCards] Skipping DrawText replay because the captured TextStyleSetting is missing.
[14:52:02.574] [1] [WARNING] [BetterInfoCards] Skipping DrawText replay because the captured TextStyleSetting is missing.
[14:52:02.589] [1] [WARNING] [BetterInfoCards] Skipping DrawText replay because the captured TextStyleSetting is missing.
[14:52:02.607] [1] [WARNING] [BetterInfoCards] Skipping DrawText replay because the captured TextStyleSetting is missing.
[14:52:02.623] [1] [WARNING] [BetterInfoCards] Skipping DrawText replay because the captured TextStyleSetting is missing.
[14:52:02.642] [1] [WARNING] [BetterInfoCards] Skipping DrawText replay because the captured TextStyleSetting is missing.
[14:52:02.656] [1] [WARNING] [BetterInfoCards] Skipping DrawText replay because the captured TextStyleSetting is missing.
[14:52:02.673] [1] [WARNING] [BetterInfoCards] Skipping DrawText replay because the captured TextStyleSetting is missing.
[14:52:02.690] [1] [WARNING] [BetterInfoCards] Skipping DrawText replay because the captured TextStyleSetting is missing.
[14:52:02.707] [1] [WARNING] [BetterInfoCards] Skipping DrawText replay because the captured TextStyleSetting is missing.
[14:52:02.723] [1] [WARNING] [BetterInfoCards] Skipping DrawText replay because the captured TextStyleSetting is missing.
[14:52:02.740] [1] [WARNING] [BetterInfoCards] Skipping DrawText replay because the captured TextStyleSetting is missing.
[14:52:02.756] [1] [WARNING] [BetterInfoCards] Skipping DrawText replay because the captured TextStyleSetting is missing.
[14:52:02.775] [1] [WARNING] [BetterInfoCards] Skipping DrawText replay because the captured TextStyleSetting is missing.
[14:52:02.790] [1] [WARNING] [BetterInfoCards] Skipping DrawText replay because the captured TextStyleSetting is missing.
[14:52:02.806] [1] [WARNING] [BetterInfoCards] Skipping DrawText replay because the captured TextStyleSetting is missing.
[14:52:02.822] [1] [WARNING] [BetterInfoCards] Skipping DrawText replay because the captured TextStyleSetting is missing.
[14:52:02.839] [1] [WARNING] [BetterInfoCards] Skipping DrawText replay because the captured TextStyleSetting is missing.
[14:52:02.856] [1] [WARNING] [BetterInfoCards] Skipping DrawText replay because the captured TextStyleSetting is missing.
[14:52:02.873] [1] [WARNING] [BetterInfoCards] Skipping DrawText replay because the captured TextStyleSetting is missing.
[14:52:02.890] [1] [WARNING] [BetterInfoCards] Skipping DrawText replay because the captured TextStyleSetting is missing.
[14:52:02.906] [1] [WARNING] [BetterInfoCards] Skipping DrawText replay because the captured TextStyleSetting is missing.
[14:52:02.923] [1] [WARNING] [BetterInfoCards] Skipping DrawText replay because the captured TextStyleSetting is missing.
[14:52:02.939] [1] [WARNING] [BetterInfoCards] Skipping DrawText replay because the captured TextStyleSetting is missing.
[14:52:02.956] [1] [WARNING] [BetterInfoCards] Skipping DrawText replay because the captured TextStyleSetting is missing.
[14:52:02.972] [1] [WARNING] [BetterInfoCards] Skipping DrawText replay because the captured TextStyleSetting is missing.
[14:52:02.989] [1] [WARNING] [BetterInfoCards] Skipping DrawText replay because the captured TextStyleSetting is missing.
[14:52:03.009] [1] [WARNING] [BetterInfoCards] Skipping DrawText replay because the captured TextStyleSetting is missing.
[14:52:03.022] [1] [WARNING] [BetterInfoCards] Skipping DrawText replay because the captured TextStyleSetting is missing.
[14:52:03.039] [1] [WARNING] [BetterInfoCards] Skipping DrawText replay because the captured TextStyleSetting is missing.
[14:52:03.056] [1] [WARNING] [BetterInfoCards] Skipping DrawText replay because the captured TextStyleSetting is missing.
[14:52:03.073] [1] [WARNING] [BetterInfoCards] Skipping DrawText replay because the captured TextStyleSetting is missing.
[14:52:03.090] [1] [WARNING] [BetterInfoCards] Skipping DrawText replay because the captured TextStyleSetting is missing.
[14:52:03.107] [1] [WARNING] [BetterInfoCards] Skipping DrawText replay because the captured TextStyleSetting is missing.
[14:52:03.123] [1] [WARNING] [BetterInfoCards] Skipping DrawText replay because the captured TextStyleSetting is missing.
[14:52:03.139] [1] [WARNING] [BetterInfoCards] Skipping DrawText replay because the captured TextStyleSetting is missing.
[14:52:03.157] [1] [WARNING] [BetterInfoCards] Skipping DrawText replay because the captured TextStyleSetting is missing.
[14:52:03.172] [1] [WARNING] [BetterInfoCards] Skipping DrawText replay because the captured TextStyleSetting is missing.
[14:52:03.189] [1] [WARNING] [BetterInfoCards] Skipping DrawText replay because the captured TextStyleSetting is missing.
[14:52:03.206] [1] [WARNING] [BetterInfoCards] Skipping DrawText replay because the captured TextStyleSetting is missing.
[14:52:03.223] [1] [WARNING] [BetterInfoCards] Skipping DrawText replay because the captured TextStyleSetting is missing.
[14:52:03.243] [1] [WARNING] [BetterInfoCards] Skipping DrawText replay because the captured TextStyleSetting is missing.
[14:52:03.256] [1] [WARNING] [BetterInfoCards] Skipping DrawText replay because the captured TextStyleSetting is missing.
[14:52:03.273] [1] [WARNING] [BetterInfoCards] Skipping DrawText replay because the captured TextStyleSetting is missing.
[14:52:03.289] [1] [WARNING] [BetterInfoCards] Skipping DrawText replay because the captured TextStyleSetting is missing.
[14:52:03.305] [1] [WARNING] [BetterInfoCards] Skipping DrawText replay because the captured TextStyleSetting is missing.
[14:52:03.322] [1] [WARNING] [BetterInfoCards] Skipping DrawText replay because the captured TextStyleSetting is missing.
[14:52:03.339] [1] [WARNING] [BetterInfoCards] Skipping DrawText replay because the captured TextStyleSetting is missing.
[14:52:03.355] [1] [WARNING] [BetterInfoCards] Skipping DrawText replay because the captured TextStyleSetting is missing.
[14:52:03.373] [1] [WARNING] [BetterInfoCards] Skipping DrawText replay because the captured TextStyleSetting is missing.
[14:52:03.390] [1] [WARNING] [BetterInfoCards] Skipping DrawText replay because the captured TextStyleSetting is missing.
[14:52:03.406] [1] [WARNING] [BetterInfoCards] Skipping DrawText replay because the captured TextStyleSetting is missing.
[14:52:03.423] [1] [WARNING] [BetterInfoCards] Skipping DrawText replay because the captured TextStyleSetting is missing.
[14:52:03.441] [1] [WARNING] [BetterInfoCards] Skipping DrawText replay because the captured TextStyleSetting is missing.
[14:52:03.455] [1] [WARNING] [BetterInfoCards] Skipping DrawText replay because the captured TextStyleSetting is missing.
[14:52:03.473] [1] [WARNING] [BetterInfoCards] Skipping DrawText replay because the captured TextStyleSetting is missing.
[14:52:03.493] [1] [WARNING] [BetterInfoCards] Skipping DrawText replay because the captured TextStyleSetting is missing.
[14:52:03.507] [1] [WARNING] [BetterInfoCards] Skipping DrawText replay because the captured TextStyleSetting is missing.
[14:52:03.522] [1] [WARNING] [BetterInfoCards] Skipping DrawText replay because the captured TextStyleSetting is missing.
[14:52:03.538] [1] [WARNING] [BetterInfoCards] Skipping DrawText replay because the captured TextStyleSetting is missing.
[14:52:03.555] [1] [WARNING] [BetterInfoCards] Skipping DrawText replay because the captured TextStyleSetting is missing.
[14:52:03.572] [1] [WARNING] [BetterInfoCards] Skipping DrawText replay because the captured TextStyleSetting is missing.
[14:52:03.589] [1] [WARNING] [BetterInfoCards] Skipping DrawText replay because the captured TextStyleSetting is missing.
[14:52:03.605] [1] [WARNING] [BetterInfoCards] Skipping DrawText replay because the captured TextStyleSetting is missing.
[14:52:03.622] [1] [WARNING] [BetterInfoCards] Skipping DrawText replay because the captured TextStyleSetting is missing.
[14:52:03.639] [1] [WARNING] [BetterInfoCards] Skipping DrawText replay because the captured TextStyleSetting is missing.
[14:52:03.656] [1] [WARNING] [BetterInfoCards] Skipping DrawText replay because the captured TextStyleSetting is missing.
[14:52:03.672] [1] [WARNING] [BetterInfoCards] Skipping DrawText replay because the captured TextStyleSetting is missing.
[14:52:03.689] [1] [WARNING] [BetterInfoCards] Skipping DrawText replay because the captured TextStyleSetting is missing.
[14:52:03.705] [1] [WARNING] [BetterInfoCards] Skipping DrawText replay because the captured TextStyleSetting is missing.
[14:52:03.723] [1] [WARNING] [BetterInfoCards] Skipping DrawText replay because the captured TextStyleSetting is missing.
[14:52:03.739] [1] [WARNING] [BetterInfoCards] Skipping DrawText replay because the captured TextStyleSetting is missing.
[14:52:03.755] [1] [WARNING] [BetterInfoCards] Skipping DrawText replay because the captured TextStyleSetting is missing.
[14:52:03.772] [1] [WARNING] [BetterInfoCards] Skipping DrawText replay because the captured TextStyleSetting is missing.
[14:52:03.789] [1] [WARNING] [BetterInfoCards] Skipping DrawText replay because the captured TextStyleSetting is missing.
[14:52:03.807] [1] [WARNING] [BetterInfoCards] Skipping DrawText replay because the captured TextStyleSetting is missing.
[14:52:03.822] [1] [WARNING] [BetterInfoCards] Skipping DrawText replay because the captured TextStyleSetting is missing.
[14:52:03.842] [1] [WARNING] [BetterInfoCards] Skipping DrawText replay because the captured TextStyleSetting is missing.
[14:52:03.855] [1] [WARNING] [BetterInfoCards] Skipping DrawText replay because the captured TextStyleSetting is missing.
[14:52:03.872] [1] [WARNING] [BetterInfoCards] Skipping DrawText replay because the captured TextStyleSetting is missing.
[14:52:03.889] [1] [WARNING] [BetterInfoCards] Skipping DrawText replay because the captured TextStyleSetting is missing.
[14:52:03.905] [1] [WARNING] [BetterInfoCards] Skipping DrawText replay because the captured TextStyleSetting is missing.
[14:52:03.922] [1] [WARNING] [BetterInfoCards] Skipping DrawText replay because the captured TextStyleSetting is missing.
[14:52:03.939] [1] [WARNING] [BetterInfoCards] Skipping DrawText replay because the captured TextStyleSetting is missing.
[14:52:03.956] [1] [WARNING] [BetterInfoCards] Skipping DrawText replay because the captured TextStyleSetting is missing.
[14:52:03.972] [1] [WARNING] [BetterInfoCards] Skipping DrawText replay because the captured TextStyleSetting is missing.
[14:52:03.989] [1] [WARNING] [BetterInfoCards] Skipping DrawText replay because the captured TextStyleSetting is missing.
[14:52:04.005] [1] [WARNING] [BetterInfoCards] Skipping DrawText replay because the captured TextStyleSetting is missing.
[14:52:04.022] [1] [WARNING] [BetterInfoCards] Skipping DrawText replay because the captured TextStyleSetting is missing.
[14:52:04.039] [1] [WARNING] [BetterInfoCards] Skipping DrawText replay because the captured TextStyleSetting is missing.
[14:52:04.057] [1] [WARNING] [BetterInfoCards] Skipping DrawText replay because the captured TextStyleSetting is missing.
[14:52:04.072] [1] [WARNING] [BetterInfoCards] Skipping DrawText replay because the captured TextStyleSetting is missing.
[14:52:04.089] [1] [WARNING] [BetterInfoCards] Skipping DrawText replay because the captured TextStyleSetting is missing.
[14:52:04.106] [1] [WARNING] [BetterInfoCards] Skipping DrawText replay because the captured TextStyleSetting is missing.
[14:52:04.123] [1] [WARNING] [BetterInfoCards] Skipping DrawText replay because the captured TextStyleSetting is missing.
[14:52:04.140] [1] [WARNING] [BetterInfoCards] Skipping DrawText replay because the captured TextStyleSetting is missing.
[14:52:04.156] [1] [WARNING] [BetterInfoCards] Skipping DrawText replay because the captured TextStyleSetting is missing.
[14:52:04.173] [1] [WARNING] [BetterInfoCards] Skipping DrawText replay because the captured TextStyleSetting is missing.
[14:52:04.189] [1] [WARNING] [BetterInfoCards] Skipping DrawText replay because the captured TextStyleSetting is missing.
[14:52:04.207] [1] [WARNING] [BetterInfoCards] Skipping DrawText replay because the captured TextStyleSetting is missing.
[14:52:04.223] [1] [WARNING] [BetterInfoCards] Skipping DrawText replay because the captured TextStyleSetting is missing.
[14:52:04.240] [1] [WARNING] [BetterInfoCards] Skipping DrawText replay because the captured TextStyleSetting is missing.
[14:52:04.256] [1] [WARNING] [BetterInfoCards] Skipping DrawText replay because the captured TextStyleSetting is missing.
[14:52:04.273] [1] [WARNING] [BetterInfoCards] Skipping DrawText replay because the captured TextStyleSetting is missing.
[14:52:04.290] [1] [WARNING] [BetterInfoCards] Skipping DrawText replay because the captured TextStyleSetting is missing.
[14:52:04.307] [1] [WARNING] [BetterInfoCards] Skipping DrawText replay because the captured TextStyleSetting is missing.
[14:52:04.324] [1] [WARNING] [BetterInfoCards] Skipping DrawText replay because the captured TextStyleSetting is missing.
[14:52:04.340] [1] [WARNING] [BetterInfoCards] Skipping DrawText replay because the captured TextStyleSetting is missing.
[14:52:04.357] [1] [WARNING] [BetterInfoCards] Skipping DrawText replay because the captured TextStyleSetting is missing.
[14:52:04.373] [1] [WARNING] [BetterInfoCards] Skipping DrawText replay because the captured TextStyleSetting is missing.
[14:52:04.390] [1] [WARNING] [BetterInfoCards] Skipping DrawText replay because the captured TextStyleSetting is missing.
[14:52:04.406] [1] [WARNING] [BetterInfoCards] Skipping DrawText replay because the captured TextStyleSetting is missing.
[14:52:04.422] [1] [WARNING] [BetterInfoCards] Skipping DrawText replay because the captured TextStyleSetting is missing.
[14:52:04.439] [1] [WARNING] [BetterInfoCards] Skipping DrawText replay because the captured TextStyleSetting is missing.
[14:52:04.455] [1] [WARNING] [BetterInfoCards] Skipping DrawText replay because the captured TextStyleSetting is missing.
[14:52:04.472] [1] [WARNING] [BetterInfoCards] Skipping DrawText replay because the captured TextStyleSetting is missing.
[14:52:04.489] [1] [WARNING] [BetterInfoCards] Skipping DrawText replay because the captured TextStyleSetting is missing.
[14:52:04.505] [1] [WARNING] [BetterInfoCards] Skipping DrawText replay because the captured TextStyleSetting is missing.
[14:52:04.523] [1] [WARNING] [BetterInfoCards] Skipping DrawText replay because the captured TextStyleSetting is missing.
[14:52:04.540] [1] [WARNING] [BetterInfoCards] Skipping DrawText replay because the captured TextStyleSetting is missing.
[14:52:04.556] [1] [WARNING] [BetterInfoCards] Skipping DrawText replay because the captured TextStyleSetting is missing.
[14:52:04.573] [1] [WARNING] [BetterInfoCards] Skipping DrawText replay because the captured TextStyleSetting is missing.
[14:52:04.589] [1] [WARNING] [BetterInfoCards] Skipping DrawText replay because the captured TextStyleSetting is missing.
[14:52:04.606] [1] [WARNING] [BetterInfoCards] Skipping DrawText replay because the captured TextStyleSetting is missing.
[14:52:04.623] [1] [WARNING] [BetterInfoCards] Skipping DrawText replay because the captured TextStyleSetting is missing.
[14:52:04.639] [1] [WARNING] [BetterInfoCards] Skipping DrawText replay because the captured TextStyleSetting is missing.
[14:52:04.656] [1] [WARNING] [BetterInfoCards] Skipping DrawText replay because the captured TextStyleSetting is missing.
[14:52:04.673] [1] [WARNING] [BetterInfoCards] Skipping DrawText replay because the captured TextStyleSetting is missing.
[14:52:04.689] [1] [WARNING] [BetterInfoCards] Skipping DrawText replay because the captured TextStyleSetting is missing.
[14:52:04.706] [1] [WARNING] [BetterInfoCards] Skipping DrawText replay because the captured TextStyleSetting is missing.
[14:52:04.722] [1] [WARNING] [BetterInfoCards] Skipping DrawText replay because the captured TextStyleSetting is missing.
[14:52:04.739] [1] [WARNING] [BetterInfoCards] Skipping DrawText replay because the captured TextStyleSetting is missing.
[14:52:04.756] [1] [WARNING] [BetterInfoCards] Skipping DrawText replay because the captured TextStyleSetting is missing.
[14:52:04.773] [1] [WARNING] [BetterInfoCards] Skipping DrawText replay because the captured TextStyleSetting is missing.
[14:52:04.789] [1] [WARNING] [BetterInfoCards] Skipping DrawText replay because the captured TextStyleSetting is missing.
[14:52:04.806] [1] [WARNING] [BetterInfoCards] Skipping DrawText replay because the captured TextStyleSetting is missing.
[14:52:04.822] [1] [WARNING] [BetterInfoCards] Skipping DrawText replay because the captured TextStyleSetting is missing.
[14:52:04.840] [1] [WARNING] [BetterInfoCards] Skipping DrawText replay because the captured TextStyleSetting is missing.
[14:52:04.856] [1] [WARNING] [BetterInfoCards] Skipping DrawText replay because the captured TextStyleSetting is missing.
[14:52:04.872] [1] [WARNING] [BetterInfoCards] Skipping DrawText replay because the captured TextStyleSetting is missing.
[14:52:04.890] [1] [WARNING] [BetterInfoCards] Skipping DrawText replay because the captured TextStyleSetting is missing.
[14:52:04.906] [1] [WARNING] [BetterInfoCards] Skipping DrawText replay because the captured TextStyleSetting is missing.
[14:52:04.922] [1] [WARNING] [BetterInfoCards] Skipping DrawText replay because the captured TextStyleSetting is missing.
[14:52:04.938] [1] [WARNING] [BetterInfoCards] Skipping DrawText replay because the captured TextStyleSetting is missing.
[14:52:04.955] [1] [WARNING] [BetterInfoCards] Skipping DrawText replay because the captured TextStyleSetting is missing.
[14:52:04.973] [1] [WARNING] [BetterInfoCards] Skipping DrawText replay because the captured TextStyleSetting is missing.
[14:52:04.989] [1] [WARNING] [BetterInfoCards] Skipping DrawText replay because the captured TextStyleSetting is missing.
[14:52:05.006] [1] [WARNING] [BetterInfoCards] Skipping DrawText replay because the captured TextStyleSetting is missing.
[14:52:05.022] [1] [WARNING] [BetterInfoCards] Skipping DrawText replay because the captured TextStyleSetting is missing.
[14:52:05.042] [1] [WARNING] [BetterInfoCards] Skipping DrawText replay because the captured TextStyleSetting is missing.
[14:52:05.055] [1] [WARNING] [BetterInfoCards] Skipping DrawText replay because the captured TextStyleSetting is missing.
[14:52:05.072] [1] [WARNING] [BetterInfoCards] Skipping DrawText replay because the captured TextStyleSetting is missing.
[14:52:05.089] [1] [WARNING] [BetterInfoCards] Skipping DrawText replay because the captured TextStyleSetting is missing.
[14:52:05.107] [1] [WARNING] [BetterInfoCards] Skipping DrawText replay because the captured TextStyleSetting is missing.
[14:52:05.122] [1] [WARNING] [BetterInfoCards] Skipping DrawText replay because the captured TextStyleSetting is missing.
[14:52:05.139] [1] [WARNING] [BetterInfoCards] Skipping DrawText replay because the captured TextStyleSetting is missing.
[14:52:05.155] [1] [WARNING] [BetterInfoCards] Skipping DrawText replay because the captured TextStyleSetting is missing.
[14:52:05.172] [1] [WARNING] [BetterInfoCards] Skipping DrawText replay because the captured TextStyleSetting is missing.
[14:52:05.189] [1] [WARNING] [BetterInfoCards] Skipping DrawText replay because the captured TextStyleSetting is missing.
[14:52:05.206] [1] [WARNING] [BetterInfoCards] Skipping DrawText replay because the captured TextStyleSetting is missing.
[14:52:05.223] [1] [WARNING] [BetterInfoCards] Skipping DrawText replay because the captured TextStyleSetting is missing.
[14:52:05.239] [1] [WARNING] [BetterInfoCards] Skipping DrawText replay because the captured TextStyleSetting is missing.
[14:52:05.256] [1] [WARNING] [BetterInfoCards] Skipping DrawText replay because the captured TextStyleSetting is missing.
[14:52:05.273] [1] [WARNING] [BetterInfoCards] Skipping DrawText replay because the captured TextStyleSetting is missing.
[14:52:05.289] [1] [WARNING] [BetterInfoCards] Skipping DrawText replay because the captured TextStyleSetting is missing.
[14:52:05.306] [1] [WARNING] [BetterInfoCards] Skipping DrawText replay because the captured TextStyleSetting is missing.
[14:52:05.323] [1] [WARNING] [BetterInfoCards] Skipping DrawText replay because the captured TextStyleSetting is missing.
[14:52:05.340] [1] [WARNING] [BetterInfoCards] Skipping DrawText replay because the captured TextStyleSetting is missing.
[14:52:05.355] [1] [WARNING] [BetterInfoCards] Skipping DrawText replay because the captured TextStyleSetting is missing.
[14:52:05.372] [1] [WARNING] [BetterInfoCards] Skipping DrawText replay because the captured TextStyleSetting is missing.
[14:52:05.388] [1] [WARNING] [BetterInfoCards] Skipping DrawText replay because the captured TextStyleSetting is missing.
[14:52:05.406] [1] [WARNING] [BetterInfoCards] Skipping DrawText replay because the captured TextStyleSetting is missing.
[14:52:05.423] [1] [WARNING] [BetterInfoCards] Skipping DrawText replay because the captured TextStyleSetting is missing.
[14:52:05.439] [1] [WARNING] [BetterInfoCards] Skipping DrawText replay because the captured TextStyleSetting is missing.
[14:52:05.455] [1] [WARNING] [BetterInfoCards] Skipping DrawText replay because the captured TextStyleSetting is missing.
[14:52:05.473] [1] [WARNING] [BetterInfoCards] Skipping DrawText replay because the captured TextStyleSetting is missing.
[14:52:05.489] [1] [WARNING] [BetterInfoCards] Skipping DrawText replay because the captured TextStyleSetting is missing.
[14:52:05.506] [1] [WARNING] [BetterInfoCards] Skipping DrawText replay because the captured TextStyleSetting is missing.
[14:52:05.522] [1] [WARNING] [BetterInfoCards] Skipping DrawText replay because the captured TextStyleSetting is missing.
[14:52:05.539] [1] [WARNING] [BetterInfoCards] Skipping DrawText replay because the captured TextStyleSetting is missing.
[14:52:05.555] [1] [WARNING] [BetterInfoCards] Skipping DrawText replay because the captured TextStyleSetting is missing.
[14:52:05.573] [1] [WARNING] [BetterInfoCards] Skipping DrawText replay because the captured TextStyleSetting is missing.
[14:52:05.589] [1] [WARNING] [BetterInfoCards] Skipping DrawText replay because the captured TextStyleSetting is missing.
[14:52:05.605] [1] [WARNING] [BetterInfoCards] Skipping DrawText replay because the captured TextStyleSetting is missing.
[14:52:05.622] [1] [WARNING] [BetterInfoCards] Skipping DrawText replay because the captured TextStyleSetting is missing.
[14:52:05.640] [1] [WARNING] [BetterInfoCards] Skipping DrawText replay because the captured TextStyleSetting is missing.
[14:52:05.657] [1] [WARNING] [BetterInfoCards] Skipping DrawText replay because the captured TextStyleSetting is missing.
[14:52:05.673] [1] [WARNING] [BetterInfoCards] Skipping DrawText replay because the captured TextStyleSetting is missing.
[14:52:05.689] [1] [WARNING] [BetterInfoCards] Skipping DrawText replay because the captured TextStyleSetting is missing.
[14:52:05.706] [1] [WARNING] [BetterInfoCards] Skipping DrawText replay because the captured TextStyleSetting is missing.
[14:52:05.723] [1] [WARNING] [BetterInfoCards] Skipping DrawText replay because the captured TextStyleSetting is missing.
[14:52:05.739] [1] [WARNING] [BetterInfoCards] Skipping DrawText replay because the captured TextStyleSetting is missing.
[14:52:05.755] [1] [WARNING] [BetterInfoCards] Skipping DrawText replay because the captured TextStyleSetting is missing.
[14:52:05.772] [1] [WARNING] [BetterInfoCards] Skipping DrawText replay because the captured TextStyleSetting is missing.
[14:52:05.790] [1] [WARNING] [BetterInfoCards] Skipping DrawText replay because the captured TextStyleSetting is missing.
[14:52:05.806] [1] [WARNING] [BetterInfoCards] Skipping DrawText replay because the captured TextStyleSetting is missing.
[14:52:05.822] [1] [WARNING] [BetterInfoCards] Skipping DrawText replay because the captured TextStyleSetting is missing.
[14:52:05.839] [1] [WARNING] [BetterInfoCards] Skipping DrawText replay because the captured TextStyleSetting is missing.
[14:52:05.856] [1] [WARNING] [BetterInfoCards] Skipping DrawText replay because the captured TextStyleSetting is missing.
[14:52:05.872] [1] [WARNING] [BetterInfoCards] Skipping DrawText replay because the captured TextStyleSetting is missing.
[14:52:05.889] [1] [WARNING] [BetterInfoCards] Skipping DrawText replay because the captured TextStyleSetting is missing.
[14:52:05.905] [1] [WARNING] [BetterInfoCards] Skipping DrawText replay because the captured TextStyleSetting is missing.
[14:52:05.922] [1] [WARNING] [BetterInfoCards] Skipping DrawText replay because the captured TextStyleSetting is missing.
[14:52:05.939] [1] [WARNING] [BetterInfoCards] Skipping DrawText replay because the captured TextStyleSetting is missing.
[14:52:05.956] [1] [WARNING] [BetterInfoCards] Skipping DrawText replay because the captured TextStyleSetting is missing.
[14:52:05.973] [1] [WARNING] [BetterInfoCards] Skipping DrawText replay because the captured TextStyleSetting is missing.
[14:52:05.989] [1] [WARNING] [BetterInfoCards] Skipping DrawText replay because the captured TextStyleSetting is missing.
[14:52:06.006] [1] [WARNING] [BetterInfoCards] Skipping DrawText replay because the captured TextStyleSetting is missing.
[14:52:06.022] [1] [WARNING] [BetterInfoCards] Skipping DrawText replay because the captured TextStyleSetting is missing.
[14:52:06.039] [1] [WARNING] [BetterInfoCards] Skipping DrawText replay because the captured TextStyleSetting is missing.
[14:52:06.055] [1] [WARNING] [BetterInfoCards] Skipping DrawText replay because the captured TextStyleSetting is missing.
[14:52:06.072] [1] [WARNING] [BetterInfoCards] Skipping DrawText replay because the captured TextStyleSetting is missing.
[14:52:06.089] [1] [WARNING] [BetterInfoCards] Skipping DrawText replay because the captured TextStyleSetting is missing.
[14:52:06.105] [1] [WARNING] [BetterInfoCards] Skipping DrawText replay because the captured TextStyleSetting is missing.
[14:52:06.122] [1] [WARNING] [BetterInfoCards] Skipping DrawText replay because the captured TextStyleSetting is missing.
[14:52:06.138] [1] [WARNING] [BetterInfoCards] Skipping DrawText replay because the captured TextStyleSetting is missing.
[14:52:06.156] [1] [WARNING] [BetterInfoCards] Skipping DrawText replay because the captured TextStyleSetting is missing.
[14:52:06.172] [1] [WARNING] [BetterInfoCards] Skipping DrawText replay because the captured TextStyleSetting is missing.
[14:52:06.188] [1] [WARNING] [BetterInfoCards] Skipping DrawText replay because the captured TextStyleSetting is missing.
[14:52:06.205] [1] [WARNING] [BetterInfoCards] Skipping DrawText replay because the captured TextStyleSetting is missing.
[14:52:06.222] [1] [WARNING] [BetterInfoCards] Skipping DrawText replay because the captured TextStyleSetting is missing.
[14:52:06.239] [1] [WARNING] [BetterInfoCards] Skipping DrawText replay because the captured TextStyleSetting is missing.
[14:52:06.256] [1] [WARNING] [BetterInfoCards] Skipping DrawText replay because the captured TextStyleSetting is missing.
[14:52:06.273] [1] [WARNING] [BetterInfoCards] Skipping DrawText replay because the captured TextStyleSetting is missing.
[14:52:06.293] [1] [WARNING] [BetterInfoCards] Skipping DrawText replay because the captured TextStyleSetting is missing.
[14:52:06.306] [1] [WARNING] [BetterInfoCards] Skipping DrawText replay because the captured TextStyleSetting is missing.
[14:52:06.322] [1] [WARNING] [BetterInfoCards] Skipping DrawText replay because the captured TextStyleSetting is missing.
[14:52:06.339] [1] [WARNING] [BetterInfoCards] Skipping DrawText replay because the captured TextStyleSetting is missing.
[14:52:06.356] [1] [WARNING] [BetterInfoCards] Skipping DrawText replay because the captured TextStyleSetting is missing.
[14:52:06.373] [1] [WARNING] [BetterInfoCards] Skipping DrawText replay because the captured TextStyleSetting is missing.
[14:52:06.389] [1] [WARNING] [BetterInfoCards] Skipping DrawText replay because the captured TextStyleSetting is missing.
[14:52:06.406] [1] [WARNING] [BetterInfoCards] Skipping DrawText replay because the captured TextStyleSetting is missing.
[14:52:06.422] [1] [WARNING] [BetterInfoCards] Skipping DrawText replay because the captured TextStyleSetting is missing.
[14:52:06.440] [1] [WARNING] [BetterInfoCards] Skipping DrawText replay because the captured TextStyleSetting is missing.
[14:52:06.456] [1] [WARNING] [BetterInfoCards] Skipping DrawText replay because the captured TextStyleSetting is missing.
[14:52:06.472] [1] [WARNING] [BetterInfoCards] Skipping DrawText replay because the captured TextStyleSetting is missing.
[14:52:06.489] [1] [WARNING] [BetterInfoCards] Skipping DrawText replay because the captured TextStyleSetting is missing.
[14:52:06.505] [1] [WARNING] [BetterInfoCards] Skipping DrawText replay because the captured TextStyleSetting is missing.
[14:52:06.523] [1] [WARNING] [BetterInfoCards] Skipping DrawText replay because the captured TextStyleSetting is missing.
[14:52:06.539] [1] [WARNING] [BetterInfoCards] Skipping DrawText replay because the captured TextStyleSetting is missing.
[14:52:06.556] [1] [WARNING] [BetterInfoCards] Skipping DrawText replay because the captured TextStyleSetting is missing.
[14:52:06.572] [1] [WARNING] [BetterInfoCards] Skipping DrawText replay because the captured TextStyleSetting is missing.
[14:52:06.590] [1] [WARNING] [BetterInfoCards] Skipping DrawText replay because the captured TextStyleSetting is missing.
[14:52:06.606] [1] [WARNING] [BetterInfoCards] Skipping DrawText replay because the captured TextStyleSetting is missing.
[14:52:06.622] [1] [WARNING] [BetterInfoCards] Skipping DrawText replay because the captured TextStyleSetting is missing.
[14:52:06.639] [1] [WARNING] [BetterInfoCards] Skipping DrawText replay because the captured TextStyleSetting is missing.
[14:52:06.656] [1] [WARNING] [BetterInfoCards] Skipping DrawText replay because the captured TextStyleSetting is missing.
[14:52:06.673] [1] [WARNING] [BetterInfoCards] Skipping DrawText replay because the captured TextStyleSetting is missing.
[14:52:06.690] [1] [WARNING] [BetterInfoCards] Skipping DrawText replay because the captured TextStyleSetting is missing.
[14:52:06.706] [1] [WARNING] [BetterInfoCards] Skipping DrawText replay because the captured TextStyleSetting is missing.
[14:52:06.722] [1] [WARNING] [BetterInfoCards] Skipping DrawText replay because the captured TextStyleSetting is missing.
[14:52:06.740] [1] [WARNING] [BetterInfoCards] Skipping DrawText replay because the captured TextStyleSetting is missing.
[14:52:06.755] [1] [WARNING] [BetterInfoCards] Skipping DrawText replay because the captured TextStyleSetting is missing.
[14:52:06.773] [1] [WARNING] [BetterInfoCards] Skipping DrawText replay because the captured TextStyleSetting is missing.
[14:52:06.790] [1] [WARNING] [BetterInfoCards] Skipping DrawText replay because the captured TextStyleSetting is missing.
[14:52:06.806] [1] [WARNING] [BetterInfoCards] Skipping DrawText replay because the captured TextStyleSetting is missing.
[14:52:06.823] [1] [WARNING] [BetterInfoCards] Skipping DrawText replay because the captured TextStyleSetting is missing.
[14:52:06.839] [1] [WARNING] [BetterInfoCards] Skipping DrawText replay because the captured TextStyleSetting is missing.
[14:52:06.856] [1] [WARNING] [BetterInfoCards] Skipping DrawText replay because the captured TextStyleSetting is missing.
[14:52:06.872] [1] [WARNING] [BetterInfoCards] Skipping DrawText replay because the captured TextStyleSetting is missing.
[14:52:06.889] [1] [WARNING] [BetterInfoCards] Skipping DrawText replay because the captured TextStyleSetting is missing.
[14:52:06.906] [1] [WARNING] [BetterInfoCards] Skipping DrawText replay because the captured TextStyleSetting is missing.
[14:52:06.923] [1] [WARNING] [BetterInfoCards] Skipping DrawText replay because the captured TextStyleSetting is missing.
[14:52:06.939] [1] [WARNING] [BetterInfoCards] Skipping DrawText replay because the captured TextStyleSetting is missing.
[14:52:06.956] [1] [WARNING] [BetterInfoCards] Skipping DrawText replay because the captured TextStyleSetting is missing.
[14:52:06.973] [1] [WARNING] [BetterInfoCards] Skipping DrawText replay because the captured TextStyleSetting is missing.
[14:52:06.988] [1] [WARNING] [BetterInfoCards] Skipping DrawText replay because the captured TextStyleSetting is missing.
[14:52:07.007] [1] [WARNING] [BetterInfoCards] Skipping DrawText replay because the captured TextStyleSetting is missing.
[14:52:07.023] [1] [WARNING] [BetterInfoCards] Skipping DrawText replay because the captured TextStyleSetting is missing.
[14:52:07.039] [1] [WARNING] [BetterInfoCards] Skipping DrawText replay because the captured TextStyleSetting is missing.
[14:52:07.055] [1] [WARNING] [BetterInfoCards] Skipping DrawText replay because the captured TextStyleSetting is missing.
[14:52:07.072] [1] [WARNING] [BetterInfoCards] Skipping DrawText replay because the captured TextStyleSetting is missing.
[14:52:07.088] [1] [WARNING] [BetterInfoCards] Skipping DrawText replay because the captured TextStyleSetting is missing.
[14:52:07.106] [1] [WARNING] [BetterInfoCards] Skipping DrawText replay because the captured TextStyleSetting is missing.
[14:52:07.121] [1] [WARNING] [BetterInfoCards] Skipping DrawText replay because the captured TextStyleSetting is missing.
[14:52:07.139] [1] [WARNING] [BetterInfoCards] Skipping DrawText replay because the captured TextStyleSetting is missing.
[14:52:07.155] [1] [WARNING] [BetterInfoCards] Skipping DrawText replay because the captured TextStyleSetting is missing.
[14:52:07.173] [1] [WARNING] [BetterInfoCards] Skipping DrawText replay because the captured TextStyleSetting is missing.
[14:52:07.189] [1] [WARNING] [BetterInfoCards] Skipping DrawText replay because the captured TextStyleSetting is missing.
[14:52:07.206] [1] [WARNING] [BetterInfoCards] Skipping DrawText replay because the captured TextStyleSetting is missing.
[14:52:07.222] [1] [WARNING] [BetterInfoCards] Skipping DrawText replay because the captured TextStyleSetting is missing.
[14:52:07.240] [1] [WARNING] [BetterInfoCards] Skipping DrawText replay because the captured TextStyleSetting is missing.
[14:52:07.256] [1] [WARNING] [BetterInfoCards] Skipping DrawText replay because the captured TextStyleSetting is missing.
[14:52:07.272] [1] [WARNING] [BetterInfoCards] Skipping DrawText replay because the captured TextStyleSetting is missing.
[14:52:07.289] [1] [WARNING] [BetterInfoCards] Skipping DrawText replay because the captured TextStyleSetting is missing.
[14:52:07.306] [1] [WARNING] [BetterInfoCards] Skipping DrawText replay because the captured TextStyleSetting is missing.
[14:52:07.323] [1] [WARNING] [BetterInfoCards] Skipping DrawText replay because the captured TextStyleSetting is missing.
[14:52:07.342] [1] [WARNING] [BetterInfoCards] Skipping DrawText replay because the captured TextStyleSetting is missing.
[14:52:07.356] [1] [WARNING] [BetterInfoCards] Skipping DrawText replay because the captured TextStyleSetting is missing.
[14:52:07.373] [1] [WARNING] [BetterInfoCards] Skipping DrawText replay because the captured TextStyleSetting is missing.
[14:52:07.392] [1] [WARNING] [BetterInfoCards] Skipping DrawText replay because the captured TextStyleSetting is missing.
[14:52:07.409] [1] [WARNING] [BetterInfoCards] Skipping DrawText replay because the captured TextStyleSetting is missing.
[14:52:07.422] [1] [WARNING] [BetterInfoCards] Skipping DrawText replay because the captured TextStyleSetting is missing.
[14:52:07.439] [1] [WARNING] [BetterInfoCards] Skipping DrawText replay because the captured TextStyleSetting is missing.
[14:52:07.455] [1] [WARNING] [BetterInfoCards] Skipping DrawText replay because the captured TextStyleSetting is missing.
[14:52:07.473] [1] [WARNING] [BetterInfoCards] Skipping DrawText replay because the captured TextStyleSetting is missing.
[14:52:07.489] [1] [WARNING] [BetterInfoCards] Skipping DrawText replay because the captured TextStyleSetting is missing.
[14:52:07.506] [1] [WARNING] [BetterInfoCards] Skipping DrawText replay because the captured TextStyleSetting is missing.
[14:52:07.522] [1] [WARNING] [BetterInfoCards] Skipping DrawText replay because the captured TextStyleSetting is missing.
[14:52:07.539] [1] [WARNING] [BetterInfoCards] Skipping DrawText replay because the captured TextStyleSetting is missing.
[14:52:07.556] [1] [WARNING] [BetterInfoCards] Skipping DrawText replay because the captured TextStyleSetting is missing.
[14:52:07.573] [1] [WARNING] [BetterInfoCards] Skipping DrawText replay because the captured TextStyleSetting is missing.
[14:52:07.590] [1] [WARNING] [BetterInfoCards] Skipping DrawText replay because the captured TextStyleSetting is missing.
[14:52:07.606] [1] [WARNING] [BetterInfoCards] Skipping DrawText replay because the captured TextStyleSetting is missing.
[14:52:07.623] [1] [WARNING] [BetterInfoCards] Skipping DrawText replay because the captured TextStyleSetting is missing.
[14:52:07.639] [1] [WARNING] [BetterInfoCards] Skipping DrawText replay because the captured TextStyleSetting is missing.
[14:52:07.655] [1] [WARNING] [BetterInfoCards] Skipping DrawText replay because the captured TextStyleSetting is missing.
[14:52:07.673] [1] [WARNING] [BetterInfoCards] Skipping DrawText replay because the captured TextStyleSetting is missing.
[14:52:07.689] [1] [WARNING] [BetterInfoCards] Skipping DrawText replay because the captured TextStyleSetting is missing.
[14:52:07.707] [1] [WARNING] [BetterInfoCards] Skipping DrawText replay because the captured TextStyleSetting is missing.
[14:52:07.723] [1] [WARNING] [BetterInfoCards] Skipping DrawText replay because the captured TextStyleSetting is missing.
[14:52:07.739] [1] [WARNING] [BetterInfoCards] Skipping DrawText replay because the captured TextStyleSetting is missing.
[14:52:07.756] [1] [WARNING] [BetterInfoCards] Skipping DrawText replay because the captured TextStyleSetting is missing.
[14:52:07.773] [1] [WARNING] [BetterInfoCards] Skipping DrawText replay because the captured TextStyleSetting is missing.
[14:52:07.789] [1] [WARNING] [BetterInfoCards] Skipping DrawText replay because the captured TextStyleSetting is missing.
[14:52:07.806] [1] [WARNING] [BetterInfoCards] Skipping DrawText replay because the captured TextStyleSetting is missing.
[14:52:07.822] [1] [WARNING] [BetterInfoCards] Skipping DrawText replay because the captured TextStyleSetting is missing.
[14:52:07.840] [1] [WARNING] [BetterInfoCards] Skipping DrawText replay because the captured TextStyleSetting is missing.
[14:52:07.855] [1] [WARNING] [BetterInfoCards] Skipping DrawText replay because the captured TextStyleSetting is missing.
[14:52:07.872] [1] [WARNING] [BetterInfoCards] Skipping DrawText replay because the captured TextStyleSetting is missing.
[14:52:07.889] [1] [WARNING] [BetterInfoCards] Skipping DrawText replay because the captured TextStyleSetting is missing.
[14:52:07.906] [1] [WARNING] [BetterInfoCards] Skipping DrawText replay because the captured TextStyleSetting is missing.
[14:52:07.923] [1] [WARNING] [BetterInfoCards] Skipping DrawText replay because the captured TextStyleSetting is missing.
[14:52:07.939] [1] [WARNING] [BetterInfoCards] Skipping DrawText replay because the captured TextStyleSetting is missing.
[14:52:07.955] [1] [WARNING] [BetterInfoCards] Skipping DrawText replay because the captured TextStyleSetting is missing.
[14:52:07.973] [1] [WARNING] [BetterInfoCards] Skipping DrawText replay because the captured TextStyleSetting is missing.
[14:52:07.989] [1] [WARNING] [BetterInfoCards] Skipping DrawText replay because the captured TextStyleSetting is missing.
[14:52:08.006] [1] [WARNING] [BetterInfoCards] Skipping DrawText replay because the captured TextStyleSetting is missing.
[14:52:08.023] [1] [WARNING] [BetterInfoCards] Skipping DrawText replay because the captured TextStyleSetting is missing.
[14:52:08.039] [1] [WARNING] [BetterInfoCards] Skipping DrawText replay because the captured TextStyleSetting is missing.
[14:52:08.056] [1] [WARNING] [BetterInfoCards] Skipping DrawText replay because the captured TextStyleSetting is missing.
[14:52:08.072] [1] [WARNING] [BetterInfoCards] Skipping DrawText replay because the captured TextStyleSetting is missing.
[14:52:08.089] [1] [WARNING] [BetterInfoCards] Skipping DrawText replay because the captured TextStyleSetting is missing.
[14:52:08.105] [1] [WARNING] [BetterInfoCards] Skipping DrawText replay because the captured TextStyleSetting is missing.
[14:52:08.122] [1] [WARNING] [BetterInfoCards] Skipping DrawText replay because the captured TextStyleSetting is missing.
[14:52:08.139] [1] [WARNING] [BetterInfoCards] Skipping DrawText replay because the captured TextStyleSetting is missing.
[14:52:08.156] [1] [WARNING] [BetterInfoCards] Skipping DrawText replay because the captured TextStyleSetting is missing.
[14:52:08.172] [1] [WARNING] [BetterInfoCards] Skipping DrawText replay because the captured TextStyleSetting is missing.
[14:52:08.189] [1] [WARNING] [BetterInfoCards] Skipping DrawText replay because the captured TextStyleSetting is missing.
[14:52:08.206] [1] [WARNING] [BetterInfoCards] Skipping DrawText replay because the captured TextStyleSetting is missing.
[14:52:08.222] [1] [WARNING] [BetterInfoCards] Skipping DrawText replay because the captured TextStyleSetting is missing.
[14:52:08.239] [1] [WARNING] [BetterInfoCards] Skipping DrawText replay because the captured TextStyleSetting is missing.
[14:52:08.255] [1] [WARNING] [BetterInfoCards] Skipping DrawText replay because the captured TextStyleSetting is missing.
[14:52:08.272] [1] [WARNING] [BetterInfoCards] Skipping DrawText replay because the captured TextStyleSetting is missing.
[14:52:08.289] [1] [WARNING] [BetterInfoCards] Skipping DrawText replay because the captured TextStyleSetting is missing.
[14:52:08.305] [1] [WARNING] [BetterInfoCards] Skipping DrawText replay because the captured TextStyleSetting is missing.
[14:52:08.322] [1] [WARNING] [BetterInfoCards] Skipping DrawText replay because the captured TextStyleSetting is missing.
[14:52:08.338] [1] [WARNING] [BetterInfoCards] Skipping DrawText replay because the captured TextStyleSetting is missing.
[14:52:08.356] [1] [WARNING] [BetterInfoCards] Skipping DrawText replay because the captured TextStyleSetting is missing.
[14:52:08.372] [1] [WARNING] [BetterInfoCards] Skipping DrawText replay because the captured TextStyleSetting is missing.
[14:52:08.388] [1] [WARNING] [BetterInfoCards] Skipping DrawText replay because the captured TextStyleSetting is missing.
[14:52:08.405] [1] [WARNING] [BetterInfoCards] Skipping DrawText replay because the captured TextStyleSetting is missing.
[14:52:08.422] [1] [WARNING] [BetterInfoCards] Skipping DrawText replay because the captured TextStyleSetting is missing.
[14:52:08.439] [1] [WARNING] [BetterInfoCards] Skipping DrawText replay because the captured TextStyleSetting is missing.
[14:52:08.456] [1] [WARNING] [BetterInfoCards] Skipping DrawText replay because the captured TextStyleSetting is missing.
[14:52:08.472] [1] [WARNING] [BetterInfoCards] Skipping DrawText replay because the captured TextStyleSetting is missing.
[14:52:08.488] [1] [WARNING] [BetterInfoCards] Skipping DrawText replay because the captured TextStyleSetting is missing.
[14:52:08.505] [1] [WARNING] [BetterInfoCards] Skipping DrawText replay because the captured TextStyleSetting is missing.
[14:52:08.522] [1] [WARNING] [BetterInfoCards] Skipping DrawText replay because the captured TextStyleSetting is missing.
[14:52:08.539] [1] [WARNING] [BetterInfoCards] Skipping DrawText replay because the captured TextStyleSetting is missing.
[14:52:08.555] [1] [WARNING] [BetterInfoCards] Skipping DrawText replay because the captured TextStyleSetting is missing.
[14:52:08.572] [1] [WARNING] [BetterInfoCards] Skipping DrawText replay because the captured TextStyleSetting is missing.
[14:52:08.589] [1] [WARNING] [BetterInfoCards] Skipping DrawText replay because the captured TextStyleSetting is missing.
[14:52:08.606] [1] [WARNING] [BetterInfoCards] Skipping DrawText replay because the captured TextStyleSetting is missing.
[14:52:08.622] [1] [WARNING] [BetterInfoCards] Skipping DrawText replay because the captured TextStyleSetting is missing.
[14:52:08.639] [1] [WARNING] [BetterInfoCards] Skipping DrawText replay because the captured TextStyleSetting is missing.
[14:52:08.655] [1] [WARNING] [BetterInfoCards] Skipping DrawText replay because the captured TextStyleSetting is missing.
[14:52:08.673] [1] [WARNING] [BetterInfoCards] Skipping DrawText replay because the captured TextStyleSetting is missing.
[14:52:08.689] [1] [WARNING] [BetterInfoCards] Skipping DrawText replay because the captured TextStyleSetting is missing.
[14:52:08.706] [1] [WARNING] [BetterInfoCards] Skipping DrawText replay because the captured TextStyleSetting is missing.
[14:52:08.723] [1] [WARNING] [BetterInfoCards] Skipping DrawText replay because the captured TextStyleSetting is missing.
[14:52:08.739] [1] [WARNING] [BetterInfoCards] Skipping DrawText replay because the captured TextStyleSetting is missing.
[14:52:08.754] [1] [WARNING] [BetterInfoCards] Skipping DrawText replay because the captured TextStyleSetting is missing.
[14:52:08.772] [1] [WARNING] [BetterInfoCards] Skipping DrawText replay because the captured TextStyleSetting is missing.
[14:52:08.789] [1] [WARNING] [BetterInfoCards] Skipping DrawText replay because the captured TextStyleSetting is missing.
[14:52:08.805] [1] [WARNING] [BetterInfoCards] Skipping DrawText replay because the captured TextStyleSetting is missing.
[14:52:08.822] [1] [WARNING] [BetterInfoCards] Skipping DrawText replay because the captured TextStyleSetting is missing.
[14:52:08.839] [1] [WARNING] [BetterInfoCards] Skipping DrawText replay because the captured TextStyleSetting is missing.
[14:52:08.855] [1] [WARNING] [BetterInfoCards] Skipping DrawText replay because the captured TextStyleSetting is missing.
[14:52:08.872] [1] [WARNING] [BetterInfoCards] Skipping DrawText replay because the captured TextStyleSetting is missing.
[14:52:08.888] [1] [WARNING] [BetterInfoCards] Skipping DrawText replay because the captured TextStyleSetting is missing.
[14:52:08.905] [1] [WARNING] [BetterInfoCards] Skipping DrawText replay because the captured TextStyleSetting is missing.
[14:52:08.922] [1] [WARNING] [BetterInfoCards] Skipping DrawText replay because the captured TextStyleSetting is missing.
[14:52:08.939] [1] [WARNING] [BetterInfoCards] Skipping DrawText replay because the captured TextStyleSetting is missing.
[14:52:08.956] [1] [WARNING] [BetterInfoCards] Skipping DrawText replay because the captured TextStyleSetting is missing.
[14:52:08.972] [1] [WARNING] [BetterInfoCards] Skipping DrawText replay because the captured TextStyleSetting is missing.
[14:52:08.989] [1] [WARNING] [BetterInfoCards] Skipping DrawText replay because the captured TextStyleSetting is missing.
[14:52:09.005] [1] [WARNING] [BetterInfoCards] Skipping DrawText replay because the captured TextStyleSetting is missing.
[14:52:09.022] [1] [WARNING] [BetterInfoCards] Skipping DrawText replay because the captured TextStyleSetting is missing.
[14:52:09.038] [1] [WARNING] [BetterInfoCards] Skipping DrawText replay because the captured TextStyleSetting is missing.
[14:52:09.056] [1] [WARNING] [BetterInfoCards] Skipping DrawText replay because the captured TextStyleSetting is missing.
[14:52:09.071] [1] [WARNING] [BetterInfoCards] Skipping DrawText replay because the captured TextStyleSetting is missing.
[14:52:09.089] [1] [WARNING] [BetterInfoCards] Skipping DrawText replay because the captured TextStyleSetting is missing.
[14:52:09.106] [1] [WARNING] [BetterInfoCards] Skipping DrawText replay because the captured TextStyleSetting is missing.
[14:52:09.122] [1] [WARNING] [BetterInfoCards] Skipping DrawText replay because the captured TextStyleSetting is missing.
[14:52:09.138] [1] [WARNING] [BetterInfoCards] Skipping DrawText replay because the captured TextStyleSetting is missing.
[14:52:09.156] [1] [WARNING] [BetterInfoCards] Skipping DrawText replay because the captured TextStyleSetting is missing.
[14:52:09.172] [1] [WARNING] [BetterInfoCards] Skipping DrawText replay because the captured TextStyleSetting is missing.
[14:52:09.188] [1] [WARNING] [BetterInfoCards] Skipping DrawText replay because the captured TextStyleSetting is missing.
[14:52:09.206] [1] [WARNING] [BetterInfoCards] Skipping DrawText replay because the captured TextStyleSetting is missing.
[14:52:09.222] [1] [WARNING] [BetterInfoCards] Skipping DrawText replay because the captured TextStyleSetting is missing.
[14:52:09.240] [1] [WARNING] [BetterInfoCards] Skipping DrawText replay because the captured TextStyleSetting is missing.
[14:52:09.255] [1] [WARNING] [BetterInfoCards] Skipping DrawText replay because the captured TextStyleSetting is missing.
[14:52:09.272] [1] [WARNING] [BetterInfoCards] Skipping DrawText replay because the captured TextStyleSetting is missing.
[14:52:09.288] [1] [WARNING] [BetterInfoCards] Skipping DrawText replay because the captured TextStyleSetting is missing.
[14:52:09.306] [1] [WARNING] [BetterInfoCards] Skipping DrawText replay because the captured TextStyleSetting is missing.
[14:52:09.323] [1] [WARNING] [BetterInfoCards] Skipping DrawText replay because the captured TextStyleSetting is missing.
[14:52:09.339] [1] [WARNING] [BetterInfoCards] Skipping DrawText replay because the captured TextStyleSetting is missing.
[14:52:09.355] [1] [WARNING] [BetterInfoCards] Skipping DrawText replay because the captured TextStyleSetting is missing.
[14:52:09.372] [1] [WARNING] [BetterInfoCards] Skipping DrawText replay because the captured TextStyleSetting is missing.
[14:52:09.389] [1] [WARNING] [BetterInfoCards] Skipping DrawText replay because the captured TextStyleSetting is missing.
[14:52:09.406] [1] [WARNING] [BetterInfoCards] Skipping DrawText replay because the captured TextStyleSetting is missing.
[14:52:09.422] [1] [WARNING] [BetterInfoCards] Skipping DrawText replay because the captured TextStyleSetting is missing.
[14:52:09.439] [1] [WARNING] [BetterInfoCards] Skipping DrawText replay because the captured TextStyleSetting is missing.
[14:52:09.456] [1] [WARNING] [BetterInfoCards] Skipping DrawText replay because the captured TextStyleSetting is missing.
[14:52:09.472] [1] [WARNING] [BetterInfoCards] Skipping DrawText replay because the captured TextStyleSetting is missing.
[14:52:09.489] [1] [WARNING] [BetterInfoCards] Skipping DrawText replay because the captured TextStyleSetting is missing.
[14:52:09.506] [1] [WARNING] [BetterInfoCards] Skipping DrawText replay because the captured TextStyleSetting is missing.
[14:52:09.523] [1] [WARNING] [BetterInfoCards] Skipping DrawText replay because the captured TextStyleSetting is missing.
[14:52:09.539] [1] [WARNING] [BetterInfoCards] Skipping DrawText replay because the captured TextStyleSetting is missing.
[14:52:09.555] [1] [WARNING] [BetterInfoCards] Skipping DrawText replay because the captured TextStyleSetting is missing.
[14:52:09.573] [1] [WARNING] [BetterInfoCards] Skipping DrawText replay because the captured TextStyleSetting is missing.
[14:52:09.591] [1] [WARNING] [BetterInfoCards] Skipping DrawText replay because the captured TextStyleSetting is missing.
[14:52:09.605] [1] [WARNING] [BetterInfoCards] Skipping DrawText replay because the captured TextStyleSetting is missing.
[14:52:09.622] [1] [WARNING] [BetterInfoCards] Skipping DrawText replay because the captured TextStyleSetting is missing.
[14:52:09.639] [1] [WARNING] [BetterInfoCards] Skipping DrawText replay because the captured TextStyleSetting is missing.
[14:52:09.655] [1] [WARNING] [BetterInfoCards] Skipping DrawText replay because the captured TextStyleSetting is missing.
[14:52:09.673] [1] [WARNING] [BetterInfoCards] Skipping DrawText replay because the captured TextStyleSetting is missing.
[14:52:09.688] [1] [WARNING] [BetterInfoCards] Skipping DrawText replay because the captured TextStyleSetting is missing.
[14:52:09.706] [1] [WARNING] [BetterInfoCards] Skipping DrawText replay because the captured TextStyleSetting is missing.
[14:52:09.722] [1] [WARNING] [BetterInfoCards] Skipping DrawText replay because the captured TextStyleSetting is missing.
[14:52:09.739] [1] [WARNING] [BetterInfoCards] Skipping DrawText replay because the captured TextStyleSetting is missing.
[14:52:09.757] [1] [WARNING] [BetterInfoCards] Skipping DrawText replay because the captured TextStyleSetting is missing.
[14:52:09.772] [1] [WARNING] [BetterInfoCards] Skipping DrawText replay because the captured TextStyleSetting is missing.
[14:52:09.789] [1] [WARNING] [BetterInfoCards] Skipping DrawText replay because the captured TextStyleSetting is missing.
[14:52:09.806] [1] [WARNING] [BetterInfoCards] Skipping DrawText replay because the captured TextStyleSetting is missing.
[14:52:09.823] [1] [WARNING] [BetterInfoCards] Skipping DrawText replay because the captured TextStyleSetting is missing.
[14:52:09.839] [1] [WARNING] [BetterInfoCards] Skipping DrawText replay because the captured TextStyleSetting is missing.
[14:52:09.855] [1] [WARNING] [BetterInfoCards] Skipping DrawText replay because the captured TextStyleSetting is missing.
[14:52:09.873] [1] [WARNING] [BetterInfoCards] Skipping DrawText replay because the captured TextStyleSetting is missing.
[14:52:09.890] [1] [WARNING] [BetterInfoCards] Skipping DrawText replay because the captured TextStyleSetting is missing.
[14:52:09.905] [1] [WARNING] [BetterInfoCards] Skipping DrawText replay because the captured TextStyleSetting is missing.
[14:52:09.922] [1] [WARNING] [BetterInfoCards] Skipping DrawText replay because the captured TextStyleSetting is missing.
[14:52:09.939] [1] [WARNING] [BetterInfoCards] Skipping DrawText replay because the captured TextStyleSetting is missing.
[14:52:09.955] [1] [WARNING] [BetterInfoCards] Skipping DrawText replay because the captured TextStyleSetting is missing.
[14:52:09.973] [1] [WARNING] [BetterInfoCards] Skipping DrawText replay because the captured TextStyleSetting is missing.
[14:52:09.993] [1] [WARNING] [BetterInfoCards] Skipping DrawText replay because the captured TextStyleSetting is missing.
[14:52:10.005] [1] [WARNING] [BetterInfoCards] Skipping DrawText replay because the captured TextStyleSetting is missing.
[14:52:10.022] [1] [WARNING] [BetterInfoCards] Skipping DrawText replay because the captured TextStyleSetting is missing.
[14:52:10.040] [1] [WARNING] [BetterInfoCards] Skipping DrawText replay because the captured TextStyleSetting is missing.
[14:52:10.057] [1] [WARNING] [BetterInfoCards] Skipping DrawText replay because the captured TextStyleSetting is missing.
[14:52:10.073] [1] [WARNING] [BetterInfoCards] Skipping DrawText replay because the captured TextStyleSetting is missing.
[14:52:10.090] [1] [WARNING] [BetterInfoCards] Skipping DrawText replay because the captured TextStyleSetting is missing.
[14:52:10.105] [1] [WARNING] [BetterInfoCards] Skipping DrawText replay because the captured TextStyleSetting is missing.
[14:52:10.122] [1] [WARNING] [BetterInfoCards] Skipping DrawText replay because the captured TextStyleSetting is missing.
[14:52:10.139] [1] [WARNING] [BetterInfoCards] Skipping DrawText replay because the captured TextStyleSetting is missing.
[14:52:10.155] [1] [WARNING] [BetterInfoCards] Skipping DrawText replay because the captured TextStyleSetting is missing.
[14:52:10.172] [1] [WARNING] [BetterInfoCards] Skipping DrawText replay because the captured TextStyleSetting is missing.
[14:52:10.190] [1] [WARNING] [BetterInfoCards] Skipping DrawText replay because the captured TextStyleSetting is missing.
[14:52:10.205] [1] [WARNING] [BetterInfoCards] Skipping DrawText replay because the captured TextStyleSetting is missing.
[14:52:10.222] [1] [WARNING] [BetterInfoCards] Skipping DrawText replay because the captured TextStyleSetting is missing.
[14:52:10.239] [1] [WARNING] [BetterInfoCards] Skipping DrawText replay because the captured TextStyleSetting is missing.
[14:52:10.256] [1] [WARNING] [BetterInfoCards] Skipping DrawText replay because the captured TextStyleSetting is missing.
[14:52:10.272] [1] [WARNING] [BetterInfoCards] Skipping DrawText replay because the captured TextStyleSetting is missing.
[14:52:10.289] [1] [WARNING] [BetterInfoCards] Skipping DrawText replay because the captured TextStyleSetting is missing.
[14:52:10.306] [1] [WARNING] [BetterInfoCards] Skipping DrawText replay because the captured TextStyleSetting is missing.
[14:52:10.323] [1] [WARNING] [BetterInfoCards] Skipping DrawText replay because the captured TextStyleSetting is missing.
[14:52:10.339] [1] [WARNING] [BetterInfoCards] Skipping DrawText replay because the captured TextStyleSetting is missing.
[14:52:10.356] [1] [WARNING] [BetterInfoCards] Skipping DrawText replay because the captured TextStyleSetting is missing.
[14:52:10.372] [1] [WARNING] [BetterInfoCards] Skipping DrawText replay because the captured TextStyleSetting is missing.
[14:52:10.389] [1] [WARNING] [BetterInfoCards] Skipping DrawText replay because the captured TextStyleSetting is missing.
[14:52:10.407] [1] [WARNING] [BetterInfoCards] Skipping DrawText replay because the captured TextStyleSetting is missing.
[14:52:10.423] [1] [WARNING] [BetterInfoCards] Skipping DrawText replay because the captured TextStyleSetting is missing.
[14:52:10.439] [1] [WARNING] [BetterInfoCards] Skipping DrawText replay because the captured TextStyleSetting is missing.
[14:52:10.455] [1] [WARNING] [BetterInfoCards] Skipping DrawText replay because the captured TextStyleSetting is missing.
[14:52:10.473] [1] [WARNING] [BetterInfoCards] Skipping DrawText replay because the captured TextStyleSetting is missing.
[14:52:10.490] [1] [WARNING] [BetterInfoCards] Skipping DrawText replay because the captured TextStyleSetting is missing.
[14:52:10.507] [1] [WARNING] [BetterInfoCards] Skipping DrawText replay because the captured TextStyleSetting is missing.
[14:52:10.523] [1] [WARNING] [BetterInfoCards] Skipping DrawText replay because the captured TextStyleSetting is missing.
[14:52:10.538] [1] [WARNING] [BetterInfoCards] Skipping DrawText replay because the captured TextStyleSetting is missing.
[14:52:10.557] [1] [WARNING] [BetterInfoCards] Skipping DrawText replay because the captured TextStyleSetting is missing.
[14:52:10.573] [1] [WARNING] [BetterInfoCards] Skipping DrawText replay because the captured TextStyleSetting is missing.
[14:52:10.588] [1] [WARNING] [BetterInfoCards] Skipping DrawText replay because the captured TextStyleSetting is missing.
[14:52:10.605] [1] [WARNING] [BetterInfoCards] Skipping DrawText replay because the captured TextStyleSetting is missing.
[14:52:10.622] [1] [WARNING] [BetterInfoCards] Skipping DrawText replay because the captured TextStyleSetting is missing.
[14:52:10.638] [1] [WARNING] [BetterInfoCards] Skipping DrawText replay because the captured TextStyleSetting is missing.
[14:52:10.655] [1] [WARNING] [BetterInfoCards] Skipping DrawText replay because the captured TextStyleSetting is missing.
[14:52:10.672] [1] [WARNING] [BetterInfoCards] Skipping DrawText replay because the captured TextStyleSetting is missing.
[14:52:10.688] [1] [WARNING] [BetterInfoCards] Skipping DrawText replay because the captured TextStyleSetting is missing.
[14:52:10.707] [1] [WARNING] [BetterInfoCards] Skipping DrawText replay because the captured TextStyleSetting is missing.
[14:52:10.723] [1] [WARNING] [BetterInfoCards] Skipping DrawText replay because the captured TextStyleSetting is missing.
[14:52:10.739] [1] [WARNING] [BetterInfoCards] Skipping DrawText replay because the captured TextStyleSetting is missing.
[14:52:10.756] [1] [WARNING] [BetterInfoCards] Skipping DrawText replay because the captured TextStyleSetting is missing.
[14:52:10.773] [1] [WARNING] [BetterInfoCards] Skipping DrawText replay because the captured TextStyleSetting is missing.
[14:52:10.788] [1] [WARNING] [BetterInfoCards] Skipping DrawText replay because the captured TextStyleSetting is missing.
[14:52:10.806] [1] [WARNING] [BetterInfoCards] Skipping DrawText replay because the captured TextStyleSetting is missing.
[14:52:10.822] [1] [WARNING] [BetterInfoCards] Skipping DrawText replay because the captured TextStyleSetting is missing.
[14:52:10.839] [1] [WARNING] [BetterInfoCards] Skipping DrawText replay because the captured TextStyleSetting is missing.
[14:52:10.855] [1] [WARNING] [BetterInfoCards] Skipping DrawText replay because the captured TextStyleSetting is missing.
[14:52:10.871] [1] [WARNING] [BetterInfoCards] Skipping DrawText replay because the captured TextStyleSetting is missing.
[14:52:10.889] [1] [WARNING] [BetterInfoCards] Skipping DrawText replay because the captured TextStyleSetting is missing.
[14:52:10.905] [1] [WARNING] [BetterInfoCards] Skipping DrawText replay because the captured TextStyleSetting is missing.
[14:52:10.922] [1] [WARNING] [BetterInfoCards] Skipping DrawText replay because the captured TextStyleSetting is missing.
[14:52:10.938] [1] [WARNING] [BetterInfoCards] Skipping DrawText replay because the captured TextStyleSetting is missing.
[14:52:10.956] [1] [WARNING] [BetterInfoCards] Skipping DrawText replay because the captured TextStyleSetting is missing.
[14:52:10.971] [1] [WARNING] [BetterInfoCards] Skipping DrawText replay because the captured TextStyleSetting is missing.
[14:52:10.989] [1] [WARNING] [BetterInfoCards] Skipping DrawText replay because the captured TextStyleSetting is missing.
[14:52:11.006] [1] [WARNING] [BetterInfoCards] Skipping DrawText replay because the captured TextStyleSetting is missing.
[14:52:11.022] [1] [WARNING] [BetterInfoCards] Skipping DrawText replay because the captured TextStyleSetting is missing.
[14:52:11.039] [1] [WARNING] [BetterInfoCards] Skipping DrawText replay because the captured TextStyleSetting is missing.
[14:52:11.056] [1] [WARNING] [BetterInfoCards] Skipping DrawText replay because the captured TextStyleSetting is missing.
[14:52:11.073] [1] [WARNING] [BetterInfoCards] Skipping DrawText replay because the captured TextStyleSetting is missing.
[14:52:11.088] [1] [WARNING] [BetterInfoCards] Skipping DrawText replay because the captured TextStyleSetting is missing.
[14:52:11.105] [1] [WARNING] [BetterInfoCards] Skipping DrawText replay because the captured TextStyleSetting is missing.
[14:52:11.121] [1] [WARNING] [BetterInfoCards] Skipping DrawText replay because the captured TextStyleSetting is missing.
[14:52:11.140] [1] [WARNING] [BetterInfoCards] Skipping DrawText replay because the captured TextStyleSetting is missing.
[14:52:11.155] [1] [WARNING] [BetterInfoCards] Skipping DrawText replay because the captured TextStyleSetting is missing.
[14:52:11.173] [1] [WARNING] [BetterInfoCards] Skipping DrawText replay because the captured TextStyleSetting is missing.
[14:52:11.189] [1] [WARNING] [BetterInfoCards] Skipping DrawText replay because the captured TextStyleSetting is missing.
[14:52:11.206] [1] [WARNING] [BetterInfoCards] Skipping DrawText replay because the captured TextStyleSetting is missing.
[14:52:11.223] [1] [WARNING] [BetterInfoCards] Skipping DrawText replay because the captured TextStyleSetting is missing.
[14:52:11.239] [1] [WARNING] [BetterInfoCards] Skipping DrawText replay because the captured TextStyleSetting is missing.
[14:52:11.255] [1] [WARNING] [BetterInfoCards] Skipping DrawText replay because the captured TextStyleSetting is missing.
[14:52:11.272] [1] [WARNING] [BetterInfoCards] Skipping DrawText replay because the captured TextStyleSetting is missing.
[14:52:11.289] [1] [WARNING] [BetterInfoCards] Skipping DrawText replay because the captured TextStyleSetting is missing.
[14:52:11.306] [1] [WARNING] [BetterInfoCards] Skipping DrawText replay because the captured TextStyleSetting is missing.
[14:52:11.323] [1] [WARNING] [BetterInfoCards] Skipping DrawText replay because the captured TextStyleSetting is missing.
[14:52:11.339] [1] [WARNING] [BetterInfoCards] Skipping DrawText replay because the captured TextStyleSetting is missing.
[14:52:11.356] [1] [WARNING] [BetterInfoCards] Skipping DrawText replay because the captured TextStyleSetting is missing.
[14:52:11.373] [1] [WARNING] [BetterInfoCards] Skipping DrawText replay because the captured TextStyleSetting is missing.
[14:52:11.389] [1] [WARNING] [BetterInfoCards] Skipping DrawText replay because the captured TextStyleSetting is missing.
[14:52:11.406] [1] [WARNING] [BetterInfoCards] Skipping DrawText replay because the captured TextStyleSetting is missing.
[14:52:11.422] [1] [WARNING] [BetterInfoCards] Skipping DrawText replay because the captured TextStyleSetting is missing.
[14:52:11.440] [1] [WARNING] [BetterInfoCards] Skipping DrawText replay because the captured TextStyleSetting is missing.
[14:52:11.455] [1] [WARNING] [BetterInfoCards] Skipping DrawText replay because the captured TextStyleSetting is missing.
[14:52:11.473] [1] [WARNING] [BetterInfoCards] Skipping DrawText replay because the captured TextStyleSetting is missing.
[14:52:11.490] [1] [WARNING] [BetterInfoCards] Skipping DrawText replay because the captured TextStyleSetting is missing.
[14:52:11.507] [1] [WARNING] [BetterInfoCards] Skipping DrawText replay because the captured TextStyleSetting is missing.
[14:52:11.522] [1] [WARNING] [BetterInfoCards] Skipping DrawText replay because the captured TextStyleSetting is missing.
[14:52:11.540] [1] [WARNING] [BetterInfoCards] Skipping DrawText replay because the captured TextStyleSetting is missing.
[14:52:11.557] [1] [WARNING] [BetterInfoCards] Skipping DrawText replay because the captured TextStyleSetting is missing.
[14:52:11.572] [1] [WARNING] [BetterInfoCards] Skipping DrawText replay because the captured TextStyleSetting is missing.
[14:52:11.589] [1] [WARNING] [BetterInfoCards] Skipping DrawText replay because the captured TextStyleSetting is missing.
[14:52:11.606] [1] [WARNING] [BetterInfoCards] Skipping DrawText replay because the captured TextStyleSetting is missing.
[14:52:11.623] [1] [WARNING] [BetterInfoCards] Skipping DrawText replay because the captured TextStyleSetting is missing.
[14:52:11.639] [1] [WARNING] [BetterInfoCards] Skipping DrawText replay because the captured TextStyleSetting is missing.
[14:52:11.656] [1] [WARNING] [BetterInfoCards] Skipping DrawText replay because the captured TextStyleSetting is missing.
[14:52:11.673] [1] [WARNING] [BetterInfoCards] Skipping DrawText replay because the captured TextStyleSetting is missing.
[14:52:11.689] [1] [WARNING] [BetterInfoCards] Skipping DrawText replay because the captured TextStyleSetting is missing.
[14:52:11.706] [1] [WARNING] [BetterInfoCards] Skipping DrawText replay because the captured TextStyleSetting is missing.
[14:52:11.723] [1] [WARNING] [BetterInfoCards] Skipping DrawText replay because the captured TextStyleSetting is missing.
[14:52:11.739] [1] [WARNING] [BetterInfoCards] Skipping DrawText replay because the captured TextStyleSetting is missing.
[14:52:11.756] [1] [WARNING] [BetterInfoCards] Skipping DrawText replay because the captured TextStyleSetting is missing.
[14:52:11.773] [1] [WARNING] [BetterInfoCards] Skipping DrawText replay because the captured TextStyleSetting is missing.
[14:52:11.789] [1] [WARNING] [BetterInfoCards] Skipping DrawText replay because the captured TextStyleSetting is missing.
[14:52:11.806] [1] [WARNING] [BetterInfoCards] Skipping DrawText replay because the captured TextStyleSetting is missing.
[14:52:11.823] [1] [WARNING] [BetterInfoCards] Skipping DrawText replay because the captured TextStyleSetting is missing.
[14:52:11.839] [1] [WARNING] [BetterInfoCards] Skipping DrawText replay because the captured TextStyleSetting is missing.
[14:52:11.855] [1] [WARNING] [BetterInfoCards] Skipping DrawText replay because the captured TextStyleSetting is missing.
[14:52:11.873] [1] [WARNING] [BetterInfoCards] Skipping DrawText replay because the captured TextStyleSetting is missing.
[14:52:11.888] [1] [WARNING] [BetterInfoCards] Skipping DrawText replay because the captured TextStyleSetting is missing.
[14:52:11.905] [1] [WARNING] [BetterInfoCards] Skipping DrawText replay because the captured TextStyleSetting is missing.
[14:52:11.923] [1] [WARNING] [BetterInfoCards] Skipping DrawText replay because the captured TextStyleSetting is missing.
[14:52:11.939] [1] [WARNING] [BetterInfoCards] Skipping DrawText replay because the captured TextStyleSetting is missing.
[14:52:11.955] [1] [WARNING] [BetterInfoCards] Skipping DrawText replay because the captured TextStyleSetting is missing.
[14:52:11.973] [1] [WARNING] [BetterInfoCards] Skipping DrawText replay because the captured TextStyleSetting is missing.
[14:52:11.989] [1] [WARNING] [BetterInfoCards] Skipping DrawText replay because the captured TextStyleSetting is missing.
[14:52:12.006] [1] [WARNING] [BetterInfoCards] Skipping DrawText replay because the captured TextStyleSetting is missing.
[14:52:12.023] [1] [WARNING] [BetterInfoCards] Skipping DrawText replay because the captured TextStyleSetting is missing.
[14:52:12.039] [1] [WARNING] [BetterInfoCards] Skipping DrawText replay because the captured TextStyleSetting is missing.
[14:52:12.055] [1] [WARNING] [BetterInfoCards] Skipping DrawText replay because the captured TextStyleSetting is missing.
[14:52:12.072] [1] [WARNING] [BetterInfoCards] Skipping DrawText replay because the captured TextStyleSetting is missing.
[14:52:12.089] [1] [WARNING] [BetterInfoCards] Skipping DrawText replay because the captured TextStyleSetting is missing.
[14:52:12.106] [1] [WARNING] [BetterInfoCards] Skipping DrawText replay because the captured TextStyleSetting is missing.
[14:52:12.122] [1] [WARNING] [BetterInfoCards] Skipping DrawText replay because the captured TextStyleSetting is missing.
[14:52:12.139] [1] [WARNING] [BetterInfoCards] Skipping DrawText replay because the captured TextStyleSetting is missing.
[14:52:12.155] [1] [WARNING] [BetterInfoCards] Skipping DrawText replay because the captured TextStyleSetting is missing.
[14:52:12.173] [1] [WARNING] [BetterInfoCards] Skipping DrawText replay because the captured TextStyleSetting is missing.
[14:52:12.189] [1] [WARNING] [BetterInfoCards] Skipping DrawText replay because the captured TextStyleSetting is missing.
[14:52:12.206] [1] [WARNING] [BetterInfoCards] Skipping DrawText replay because the captured TextStyleSetting is missing.
[14:52:12.223] [1] [WARNING] [BetterInfoCards] Skipping DrawText replay because the captured TextStyleSetting is missing.
[14:52:12.240] [1] [WARNING] [BetterInfoCards] Skipping DrawText replay because the captured TextStyleSetting is missing.
[14:52:12.256] [1] [WARNING] [BetterInfoCards] Skipping DrawText replay because the captured TextStyleSetting is missing.
[14:52:12.276] [1] [WARNING] [BetterInfoCards] Skipping DrawText replay because the captured TextStyleSetting is missing.
[14:52:12.289] [1] [WARNING] [BetterInfoCards] Skipping DrawText replay because the captured TextStyleSetting is missing.
[14:52:12.306] [1] [WARNING] [BetterInfoCards] Skipping DrawText replay because the captured TextStyleSetting is missing.
[14:52:12.322] [1] [WARNING] [BetterInfoCards] Skipping DrawText replay because the captured TextStyleSetting is missing.
[14:52:12.339] [1] [WARNING] [BetterInfoCards] Skipping DrawText replay because the captured TextStyleSetting is missing.
[14:52:12.356] [1] [WARNING] [BetterInfoCards] Skipping DrawText replay because the captured TextStyleSetting is missing.
[14:52:12.371] [1] [WARNING] [BetterInfoCards] Skipping DrawText replay because the captured TextStyleSetting is missing.
[14:52:12.390] [1] [WARNING] [BetterInfoCards] Skipping DrawText replay because the captured TextStyleSetting is missing.
[14:52:12.405] [1] [WARNING] [BetterInfoCards] Skipping DrawText replay because the captured TextStyleSetting is missing.
[14:52:12.422] [1] [WARNING] [BetterInfoCards] Skipping DrawText replay because the captured TextStyleSetting is missing.
[14:52:12.439] [1] [WARNING] [BetterInfoCards] Skipping DrawText replay because the captured TextStyleSetting is missing.
[14:52:12.456] [1] [WARNING] [BetterInfoCards] Skipping DrawText replay because the captured TextStyleSetting is missing.
[14:52:12.471] [1] [WARNING] [BetterInfoCards] Skipping DrawText replay because the captured TextStyleSetting is missing.
[14:52:12.489] [1] [WARNING] [BetterInfoCards] Skipping DrawText replay because the captured TextStyleSetting is missing.
[14:52:12.505] [1] [WARNING] [BetterInfoCards] Skipping DrawText replay because the captured TextStyleSetting is missing.
[14:52:12.522] [1] [WARNING] [BetterInfoCards] Skipping DrawText replay because the captured TextStyleSetting is missing.
[14:52:12.539] [1] [WARNING] [BetterInfoCards] Skipping DrawText replay because the captured TextStyleSetting is missing.
[14:52:12.556] [1] [WARNING] [BetterInfoCards] Skipping DrawText replay because the captured TextStyleSetting is missing.
[14:52:12.574] [1] [WARNING] [BetterInfoCards] Skipping DrawText replay because the captured TextStyleSetting is missing.
[14:52:12.589] [1] [WARNING] [BetterInfoCards] Skipping DrawText replay because the captured TextStyleSetting is missing.
[14:52:12.605] [1] [WARNING] [BetterInfoCards] Skipping DrawText replay because the captured TextStyleSetting is missing.
[14:52:12.622] [1] [WARNING] [BetterInfoCards] Skipping DrawText replay because the captured TextStyleSetting is missing.
[14:52:12.639] [1] [WARNING] [BetterInfoCards] Skipping DrawText replay because the captured TextStyleSetting is missing.
[14:52:12.656] [1] [WARNING] [BetterInfoCards] Skipping DrawText replay because the captured TextStyleSetting is missing.
[14:52:12.672] [1] [WARNING] [BetterInfoCards] Skipping DrawText replay because the captured TextStyleSetting is missing.
[14:52:12.689] [1] [WARNING] [BetterInfoCards] Skipping DrawText replay because the captured TextStyleSetting is missing.
[14:52:12.706] [1] [WARNING] [BetterInfoCards] Skipping DrawText replay because the captured TextStyleSetting is missing.
[14:52:12.894] [1] [WARNING] [BetterInfoCards] Skipping DrawText replay because the captured TextStyleSetting is missing.
[14:52:12.906] [1] [WARNING] [BetterInfoCards] Skipping DrawText replay because the captured TextStyleSetting is missing.
[14:52:12.923] [1] [WARNING] [BetterInfoCards] Skipping DrawText replay because the captured TextStyleSetting is missing.
[14:52:12.939] [1] [WARNING] [BetterInfoCards] Skipping DrawText replay because the captured TextStyleSetting is missing.
[14:52:12.955] [1] [WARNING] [BetterInfoCards] Skipping DrawText replay because the captured TextStyleSetting is missing.
[14:52:12.973] [1] [WARNING] [BetterInfoCards] Skipping DrawText replay because the captured TextStyleSetting is missing.
[14:52:12.989] [1] [WARNING] [BetterInfoCards] Skipping DrawText replay because the captured TextStyleSetting is missing.
[14:52:13.006] [1] [WARNING] [BetterInfoCards] Skipping DrawText replay because the captured TextStyleSetting is missing.
[14:52:13.022] [1] [WARNING] [BetterInfoCards] Skipping DrawText replay because the captured TextStyleSetting is missing.
[14:52:13.039] [1] [WARNING] [BetterInfoCards] Skipping DrawText replay because the captured TextStyleSetting is missing.
[14:52:13.055] [1] [WARNING] [BetterInfoCards] Skipping DrawText replay because the captured TextStyleSetting is missing.
[14:52:13.072] [1] [WARNING] [BetterInfoCards] Skipping DrawText replay because the captured TextStyleSetting is missing.
[14:52:13.088] [1] [WARNING] [BetterInfoCards] Skipping DrawText replay because the captured TextStyleSetting is missing.
[14:52:13.106] [1] [WARNING] [BetterInfoCards] Skipping DrawText replay because the captured TextStyleSetting is missing.
[14:52:13.122] [1] [WARNING] [BetterInfoCards] Skipping DrawText replay because the captured TextStyleSetting is missing.
[14:52:13.140] [1] [WARNING] [BetterInfoCards] Skipping DrawText replay because the captured TextStyleSetting is missing.
[14:52:13.155] [1] [WARNING] [BetterInfoCards] Skipping DrawText replay because the captured TextStyleSetting is missing.
[14:52:13.172] [1] [WARNING] [BetterInfoCards] Skipping DrawText replay because the captured TextStyleSetting is missing.
[14:52:13.188] [1] [WARNING] [BetterInfoCards] Skipping DrawText replay because the captured TextStyleSetting is missing.
[14:52:13.205] [1] [WARNING] [BetterInfoCards] Skipping DrawText replay because the captured TextStyleSetting is missing.
[14:52:13.223] [1] [WARNING] [BetterInfoCards] Skipping DrawText replay because the captured TextStyleSetting is missing.
[14:52:13.239] [1] [WARNING] [BetterInfoCards] Skipping DrawText replay because the captured TextStyleSetting is missing.
[14:52:13.255] [1] [WARNING] [BetterInfoCards] Skipping DrawText replay because the captured TextStyleSetting is missing.
[14:52:13.272] [1] [WARNING] [BetterInfoCards] Skipping DrawText replay because the captured TextStyleSetting is missing.
[14:52:13.289] [1] [WARNING] [BetterInfoCards] Skipping DrawText replay because the captured TextStyleSetting is missing.
[14:52:13.305] [1] [WARNING] [BetterInfoCards] Skipping DrawText replay because the captured TextStyleSetting is missing.
[14:52:13.322] [1] [WARNING] [BetterInfoCards] Skipping DrawText replay because the captured TextStyleSetting is missing.
[14:52:13.339] [1] [WARNING] [BetterInfoCards] Skipping DrawText replay because the captured TextStyleSetting is missing.
[14:52:13.356] [1] [WARNING] [BetterInfoCards] Skipping DrawText replay because the captured TextStyleSetting is missing.
[14:52:13.372] [1] [WARNING] [BetterInfoCards] Skipping DrawText replay because the captured TextStyleSetting is missing.
[14:52:13.389] [1] [WARNING] [BetterInfoCards] Skipping DrawText replay because the captured TextStyleSetting is missing.
[14:52:13.405] [1] [WARNING] [BetterInfoCards] Skipping DrawText replay because the captured TextStyleSetting is missing.
[14:52:13.422] [1] [WARNING] [BetterInfoCards] Skipping DrawText replay because the captured TextStyleSetting is missing.
[14:52:13.439] [1] [WARNING] [BetterInfoCards] Skipping DrawText replay because the captured TextStyleSetting is missing.
[14:52:13.455] [1] [WARNING] [BetterInfoCards] Skipping DrawText replay because the captured TextStyleSetting is missing.
[14:52:13.473] [1] [WARNING] [BetterInfoCards] Skipping DrawText replay because the captured TextStyleSetting is missing.
[14:52:13.488] [1] [WARNING] [BetterInfoCards] Skipping DrawText replay because the captured TextStyleSetting is missing.
[14:52:13.505] [1] [WARNING] [BetterInfoCards] Skipping DrawText replay because the captured TextStyleSetting is missing.
[14:52:13.522] [1] [WARNING] [BetterInfoCards] Skipping DrawText replay because the captured TextStyleSetting is missing.
[14:52:13.539] [1] [WARNING] [BetterInfoCards] Skipping DrawText replay because the captured TextStyleSetting is missing.
[14:52:13.555] [1] [WARNING] [BetterInfoCards] Skipping DrawText replay because the captured TextStyleSetting is missing.
[14:52:13.572] [1] [WARNING] [BetterInfoCards] Skipping DrawText replay because the captured TextStyleSetting is missing.
[14:52:13.588] [1] [WARNING] [BetterInfoCards] Skipping DrawText replay because the captured TextStyleSetting is missing.
[14:52:13.605] [1] [WARNING] [BetterInfoCards] Skipping DrawText replay because the captured TextStyleSetting is missing.
[14:52:13.622] [1] [WARNING] [BetterInfoCards] Skipping DrawText replay because the captured TextStyleSetting is missing.
[14:52:13.639] [1] [WARNING] [BetterInfoCards] Skipping DrawText replay because the captured TextStyleSetting is missing.
[14:52:13.656] [1] [WARNING] [BetterInfoCards] Skipping DrawText replay because the captured TextStyleSetting is missing.
[14:52:13.672] [1] [WARNING] [BetterInfoCards] Skipping DrawText replay because the captured TextStyleSetting is missing.
[14:52:13.689] [1] [WARNING] [BetterInfoCards] Skipping DrawText replay because the captured TextStyleSetting is missing.
[14:52:13.705] [1] [WARNING] [BetterInfoCards] Skipping DrawText replay because the captured TextStyleSetting is missing.
[14:52:13.721] [1] [WARNING] [BetterInfoCards] Skipping DrawText replay because the captured TextStyleSetting is missing.
[14:52:13.739] [1] [WARNING] [BetterInfoCards] Skipping DrawText replay because the captured TextStyleSetting is missing.
[14:52:13.755] [1] [WARNING] [BetterInfoCards] Skipping DrawText replay because the captured TextStyleSetting is missing.
[14:52:13.772] [1] [WARNING] [BetterInfoCards] Skipping DrawText replay because the captured TextStyleSetting is missing.
[14:52:13.788] [1] [WARNING] [BetterInfoCards] Skipping DrawText replay because the captured TextStyleSetting is missing.
[14:52:13.805] [1] [WARNING] [BetterInfoCards] Skipping DrawText replay because the captured TextStyleSetting is missing.
[14:52:13.821] [1] [WARNING] [BetterInfoCards] Skipping DrawText replay because the captured TextStyleSetting is missing.
[14:52:13.839] [1] [WARNING] [BetterInfoCards] Skipping DrawText replay because the captured TextStyleSetting is missing.
[14:52:13.855] [1] [WARNING] [BetterInfoCards] Skipping DrawText replay because the captured TextStyleSetting is missing.
[14:52:13.872] [1] [WARNING] [BetterInfoCards] Skipping DrawText replay because the captured TextStyleSetting is missing.
[14:52:13.888] [1] [WARNING] [BetterInfoCards] Skipping DrawText replay because the captured TextStyleSetting is missing.
[14:52:13.905] [1] [WARNING] [BetterInfoCards] Skipping DrawText replay because the captured TextStyleSetting is missing.
[14:52:13.921] [1] [WARNING] [BetterInfoCards] Skipping DrawText replay because the captured TextStyleSetting is missing.
[14:52:13.940] [1] [WARNING] [BetterInfoCards] Skipping DrawText replay because the captured TextStyleSetting is missing.
[14:52:13.955] [1] [WARNING] [BetterInfoCards] Skipping DrawText replay because the captured TextStyleSetting is missing.
[14:52:13.972] [1] [WARNING] [BetterInfoCards] Skipping DrawText replay because the captured TextStyleSetting is missing.
[14:52:13.988] [1] [WARNING] [BetterInfoCards] Skipping DrawText replay because the captured TextStyleSetting is missing.
[14:52:14.006] [1] [WARNING] [BetterInfoCards] Skipping DrawText replay because the captured TextStyleSetting is missing.
[14:52:14.022] [1] [WARNING] [BetterInfoCards] Skipping DrawText replay because the captured TextStyleSetting is missing.
[14:52:14.038] [1] [WARNING] [BetterInfoCards] Skipping DrawText replay because the captured TextStyleSetting is missing.
[14:52:14.055] [1] [WARNING] [BetterInfoCards] Skipping DrawText replay because the captured TextStyleSetting is missing.
[14:52:14.075] [1] [WARNING] [BetterInfoCards] Skipping DrawText replay because the captured TextStyleSetting is missing.
[14:52:14.088] [1] [WARNING] [BetterInfoCards] Skipping DrawText replay because the captured TextStyleSetting is missing.
[14:52:14.105] [1] [WARNING] [BetterInfoCards] Skipping DrawText replay because the captured TextStyleSetting is missing.
[14:52:14.121] [1] [WARNING] [BetterInfoCards] Skipping DrawText replay because the captured TextStyleSetting is missing.
[14:52:14.139] [1] [WARNING] [BetterInfoCards] Skipping DrawText replay because the captured TextStyleSetting is missing.
[14:52:14.156] [1] [WARNING] [BetterInfoCards] Skipping DrawText replay because the captured TextStyleSetting is missing.
[14:52:14.172] [1] [WARNING] [BetterInfoCards] Skipping DrawText replay because the captured TextStyleSetting is missing.
[14:52:14.188] [1] [WARNING] [BetterInfoCards] Skipping DrawText replay because the captured TextStyleSetting is missing.
[14:52:14.206] [1] [WARNING] [BetterInfoCards] Skipping DrawText replay because the captured TextStyleSetting is missing.
[14:52:14.223] [1] [WARNING] [BetterInfoCards] Skipping DrawText replay because the captured TextStyleSetting is missing.
[14:52:14.239] [1] [WARNING] [BetterInfoCards] Skipping DrawText replay because the captured TextStyleSetting is missing.
[14:52:14.255] [1] [WARNING] [BetterInfoCards] Skipping DrawText replay because the captured TextStyleSetting is missing.
[14:52:14.272] [1] [WARNING] [BetterInfoCards] Skipping DrawText replay because the captured TextStyleSetting is missing.
[14:52:14.288] [1] [WARNING] [BetterInfoCards] Skipping DrawText replay because the captured TextStyleSetting is missing.
[14:52:14.305] [1] [WARNING] [BetterInfoCards] Skipping DrawText replay because the captured TextStyleSetting is missing.
[14:52:14.322] [1] [WARNING] [BetterInfoCards] Skipping DrawText replay because the captured TextStyleSetting is missing.
[14:52:14.339] [1] [WARNING] [BetterInfoCards] Skipping DrawText replay because the captured TextStyleSetting is missing.
[14:52:14.356] [1] [WARNING] [BetterInfoCards] Skipping DrawText replay because the captured TextStyleSetting is missing.
[14:52:14.373] [1] [WARNING] [BetterInfoCards] Skipping DrawText replay because the captured TextStyleSetting is missing.
[14:52:14.389] [1] [WARNING] [BetterInfoCards] Skipping DrawText replay because the captured TextStyleSetting is missing.
[14:52:14.405] [1] [WARNING] [BetterInfoCards] Skipping DrawText replay because the captured TextStyleSetting is missing.
[14:52:14.423] [1] [WARNING] [BetterInfoCards] Skipping DrawText replay because the captured TextStyleSetting is missing.
[14:52:14.439] [1] [WARNING] [BetterInfoCards] Skipping DrawText replay because the captured TextStyleSetting is missing.
[14:52:14.456] [1] [WARNING] [BetterInfoCards] Skipping DrawText replay because the captured TextStyleSetting is missing.
[14:52:14.473] [1] [WARNING] [BetterInfoCards] Skipping DrawText replay because the captured TextStyleSetting is missing.
[14:52:14.490] [1] [WARNING] [BetterInfoCards] Skipping DrawText replay because the captured TextStyleSetting is missing.
[14:52:14.506] [1] [WARNING] [BetterInfoCards] Skipping DrawText replay because the captured TextStyleSetting is missing.
[14:52:14.523] [1] [WARNING] [BetterInfoCards] Skipping DrawText replay because the captured TextStyleSetting is missing.
[14:52:14.539] [1] [WARNING] [BetterInfoCards] Skipping DrawText replay because the captured TextStyleSetting is missing.
[14:52:14.555] [1] [WARNING] [BetterInfoCards] Skipping DrawText replay because the captured TextStyleSetting is missing.
[14:52:14.572] [1] [WARNING] [BetterInfoCards] Skipping DrawText replay because the captured TextStyleSetting is missing.
[14:52:14.589] [1] [WARNING] [BetterInfoCards] Skipping DrawText replay because the captured TextStyleSetting is missing.
[14:52:14.606] [1] [WARNING] [BetterInfoCards] Skipping DrawText replay because the captured TextStyleSetting is missing.
[14:52:14.623] [1] [WARNING] [BetterInfoCards] Skipping DrawText replay because the captured TextStyleSetting is missing.
[14:52:14.639] [1] [WARNING] [BetterInfoCards] Skipping DrawText replay because the captured TextStyleSetting is missing.
[14:52:14.657] [1] [WARNING] [BetterInfoCards] Skipping DrawText replay because the captured TextStyleSetting is missing.
[14:52:14.673] [1] [WARNING] [BetterInfoCards] Skipping DrawText replay because the captured TextStyleSetting is missing.
[14:52:14.690] [1] [WARNING] [BetterInfoCards] Skipping DrawText replay because the captured TextStyleSetting is missing.
[14:52:14.706] [1] [WARNING] [BetterInfoCards] Skipping DrawText replay because the captured TextStyleSetting is missing.
[14:52:14.723] [1] [WARNING] [BetterInfoCards] Skipping DrawText replay because the captured TextStyleSetting is missing.
[14:52:14.739] [1] [WARNING] [BetterInfoCards] Skipping DrawText replay because the captured TextStyleSetting is missing.
[14:52:14.757] [1] [WARNING] [BetterInfoCards] Skipping DrawText replay because the captured TextStyleSetting is missing.
[14:52:14.773] [1] [WARNING] [BetterInfoCards] Skipping DrawText replay because the captured TextStyleSetting is missing.
[14:52:14.789] [1] [WARNING] [BetterInfoCards] Skipping DrawText replay because the captured TextStyleSetting is missing.
[14:52:14.806] [1] [WARNING] [BetterInfoCards] Skipping DrawText replay because the captured TextStyleSetting is missing.
[14:52:14.823] [1] [WARNING] [BetterInfoCards] Skipping DrawText replay because the captured TextStyleSetting is missing.
[14:52:14.839] [1] [WARNING] [BetterInfoCards] Skipping DrawText replay because the captured TextStyleSetting is missing.
[14:52:14.855] [1] [WARNING] [BetterInfoCards] Skipping DrawText replay because the captured TextStyleSetting is missing.
[14:52:14.873] [1] [WARNING] [BetterInfoCards] Skipping DrawText replay because the captured TextStyleSetting is missing.
[14:52:14.888] [1] [WARNING] [BetterInfoCards] Skipping DrawText replay because the captured TextStyleSetting is missing.
[14:52:14.906] [1] [WARNING] [BetterInfoCards] Skipping DrawText replay because the captured TextStyleSetting is missing.
[14:52:14.922] [1] [WARNING] [BetterInfoCards] Skipping DrawText replay because the captured TextStyleSetting is missing.
[14:52:14.938] [1] [WARNING] [BetterInfoCards] Skipping DrawText replay because the captured TextStyleSetting is missing.
[14:52:14.956] [1] [WARNING] [BetterInfoCards] Skipping DrawText replay because the captured TextStyleSetting is missing.
[14:52:14.976] [1] [WARNING] [BetterInfoCards] Skipping DrawText replay because the captured TextStyleSetting is missing.
[14:52:14.988] [1] [WARNING] [BetterInfoCards] Skipping DrawText replay because the captured TextStyleSetting is missing.
[14:52:15.006] [1] [WARNING] [BetterInfoCards] Skipping DrawText replay because the captured TextStyleSetting is missing.
[14:52:15.022] [1] [WARNING] [BetterInfoCards] Skipping DrawText replay because the captured TextStyleSetting is missing.
[14:52:15.038] [1] [WARNING] [BetterInfoCards] Skipping DrawText replay because the captured TextStyleSetting is missing.
[14:52:15.057] [1] [WARNING] [BetterInfoCards] Skipping DrawText replay because the captured TextStyleSetting is missing.
[14:52:15.072] [1] [WARNING] [BetterInfoCards] Skipping DrawText replay because the captured TextStyleSetting is missing.
[14:52:15.089] [1] [WARNING] [BetterInfoCards] Skipping DrawText replay because the captured TextStyleSetting is missing.
[14:52:15.105] [1] [WARNING] [BetterInfoCards] Skipping DrawText replay because the captured TextStyleSetting is missing.
[14:52:15.122] [1] [WARNING] [BetterInfoCards] Skipping DrawText replay because the captured TextStyleSetting is missing.
[14:52:15.139] [1] [WARNING] [BetterInfoCards] Skipping DrawText replay because the captured TextStyleSetting is missing.
[14:52:15.157] [1] [WARNING] [BetterInfoCards] Skipping DrawText replay because the captured TextStyleSetting is missing.
[14:52:15.171] [1] [WARNING] [BetterInfoCards] Skipping DrawText replay because the captured TextStyleSetting is missing.
[14:52:15.188] [1] [WARNING] [BetterInfoCards] Skipping DrawText replay because the captured TextStyleSetting is missing.
[14:52:15.205] [1] [WARNING] [BetterInfoCards] Skipping DrawText replay because the captured TextStyleSetting is missing.
[14:52:15.222] [1] [WARNING] [BetterInfoCards] Skipping DrawText replay because the captured TextStyleSetting is missing.
[14:52:15.238] [1] [WARNING] [BetterInfoCards] Skipping DrawText replay because the captured TextStyleSetting is missing.
[14:52:15.255] [1] [WARNING] [BetterInfoCards] Skipping DrawText replay because the captured TextStyleSetting is missing.
[14:52:15.273] [1] [WARNING] [BetterInfoCards] Skipping DrawText replay because the captured TextStyleSetting is missing.
[14:52:15.288] [1] [WARNING] [BetterInfoCards] Skipping DrawText replay because the captured TextStyleSetting is missing.
[14:52:15.306] [1] [WARNING] [BetterInfoCards] Skipping DrawText replay because the captured TextStyleSetting is missing.
[14:52:15.322] [1] [WARNING] [BetterInfoCards] Skipping DrawText replay because the captured TextStyleSetting is missing.
[14:52:15.339] [1] [WARNING] [BetterInfoCards] Skipping DrawText replay because the captured TextStyleSetting is missing.
[14:52:15.355] [1] [WARNING] [BetterInfoCards] Skipping DrawText replay because the captured TextStyleSetting is missing.
[14:52:15.372] [1] [WARNING] [BetterInfoCards] Skipping DrawText replay because the captured TextStyleSetting is missing.
[14:52:15.389] [1] [WARNING] [BetterInfoCards] Skipping DrawText replay because the captured TextStyleSetting is missing.
[14:52:15.405] [1] [WARNING] [BetterInfoCards] Skipping DrawText replay because the captured TextStyleSetting is missing.
[14:52:15.422] [1] [WARNING] [BetterInfoCards] Skipping DrawText replay because the captured TextStyleSetting is missing.
[14:52:15.439] [1] [WARNING] [BetterInfoCards] Skipping DrawText replay because the captured TextStyleSetting is missing.
[14:52:15.455] [1] [WARNING] [BetterInfoCards] Skipping DrawText replay because the captured TextStyleSetting is missing.
[14:52:15.472] [1] [WARNING] [BetterInfoCards] Skipping DrawText replay because the captured TextStyleSetting is missing.
[14:52:15.488] [1] [WARNING] [BetterInfoCards] Skipping DrawText replay because the captured TextStyleSetting is missing.
[14:52:15.505] [1] [WARNING] [BetterInfoCards] Skipping DrawText replay because the captured TextStyleSetting is missing.
[14:52:15.522] [1] [WARNING] [BetterInfoCards] Skipping DrawText replay because the captured TextStyleSetting is missing.
[14:52:15.538] [1] [WARNING] [BetterInfoCards] Skipping DrawText replay because the captured TextStyleSetting is missing.
[14:52:15.555] [1] [WARNING] [BetterInfoCards] Skipping DrawText replay because the captured TextStyleSetting is missing.
[14:52:15.571] [1] [WARNING] [BetterInfoCards] Skipping DrawText replay because the captured TextStyleSetting is missing.
[14:52:15.588] [1] [WARNING] [BetterInfoCards] Skipping DrawText replay because the captured TextStyleSetting is missing.
[14:52:15.605] [1] [WARNING] [BetterInfoCards] Skipping DrawText replay because the captured TextStyleSetting is missing.
[14:52:15.622] [1] [WARNING] [BetterInfoCards] Skipping DrawText replay because the captured TextStyleSetting is missing.
[14:52:15.639] [1] [WARNING] [BetterInfoCards] Skipping DrawText replay because the captured TextStyleSetting is missing.
[14:52:15.656] [1] [WARNING] [BetterInfoCards] Skipping DrawText replay because the captured TextStyleSetting is missing.
[14:52:15.673] [1] [WARNING] [BetterInfoCards] Skipping DrawText replay because the captured TextStyleSetting is missing.
[14:52:15.689] [1] [WARNING] [BetterInfoCards] Skipping DrawText replay because the captured TextStyleSetting is missing.
[14:52:15.706] [1] [WARNING] [BetterInfoCards] Skipping DrawText replay because the captured TextStyleSetting is missing.
[14:52:15.722] [1] [WARNING] [BetterInfoCards] Skipping DrawText replay because the captured TextStyleSetting is missing.
[14:52:15.739] [1] [WARNING] [BetterInfoCards] Skipping DrawText replay because the captured TextStyleSetting is missing.
[14:52:15.755] [1] [WARNING] [BetterInfoCards] Skipping DrawText replay because the captured TextStyleSetting is missing.
[14:52:15.772] [1] [WARNING] [BetterInfoCards] Skipping DrawText replay because the captured TextStyleSetting is missing.
[14:52:15.789] [1] [WARNING] [BetterInfoCards] Skipping DrawText replay because the captured TextStyleSetting is missing.
[14:52:15.805] [1] [WARNING] [BetterInfoCards] Skipping DrawText replay because the captured TextStyleSetting is missing.
[14:52:15.823] [1] [WARNING] [BetterInfoCards] Skipping DrawText replay because the captured TextStyleSetting is missing.
[14:52:15.839] [1] [WARNING] [BetterInfoCards] Skipping DrawText replay because the captured TextStyleSetting is missing.
[14:52:15.855] [1] [WARNING] [BetterInfoCards] Skipping DrawText replay because the captured TextStyleSetting is missing.
[14:52:15.873] [1] [WARNING] [BetterInfoCards] Skipping DrawText replay because the captured TextStyleSetting is missing.
[14:52:15.889] [1] [WARNING] [BetterInfoCards] Skipping DrawText replay because the captured TextStyleSetting is missing.
[14:52:15.905] [1] [WARNING] [BetterInfoCards] Skipping DrawText replay because the captured TextStyleSetting is missing.
[14:52:15.921] [1] [WARNING] [BetterInfoCards] Skipping DrawText replay because the captured TextStyleSetting is missing.
[14:52:15.938] [1] [WARNING] [BetterInfoCards] Skipping DrawText replay because the captured TextStyleSetting is missing.
[14:52:15.955] [1] [WARNING] [BetterInfoCards] Skipping DrawText replay because the captured TextStyleSetting is missing.
[14:52:15.972] [1] [WARNING] [BetterInfoCards] Skipping DrawText replay because the captured TextStyleSetting is missing.
[14:52:15.988] [1] [WARNING] [BetterInfoCards] Skipping DrawText replay because the captured TextStyleSetting is missing.
[14:52:16.006] [1] [WARNING] [BetterInfoCards] Skipping DrawText replay because the captured TextStyleSetting is missing.
[14:52:16.021] [1] [WARNING] [BetterInfoCards] Skipping DrawText replay because the captured TextStyleSetting is missing.
[14:52:16.039] [1] [WARNING] [BetterInfoCards] Skipping DrawText replay because the captured TextStyleSetting is missing.
[14:52:16.055] [1] [WARNING] [BetterInfoCards] Skipping DrawText replay because the captured TextStyleSetting is missing.
[14:52:16.072] [1] [WARNING] [BetterInfoCards] Skipping DrawText replay because the captured TextStyleSetting is missing.
[14:52:16.088] [1] [WARNING] [BetterInfoCards] Skipping DrawText replay because the captured TextStyleSetting is missing.
[14:52:16.105] [1] [WARNING] [BetterInfoCards] Skipping DrawText replay because the captured TextStyleSetting is missing.
[14:52:16.121] [1] [WARNING] [BetterInfoCards] Skipping DrawText replay because the captured TextStyleSetting is missing.
[14:52:16.139] [1] [WARNING] [BetterInfoCards] Skipping DrawText replay because the captured TextStyleSetting is missing.
[14:52:16.156] [1] [WARNING] [BetterInfoCards] Skipping DrawText replay because the captured TextStyleSetting is missing.
[14:52:16.173] [1] [WARNING] [BetterInfoCards] Skipping DrawText replay because the captured TextStyleSetting is missing.
[14:52:16.189] [1] [WARNING] [BetterInfoCards] Skipping DrawText replay because the captured TextStyleSetting is missing.
[14:52:16.205] [1] [WARNING] [BetterInfoCards] Skipping DrawText replay because the captured TextStyleSetting is missing.
[14:52:16.223] [1] [WARNING] [BetterInfoCards] Skipping DrawText replay because the captured TextStyleSetting is missing.
[14:52:16.239] [1] [WARNING] [BetterInfoCards] Skipping DrawText replay because the captured TextStyleSetting is missing.
[14:52:16.256] [1] [WARNING] [BetterInfoCards] Skipping DrawText replay because the captured TextStyleSetting is missing.
[14:52:16.273] [1] [WARNING] [BetterInfoCards] Skipping DrawText replay because the captured TextStyleSetting is missing.
[14:52:16.289] [1] [WARNING] [BetterInfoCards] Skipping DrawText replay because the captured TextStyleSetting is missing.
[14:52:16.305] [1] [WARNING] [BetterInfoCards] Skipping DrawText replay because the captured TextStyleSetting is missing.
[14:52:16.322] [1] [WARNING] [BetterInfoCards] Skipping DrawText replay because the captured TextStyleSetting is missing.
[14:52:16.339] [1] [WARNING] [BetterInfoCards] Skipping DrawText replay because the captured TextStyleSetting is missing.
[14:52:16.355] [1] [WARNING] [BetterInfoCards] Skipping DrawText replay because the captured TextStyleSetting is missing.
[14:52:16.373] [1] [WARNING] [BetterInfoCards] Skipping DrawText replay because the captured TextStyleSetting is missing.
[14:52:16.389] [1] [WARNING] [BetterInfoCards] Skipping DrawText replay because the captured TextStyleSetting is missing.
[14:52:16.405] [1] [WARNING] [BetterInfoCards] Skipping DrawText replay because the captured TextStyleSetting is missing.
[14:52:16.422] [1] [WARNING] [BetterInfoCards] Skipping DrawText replay because the captured TextStyleSetting is missing.
[14:52:16.439] [1] [WARNING] [BetterInfoCards] Skipping DrawText replay because the captured TextStyleSetting is missing.
[14:52:16.456] [1] [WARNING] [BetterInfoCards] Skipping DrawText replay because the captured TextStyleSetting is missing.
[14:52:16.472] [1] [WARNING] [BetterInfoCards] Skipping DrawText replay because the captured TextStyleSetting is missing.
[14:52:16.489] [1] [WARNING] [BetterInfoCards] Skipping DrawText replay because the captured TextStyleSetting is missing.
[14:52:16.505] [1] [WARNING] [BetterInfoCards] Skipping DrawText replay because the captured TextStyleSetting is missing.
[14:52:16.522] [1] [WARNING] [BetterInfoCards] Skipping DrawText replay because the captured TextStyleSetting is missing.
[14:52:16.539] [1] [WARNING] [BetterInfoCards] Skipping DrawText replay because the captured TextStyleSetting is missing.
[14:52:16.555] [1] [WARNING] [BetterInfoCards] Skipping DrawText replay because the captured TextStyleSetting is missing.
[14:52:16.572] [1] [WARNING] [BetterInfoCards] Skipping DrawText replay because the captured TextStyleSetting is missing.
[14:52:16.589] [1] [WARNING] [BetterInfoCards] Skipping DrawText replay because the captured TextStyleSetting is missing.
[14:52:16.607] [1] [WARNING] [BetterInfoCards] Skipping DrawText replay because the captured TextStyleSetting is missing.
[14:52:16.622] [1] [WARNING] [BetterInfoCards] Skipping DrawText replay because the captured TextStyleSetting is missing.
[14:52:16.639] [1] [WARNING] [BetterInfoCards] Skipping DrawText replay because the captured TextStyleSetting is missing.
[14:52:16.656] [1] [WARNING] [BetterInfoCards] Skipping DrawText replay because the captured TextStyleSetting is missing.
[14:52:16.673] [1] [WARNING] [BetterInfoCards] Skipping DrawText replay because the captured TextStyleSetting is missing.
[14:52:16.689] [1] [WARNING] [BetterInfoCards] Skipping DrawText replay because the captured TextStyleSetting is missing.
[14:52:16.706] [1] [WARNING] [BetterInfoCards] Skipping DrawText replay because the captured TextStyleSetting is missing.
[14:52:16.722] [1] [WARNING] [BetterInfoCards] Skipping DrawText replay because the captured TextStyleSetting is missing.
[14:52:16.738] [1] [WARNING] [BetterInfoCards] Skipping DrawText replay because the captured TextStyleSetting is missing.
[14:52:16.755] [1] [WARNING] [BetterInfoCards] Skipping DrawText replay because the captured TextStyleSetting is missing.
[14:52:16.772] [1] [WARNING] [BetterInfoCards] Skipping DrawText replay because the captured TextStyleSetting is missing.
[14:52:16.788] [1] [WARNING] [BetterInfoCards] Skipping DrawText replay because the captured TextStyleSetting is missing.
[14:52:16.806] [1] [WARNING] [BetterInfoCards] Skipping DrawText replay because the captured TextStyleSetting is missing.
[14:52:16.823] [1] [WARNING] [BetterInfoCards] Skipping DrawText replay because the captured TextStyleSetting is missing.
[14:52:16.838] [1] [WARNING] [BetterInfoCards] Skipping DrawText replay because the captured TextStyleSetting is missing.
[14:52:16.855] [1] [WARNING] [BetterInfoCards] Skipping DrawText replay because the captured TextStyleSetting is missing.
[14:52:16.872] [1] [WARNING] [BetterInfoCards] Skipping DrawText replay because the captured TextStyleSetting is missing.
[14:52:16.889] [1] [WARNING] [BetterInfoCards] Skipping DrawText replay because the captured TextStyleSetting is missing.
[14:52:16.905] [1] [WARNING] [BetterInfoCards] Skipping DrawText replay because the captured TextStyleSetting is missing.
[14:52:16.922] [1] [WARNING] [BetterInfoCards] Skipping DrawText replay because the captured TextStyleSetting is missing.
[14:52:16.939] [1] [WARNING] [BetterInfoCards] Skipping DrawText replay because the captured TextStyleSetting is missing.
[14:52:16.956] [1] [WARNING] [BetterInfoCards] Skipping DrawText replay because the captured TextStyleSetting is missing.
[14:52:16.972] [1] [WARNING] [BetterInfoCards] Skipping DrawText replay because the captured TextStyleSetting is missing.
[14:52:16.989] [1] [WARNING] [BetterInfoCards] Skipping DrawText replay because the captured TextStyleSetting is missing.
[14:52:17.005] [1] [WARNING] [BetterInfoCards] Skipping DrawText replay because the captured TextStyleSetting is missing.
[14:52:17.022] [1] [WARNING] [BetterInfoCards] Skipping DrawText replay because the captured TextStyleSetting is missing.
[14:52:17.039] [1] [WARNING] [BetterInfoCards] Skipping DrawText replay because the captured TextStyleSetting is missing.
[14:52:17.055] [1] [WARNING] [BetterInfoCards] Skipping DrawText replay because the captured TextStyleSetting is missing.
[14:52:17.072] [1] [WARNING] [BetterInfoCards] Skipping DrawText replay because the captured TextStyleSetting is missing.
[14:52:17.088] [1] [WARNING] [BetterInfoCards] Skipping DrawText replay because the captured TextStyleSetting is missing.
[14:52:17.105] [1] [WARNING] [BetterInfoCards] Skipping DrawText replay because the captured TextStyleSetting is missing.
[14:52:17.122] [1] [WARNING] [BetterInfoCards] Skipping DrawText replay because the captured TextStyleSetting is missing.
[14:52:17.139] [1] [WARNING] [BetterInfoCards] Skipping DrawText replay because the captured TextStyleSetting is missing.
[14:52:17.155] [1] [WARNING] [BetterInfoCards] Skipping DrawText replay because the captured TextStyleSetting is missing.
[14:52:17.172] [1] [WARNING] [BetterInfoCards] Skipping DrawText replay because the captured TextStyleSetting is missing.
[14:52:17.189] [1] [WARNING] [BetterInfoCards] Skipping DrawText replay because the captured TextStyleSetting is missing.
[14:52:17.205] [1] [WARNING] [BetterInfoCards] Skipping DrawText replay because the captured TextStyleSetting is missing.
[14:52:17.222] [1] [WARNING] [BetterInfoCards] Skipping DrawText replay because the captured TextStyleSetting is missing.
[14:52:17.239] [1] [WARNING] [BetterInfoCards] Skipping DrawText replay because the captured TextStyleSetting is missing.
[14:52:17.257] [1] [WARNING] [BetterInfoCards] Skipping DrawText replay because the captured TextStyleSetting is missing.
[14:52:17.272] [1] [WARNING] [BetterInfoCards] Skipping DrawText replay because the captured TextStyleSetting is missing.
[14:52:17.289] [1] [WARNING] [BetterInfoCards] Skipping DrawText replay because the captured TextStyleSetting is missing.
[14:52:17.305] [1] [WARNING] [BetterInfoCards] Skipping DrawText replay because the captured TextStyleSetting is missing.
[14:52:17.322] [1] [WARNING] [BetterInfoCards] Skipping DrawText replay because the captured TextStyleSetting is missing.
[14:52:17.339] [1] [WARNING] [BetterInfoCards] Skipping DrawText replay because the captured TextStyleSetting is missing.
[14:52:17.355] [1] [WARNING] [BetterInfoCards] Skipping DrawText replay because the captured TextStyleSetting is missing.
[14:52:17.372] [1] [WARNING] [BetterInfoCards] Skipping DrawText replay because the captured TextStyleSetting is missing.
[14:52:17.389] [1] [WARNING] [BetterInfoCards] Skipping DrawText replay because the captured TextStyleSetting is missing.
[14:52:17.406] [1] [WARNING] [BetterInfoCards] Skipping DrawText replay because the captured TextStyleSetting is missing.
[14:52:17.422] [1] [WARNING] [BetterInfoCards] Skipping DrawText replay because the captured TextStyleSetting is missing.
[14:52:17.440] [1] [WARNING] [BetterInfoCards] Skipping DrawText replay because the captured TextStyleSetting is missing.
[14:52:17.455] [1] [WARNING] [BetterInfoCards] Skipping DrawText replay because the captured TextStyleSetting is missing.
[14:52:17.473] [1] [WARNING] [BetterInfoCards] Skipping DrawText replay because the captured TextStyleSetting is missing.
[14:52:17.489] [1] [WARNING] [BetterInfoCards] Skipping DrawText replay because the captured TextStyleSetting is missing.
[14:52:17.506] [1] [WARNING] [BetterInfoCards] Skipping DrawText replay because the captured TextStyleSetting is missing.
[14:52:17.522] [1] [WARNING] [BetterInfoCards] Skipping DrawText replay because the captured TextStyleSetting is missing.
[14:52:17.539] [1] [WARNING] [BetterInfoCards] Skipping DrawText replay because the captured TextStyleSetting is missing.
[14:52:17.555] [1] [WARNING] [BetterInfoCards] Skipping DrawText replay because the captured TextStyleSetting is missing.
[14:52:17.572] [1] [WARNING] [BetterInfoCards] Skipping DrawText replay because the captured TextStyleSetting is missing.
[14:52:17.589] [1] [WARNING] [BetterInfoCards] Skipping DrawText replay because the captured TextStyleSetting is missing.
[14:52:17.606] [1] [WARNING] [BetterInfoCards] Skipping DrawText replay because the captured TextStyleSetting is missing.
[14:52:17.622] [1] [WARNING] [BetterInfoCards] Skipping DrawText replay because the captured TextStyleSetting is missing.
[14:52:17.638] [1] [WARNING] [BetterInfoCards] Skipping DrawText replay because the captured TextStyleSetting is missing.
[14:52:17.655] [1] [WARNING] [BetterInfoCards] Skipping DrawText replay because the captured TextStyleSetting is missing.
[14:52:17.672] [1] [WARNING] [BetterInfoCards] Skipping DrawText replay because the captured TextStyleSetting is missing.
[14:52:17.688] [1] [WARNING] [BetterInfoCards] Skipping DrawText replay because the captured TextStyleSetting is missing.
[14:52:17.706] [1] [WARNING] [BetterInfoCards] Skipping DrawText replay because the captured TextStyleSetting is missing.
[14:52:17.722] [1] [WARNING] [BetterInfoCards] Skipping DrawText replay because the captured TextStyleSetting is missing.
[14:52:17.739] [1] [WARNING] [BetterInfoCards] Skipping DrawText replay because the captured TextStyleSetting is missing.
[14:52:17.755] [1] [WARNING] [BetterInfoCards] Skipping DrawText replay because the captured TextStyleSetting is missing.
[14:52:17.772] [1] [WARNING] [BetterInfoCards] Skipping DrawText replay because the captured TextStyleSetting is missing.
[14:52:17.788] [1] [WARNING] [BetterInfoCards] Skipping DrawText replay because the captured TextStyleSetting is missing.
[14:52:17.805] [1] [WARNING] [BetterInfoCards] Skipping DrawText replay because the captured TextStyleSetting is missing.
[14:52:17.821] [1] [WARNING] [BetterInfoCards] Skipping DrawText replay because the captured TextStyleSetting is missing.
[14:52:17.839] [1] [WARNING] [BetterInfoCards] Skipping DrawText replay because the captured TextStyleSetting is missing.
[14:52:17.855] [1] [WARNING] [BetterInfoCards] Skipping DrawText replay because the captured TextStyleSetting is missing.
[14:52:17.871] [1] [WARNING] [BetterInfoCards] Skipping DrawText replay because the captured TextStyleSetting is missing.
[14:52:17.888] [1] [WARNING] [BetterInfoCards] Skipping DrawText replay because the captured TextStyleSetting is missing.
[14:52:17.906] [1] [WARNING] [BetterInfoCards] Skipping DrawText replay because the captured TextStyleSetting is missing.
[14:52:17.922] [1] [WARNING] [BetterInfoCards] Skipping DrawText replay because the captured TextStyleSetting is missing.
[14:52:17.938] [1] [WARNING] [BetterInfoCards] Skipping DrawText replay because the captured TextStyleSetting is missing.
[14:52:17.955] [1] [WARNING] [BetterInfoCards] Skipping DrawText replay because the captured TextStyleSetting is missing.
[14:52:17.971] [1] [WARNING] [BetterInfoCards] Skipping DrawText replay because the captured TextStyleSetting is missing.
[14:52:17.988] [1] [WARNING] [BetterInfoCards] Skipping DrawText replay because the captured TextStyleSetting is missing.
[14:52:18.006] [1] [WARNING] [BetterInfoCards] Skipping DrawText replay because the captured TextStyleSetting is missing.
[14:52:18.021] [1] [WARNING] [BetterInfoCards] Skipping DrawText replay because the captured TextStyleSetting is missing.
[14:52:18.038] [1] [WARNING] [BetterInfoCards] Skipping DrawText replay because the captured TextStyleSetting is missing.
[14:52:18.055] [1] [WARNING] [BetterInfoCards] Skipping DrawText replay because the captured TextStyleSetting is missing.
[14:52:18.072] [1] [WARNING] [BetterInfoCards] Skipping DrawText replay because the captured TextStyleSetting is missing.
[14:52:18.088] [1] [WARNING] [BetterInfoCards] Skipping DrawText replay because the captured TextStyleSetting is missing.
[14:52:18.105] [1] [WARNING] [BetterInfoCards] Skipping DrawText replay because the captured TextStyleSetting is missing.
[14:52:18.122] [1] [WARNING] [BetterInfoCards] Skipping DrawText replay because the captured TextStyleSetting is missing.
[14:52:18.138] [1] [WARNING] [BetterInfoCards] Skipping DrawText replay because the captured TextStyleSetting is missing.
[14:52:18.158] [1] [WARNING] [BetterInfoCards] Skipping DrawText replay because the captured TextStyleSetting is missing.
[14:52:18.171] [1] [WARNING] [BetterInfoCards] Skipping DrawText replay because the captured TextStyleSetting is missing.
[14:52:18.188] [1] [WARNING] [BetterInfoCards] Skipping DrawText replay because the captured TextStyleSetting is missing.
[14:52:18.207] [1] [WARNING] [BetterInfoCards] Skipping DrawText replay because the captured TextStyleSetting is missing.
[14:52:18.222] [1] [WARNING] [BetterInfoCards] Skipping DrawText replay because the captured TextStyleSetting is missing.
[14:52:18.238] [1] [WARNING] [BetterInfoCards] Skipping DrawText replay because the captured TextStyleSetting is missing.
[14:52:18.255] [1] [WARNING] [BetterInfoCards] Skipping DrawText replay because the captured TextStyleSetting is missing.
[14:52:18.272] [1] [WARNING] [BetterInfoCards] Skipping DrawText replay because the captured TextStyleSetting is missing.
[14:52:18.289] [1] [WARNING] [BetterInfoCards] Skipping DrawText replay because the captured TextStyleSetting is missing.
[14:52:18.306] [1] [WARNING] [BetterInfoCards] Skipping DrawText replay because the captured TextStyleSetting is missing.
[14:52:18.324] [1] [WARNING] [BetterInfoCards] Skipping DrawText replay because the captured TextStyleSetting is missing.
[14:52:18.340] [1] [WARNING] [BetterInfoCards] Skipping DrawText replay because the captured TextStyleSetting is missing.
[14:52:18.356] [1] [WARNING] [BetterInfoCards] Skipping DrawText replay because the captured TextStyleSetting is missing.
[14:52:18.373] [1] [WARNING] [BetterInfoCards] Skipping DrawText replay because the captured TextStyleSetting is missing.
[14:52:18.389] [1] [WARNING] [BetterInfoCards] Skipping DrawText replay because the captured TextStyleSetting is missing.
[14:52:18.406] [1] [WARNING] [BetterInfoCards] Skipping DrawText replay because the captured TextStyleSetting is missing.
[14:52:18.423] [1] [WARNING] [BetterInfoCards] Skipping DrawText replay because the captured TextStyleSetting is missing.
[14:52:18.439] [1] [WARNING] [BetterInfoCards] Skipping DrawText replay because the captured TextStyleSetting is missing.
[14:52:18.455] [1] [WARNING] [BetterInfoCards] Skipping DrawText replay because the captured TextStyleSetting is missing.
[14:52:18.473] [1] [WARNING] [BetterInfoCards] Skipping DrawText replay because the captured TextStyleSetting is missing.
[14:52:18.489] [1] [WARNING] [BetterInfoCards] Skipping DrawText replay because the captured TextStyleSetting is missing.
[14:52:18.506] [1] [WARNING] [BetterInfoCards] Skipping DrawText replay because the captured TextStyleSetting is missing.
[14:52:18.522] [1] [WARNING] [BetterInfoCards] Skipping DrawText replay because the captured TextStyleSetting is missing.
[14:52:18.539] [1] [WARNING] [BetterInfoCards] Skipping DrawText replay because the captured TextStyleSetting is missing.
[14:52:18.555] [1] [WARNING] [BetterInfoCards] Skipping DrawText replay because the captured TextStyleSetting is missing.
[14:52:18.572] [1] [WARNING] [BetterInfoCards] Skipping DrawText replay because the captured TextStyleSetting is missing.
[14:52:18.588] [1] [WARNING] [BetterInfoCards] Skipping DrawText replay because the captured TextStyleSetting is missing.
[14:52:18.605] [1] [WARNING] [BetterInfoCards] Skipping DrawText replay because the captured TextStyleSetting is missing.
[14:52:18.621] [1] [WARNING] [BetterInfoCards] Skipping DrawText replay because the captured TextStyleSetting is missing.
[14:52:18.639] [1] [WARNING] [BetterInfoCards] Skipping DrawText replay because the captured TextStyleSetting is missing.
[14:52:18.655] [1] [WARNING] [BetterInfoCards] Skipping DrawText replay because the captured TextStyleSetting is missing.
[14:52:18.672] [1] [WARNING] [BetterInfoCards] Skipping DrawText replay because the captured TextStyleSetting is missing.
[14:52:18.689] [1] [WARNING] [BetterInfoCards] Skipping DrawText replay because the captured TextStyleSetting is missing.
[14:52:18.706] [1] [WARNING] [BetterInfoCards] Skipping DrawText replay because the captured TextStyleSetting is missing.
[14:52:18.722] [1] [WARNING] [BetterInfoCards] Skipping DrawText replay because the captured TextStyleSetting is missing.
[14:52:18.739] [1] [WARNING] [BetterInfoCards] Skipping DrawText replay because the captured TextStyleSetting is missing.
[14:52:18.756] [1] [WARNING] [BetterInfoCards] Skipping DrawText replay because the captured TextStyleSetting is missing.
[14:52:18.773] [1] [WARNING] [BetterInfoCards] Skipping DrawText replay because the captured TextStyleSetting is missing.
[14:52:18.790] [1] [WARNING] [BetterInfoCards] Skipping DrawText replay because the captured TextStyleSetting is missing.
[14:52:18.805] [1] [WARNING] [BetterInfoCards] Skipping DrawText replay because the captured TextStyleSetting is missing.
[14:52:18.823] [1] [WARNING] [BetterInfoCards] Skipping DrawText replay because the captured TextStyleSetting is missing.
[14:52:18.839] [1] [WARNING] [BetterInfoCards] Skipping DrawText replay because the captured TextStyleSetting is missing.
[14:52:18.856] [1] [WARNING] [BetterInfoCards] Skipping DrawText replay because the captured TextStyleSetting is missing.
[14:52:18.873] [1] [WARNING] [BetterInfoCards] Skipping DrawText replay because the captured TextStyleSetting is missing.
[14:52:18.890] [1] [WARNING] [BetterInfoCards] Skipping DrawText replay because the captured TextStyleSetting is missing.
[14:52:18.906] [1] [WARNING] [BetterInfoCards] Skipping DrawText replay because the captured TextStyleSetting is missing.
[14:52:18.922] [1] [WARNING] [BetterInfoCards] Skipping DrawText replay because the captured TextStyleSetting is missing.
[14:52:18.939] [1] [WARNING] [BetterInfoCards] Skipping DrawText replay because the captured TextStyleSetting is missing.
[14:52:18.956] [1] [WARNING] [BetterInfoCards] Skipping DrawText replay because the captured TextStyleSetting is missing.
[14:52:18.973] [1] [WARNING] [BetterInfoCards] Skipping DrawText replay because the captured TextStyleSetting is missing.
[14:52:18.988] [1] [WARNING] [BetterInfoCards] Skipping DrawText replay because the captured TextStyleSetting is missing.
[14:52:19.006] [1] [WARNING] [BetterInfoCards] Skipping DrawText replay because the captured TextStyleSetting is missing.
[14:52:19.026] [1] [WARNING] [BetterInfoCards] Skipping DrawText replay because the captured TextStyleSetting is missing.
[14:52:19.038] [1] [WARNING] [BetterInfoCards] Skipping DrawText replay because the captured TextStyleSetting is missing.
[14:52:19.055] [1] [WARNING] [BetterInfoCards] Skipping DrawText replay because the captured TextStyleSetting is missing.
[14:52:19.072] [1] [WARNING] [BetterInfoCards] Skipping DrawText replay because the captured TextStyleSetting is missing.
[14:52:19.089] [1] [WARNING] [BetterInfoCards] Skipping DrawText replay because the captured TextStyleSetting is missing.
[14:52:19.105] [1] [WARNING] [BetterInfoCards] Skipping DrawText replay because the captured TextStyleSetting is missing.
[14:52:19.122] [1] [WARNING] [BetterInfoCards] Skipping DrawText replay because the captured TextStyleSetting is missing.
[14:52:19.141] [1] [WARNING] [BetterInfoCards] Skipping DrawText replay because the captured TextStyleSetting is missing.
[14:52:19.155] [1] [WARNING] [BetterInfoCards] Skipping DrawText replay because the captured TextStyleSetting is missing.
[14:52:19.172] [1] [WARNING] [BetterInfoCards] Skipping DrawText replay because the captured TextStyleSetting is missing.
[14:52:19.189] [1] [WARNING] [BetterInfoCards] Skipping DrawText replay because the captured TextStyleSetting is missing.
[14:52:19.205] [1] [WARNING] [BetterInfoCards] Skipping DrawText replay because the captured TextStyleSetting is missing.
[14:52:19.223] [1] [WARNING] [BetterInfoCards] Skipping DrawText replay because the captured TextStyleSetting is missing.
[14:52:19.239] [1] [WARNING] [BetterInfoCards] Skipping DrawText replay because the captured TextStyleSetting is missing.
[14:52:19.255] [1] [WARNING] [BetterInfoCards] Skipping DrawText replay because the captured TextStyleSetting is missing.
[14:52:19.272] [1] [WARNING] [BetterInfoCards] Skipping DrawText replay because the captured TextStyleSetting is missing.
[14:52:19.288] [1] [WARNING] [BetterInfoCards] Skipping DrawText replay because the captured TextStyleSetting is missing.
[14:52:19.306] [1] [WARNING] [BetterInfoCards] Skipping DrawText replay because the captured TextStyleSetting is missing.
[14:52:19.322] [1] [WARNING] [BetterInfoCards] Skipping DrawText replay because the captured TextStyleSetting is missing.
[14:52:19.338] [1] [WARNING] [BetterInfoCards] Skipping DrawText replay because the captured TextStyleSetting is missing.
[14:52:19.356] [1] [WARNING] [BetterInfoCards] Skipping DrawText replay because the captured TextStyleSetting is missing.
[14:52:19.373] [1] [WARNING] [BetterInfoCards] Skipping DrawText replay because the captured TextStyleSetting is missing.
[14:52:19.388] [1] [WARNING] [BetterInfoCards] Skipping DrawText replay because the captured TextStyleSetting is missing.
[14:52:19.406] [1] [WARNING] [BetterInfoCards] Skipping DrawText replay because the captured TextStyleSetting is missing.
[14:52:19.422] [1] [WARNING] [BetterInfoCards] Skipping DrawText replay because the captured TextStyleSetting is missing.
[14:52:19.439] [1] [WARNING] [BetterInfoCards] Skipping DrawText replay because the captured TextStyleSetting is missing.
[14:52:19.455] [1] [WARNING] [BetterInfoCards] Skipping DrawText replay because the captured TextStyleSetting is missing.
[14:52:19.472] [1] [WARNING] [BetterInfoCards] Skipping DrawText replay because the captured TextStyleSetting is missing.
[14:52:19.489] [1] [WARNING] [BetterInfoCards] Skipping DrawText replay because the captured TextStyleSetting is missing.
[14:52:19.505] [1] [WARNING] [BetterInfoCards] Skipping DrawText replay because the captured TextStyleSetting is missing.
[14:52:19.522] [1] [WARNING] [BetterInfoCards] Skipping DrawText replay because the captured TextStyleSetting is missing.
[14:52:19.538] [1] [WARNING] [BetterInfoCards] Skipping DrawText replay because the captured TextStyleSetting is missing.
[14:52:19.555] [1] [WARNING] [BetterInfoCards] Skipping DrawText replay because the captured TextStyleSetting is missing.
[14:52:19.572] [1] [WARNING] [BetterInfoCards] Skipping DrawText replay because the captured TextStyleSetting is missing.
[14:52:19.589] [1] [WARNING] [BetterInfoCards] Skipping DrawText replay because the captured TextStyleSetting is missing.
[14:52:19.606] [1] [WARNING] [BetterInfoCards] Skipping DrawText replay because the captured TextStyleSetting is missing.
[14:52:19.623] [1] [WARNING] [BetterInfoCards] Skipping DrawText replay because the captured TextStyleSetting is missing.
[14:52:19.639] [1] [WARNING] [BetterInfoCards] Skipping DrawText replay because the captured TextStyleSetting is missing.
[14:52:19.655] [1] [WARNING] [BetterInfoCards] Skipping DrawText replay because the captured TextStyleSetting is missing.
[14:52:19.673] [1] [WARNING] [BetterInfoCards] Skipping DrawText replay because the captured TextStyleSetting is missing.
[14:52:19.688] [1] [WARNING] [BetterInfoCards] Skipping DrawText replay because the captured TextStyleSetting is missing.
[14:52:19.705] [1] [WARNING] [BetterInfoCards] Skipping DrawText replay because the captured TextStyleSetting is missing.
[14:52:19.722] [1] [WARNING] [BetterInfoCards] Skipping DrawText replay because the captured TextStyleSetting is missing.
[14:52:19.739] [1] [WARNING] [BetterInfoCards] Skipping DrawText replay because the captured TextStyleSetting is missing.
[14:52:19.755] [1] [WARNING] [BetterInfoCards] Skipping DrawText replay because the captured TextStyleSetting is missing.
[14:52:19.772] [1] [WARNING] [BetterInfoCards] Skipping DrawText replay because the captured TextStyleSetting is missing.
[14:52:19.788] [1] [WARNING] [BetterInfoCards] Skipping DrawText replay because the captured TextStyleSetting is missing.
[14:52:19.806] [1] [WARNING] [BetterInfoCards] Skipping DrawText replay because the captured TextStyleSetting is missing.
[14:52:19.823] [1] [WARNING] [BetterInfoCards] Skipping DrawText replay because the captured TextStyleSetting is missing.
[14:52:19.840] [1] [WARNING] [BetterInfoCards] Skipping DrawText replay because the captured TextStyleSetting is missing.
[14:52:19.855] [1] [WARNING] [BetterInfoCards] Skipping DrawText replay because the captured TextStyleSetting is missing.
[14:52:19.872] [1] [WARNING] [BetterInfoCards] Skipping DrawText replay because the captured TextStyleSetting is missing.
[14:52:19.890] [1] [WARNING] [BetterInfoCards] Skipping DrawText replay because the captured TextStyleSetting is missing.
[14:52:19.906] [1] [WARNING] [BetterInfoCards] Skipping DrawText replay because the captured TextStyleSetting is missing.
[14:52:19.922] [1] [WARNING] [BetterInfoCards] Skipping DrawText replay because the captured TextStyleSetting is missing.
[14:52:19.939] [1] [WARNING] [BetterInfoCards] Skipping DrawText replay because the captured TextStyleSetting is missing.
[14:52:19.956] [1] [WARNING] [BetterInfoCards] Skipping DrawText replay because the captured TextStyleSetting is missing.
[14:52:19.973] [1] [WARNING] [BetterInfoCards] Skipping DrawText replay because the captured TextStyleSetting is missing.
[14:52:19.989] [1] [WARNING] [BetterInfoCards] Skipping DrawText replay because the captured TextStyleSetting is missing.
[14:52:20.006] [1] [WARNING] [BetterInfoCards] Skipping DrawText replay because the captured TextStyleSetting is missing.
[14:52:20.022] [1] [WARNING] [BetterInfoCards] Skipping DrawText replay because the captured TextStyleSetting is missing.
[14:52:20.040] [1] [WARNING] [BetterInfoCards] Skipping DrawText replay because the captured TextStyleSetting is missing.
[14:52:20.056] [1] [WARNING] [BetterInfoCards] Skipping DrawText replay because the captured TextStyleSetting is missing.
[14:52:20.072] [1] [WARNING] [BetterInfoCards] Skipping DrawText replay because the captured TextStyleSetting is missing.
[14:52:20.088] [1] [WARNING] [BetterInfoCards] Skipping DrawText replay because the captured TextStyleSetting is missing.
[14:52:20.106] [1] [WARNING] [BetterInfoCards] Skipping DrawText replay because the captured TextStyleSetting is missing.
[14:52:20.122] [1] [WARNING] [BetterInfoCards] Skipping DrawText replay because the captured TextStyleSetting is missing.
[14:52:20.139] [1] [WARNING] [BetterInfoCards] Skipping DrawText replay because the captured TextStyleSetting is missing.
[14:52:20.155] [1] [WARNING] [BetterInfoCards] Skipping DrawText replay because the captured TextStyleSetting is missing.
[14:52:20.172] [1] [WARNING] [BetterInfoCards] Skipping DrawText replay because the captured TextStyleSetting is missing.
[14:52:20.188] [1] [WARNING] [BetterInfoCards] Skipping DrawText replay because the captured TextStyleSetting is missing.
[14:52:20.205] [1] [WARNING] [BetterInfoCards] Skipping DrawText replay because the captured TextStyleSetting is missing.
[14:52:20.221] [1] [WARNING] [BetterInfoCards] Skipping DrawText replay because the captured TextStyleSetting is missing.
[14:52:20.238] [1] [WARNING] [BetterInfoCards] Skipping DrawText replay because the captured TextStyleSetting is missing.
[14:52:20.255] [1] [WARNING] [BetterInfoCards] Skipping DrawText replay because the captured TextStyleSetting is missing.
[14:52:20.272] [1] [WARNING] [BetterInfoCards] Skipping DrawText replay because the captured TextStyleSetting is missing.
[14:52:20.288] [1] [WARNING] [BetterInfoCards] Skipping DrawText replay because the captured TextStyleSetting is missing.
[14:52:20.305] [1] [WARNING] [BetterInfoCards] Skipping DrawText replay because the captured TextStyleSetting is missing.
[14:52:20.322] [1] [WARNING] [BetterInfoCards] Skipping DrawText replay because the captured TextStyleSetting is missing.
[14:52:20.338] [1] [WARNING] [BetterInfoCards] Skipping DrawText replay because the captured TextStyleSetting is missing.
[14:52:20.355] [1] [WARNING] [BetterInfoCards] Skipping DrawText replay because the captured TextStyleSetting is missing.
[14:52:20.373] [1] [WARNING] [BetterInfoCards] Skipping DrawText replay because the captured TextStyleSetting is missing.
[14:52:20.389] [1] [WARNING] [BetterInfoCards] Skipping DrawText replay because the captured TextStyleSetting is missing.
[14:52:20.406] [1] [WARNING] [BetterInfoCards] Skipping DrawText replay because the captured TextStyleSetting is missing.
[14:52:20.422] [1] [WARNING] [BetterInfoCards] Skipping DrawText replay because the captured TextStyleSetting is missing.
[14:52:20.439] [1] [WARNING] [BetterInfoCards] Skipping DrawText replay because the captured TextStyleSetting is missing.
[14:52:20.455] [1] [WARNING] [BetterInfoCards] Skipping DrawText replay because the captured TextStyleSetting is missing.
[14:52:20.472] [1] [WARNING] [BetterInfoCards] Skipping DrawText replay because the captured TextStyleSetting is missing.
[14:52:20.488] [1] [WARNING] [BetterInfoCards] Skipping DrawText replay because the captured TextStyleSetting is missing.
[14:52:20.505] [1] [WARNING] [BetterInfoCards] Skipping DrawText replay because the captured TextStyleSetting is missing.
[14:52:20.522] [1] [WARNING] [BetterInfoCards] Skipping DrawText replay because the captured TextStyleSetting is missing.
[14:52:20.539] [1] [WARNING] [BetterInfoCards] Skipping DrawText replay because the captured TextStyleSetting is missing.
[14:52:20.555] [1] [WARNING] [BetterInfoCards] Skipping DrawText replay because the captured TextStyleSetting is missing.
[14:52:20.572] [1] [WARNING] [BetterInfoCards] Skipping DrawText replay because the captured TextStyleSetting is missing.
[14:52:20.588] [1] [WARNING] [BetterInfoCards] Skipping DrawText replay because the captured TextStyleSetting is missing.
[14:52:20.606] [1] [WARNING] [BetterInfoCards] Skipping DrawText replay because the captured TextStyleSetting is missing.
[14:52:20.622] [1] [WARNING] [BetterInfoCards] Skipping DrawText replay because the captured TextStyleSetting is missing.
[14:52:20.639] [1] [WARNING] [BetterInfoCards] Skipping DrawText replay because the captured TextStyleSetting is missing.
[14:52:20.655] [1] [WARNING] [BetterInfoCards] Skipping DrawText replay because the captured TextStyleSetting is missing.
[14:52:20.672] [1] [WARNING] [BetterInfoCards] Skipping DrawText replay because the captured TextStyleSetting is missing.
[14:52:20.688] [1] [WARNING] [BetterInfoCards] Skipping DrawText replay because the captured TextStyleSetting is missing.
[14:52:20.706] [1] [WARNING] [BetterInfoCards] Skipping DrawText replay because the captured TextStyleSetting is missing.
[14:52:20.722] [1] [WARNING] [BetterInfoCards] Skipping DrawText replay because the captured TextStyleSetting is missing.
[14:52:20.739] [1] [WARNING] [BetterInfoCards] Skipping DrawText replay because the captured TextStyleSetting is missing.
[14:52:20.755] [1] [WARNING] [BetterInfoCards] Skipping DrawText replay because the captured TextStyleSetting is missing.
[14:52:20.772] [1] [WARNING] [BetterInfoCards] Skipping DrawText replay because the captured TextStyleSetting is missing.
[14:52:20.788] [1] [WARNING] [BetterInfoCards] Skipping DrawText replay because the captured TextStyleSetting is missing.
[14:52:20.806] [1] [WARNING] [BetterInfoCards] Skipping DrawText replay because the captured TextStyleSetting is missing.
[14:52:20.822] [1] [WARNING] [BetterInfoCards] Skipping DrawText replay because the captured TextStyleSetting is missing.
[14:52:20.839] [1] [WARNING] [BetterInfoCards] Skipping DrawText replay because the captured TextStyleSetting is missing.
[14:52:20.855] [1] [WARNING] [BetterInfoCards] Skipping DrawText replay because the captured TextStyleSetting is missing.
[14:52:20.872] [1] [WARNING] [BetterInfoCards] Skipping DrawText replay because the captured TextStyleSetting is missing.
[14:52:20.889] [1] [WARNING] [BetterInfoCards] Skipping DrawText replay because the captured TextStyleSetting is missing.
[14:52:20.905] [1] [WARNING] [BetterInfoCards] Skipping DrawText replay because the captured TextStyleSetting is missing.
[14:52:20.922] [1] [WARNING] [BetterInfoCards] Skipping DrawText replay because the captured TextStyleSetting is missing.
[14:52:20.939] [1] [WARNING] [BetterInfoCards] Skipping DrawText replay because the captured TextStyleSetting is missing.
[14:52:20.955] [1] [WARNING] [BetterInfoCards] Skipping DrawText replay because the captured TextStyleSetting is missing.
[14:52:20.972] [1] [WARNING] [BetterInfoCards] Skipping DrawText replay because the captured TextStyleSetting is missing.
[14:52:20.989] [1] [WARNING] [BetterInfoCards] Skipping DrawText replay because the captured TextStyleSetting is missing.
[14:52:21.006] [1] [WARNING] [BetterInfoCards] Skipping DrawText replay because the captured TextStyleSetting is missing.
[14:52:21.022] [1] [WARNING] [BetterInfoCards] Skipping DrawText replay because the captured TextStyleSetting is missing.
[14:52:21.039] [1] [WARNING] [BetterInfoCards] Skipping DrawText replay because the captured TextStyleSetting is missing.
[14:52:21.057] [1] [WARNING] [BetterInfoCards] Skipping DrawText replay because the captured TextStyleSetting is missing.
[14:52:21.072] [1] [WARNING] [BetterInfoCards] Skipping DrawText replay because the captured TextStyleSetting is missing.
[14:52:21.089] [1] [WARNING] [BetterInfoCards] Skipping DrawText replay because the captured TextStyleSetting is missing.
[14:52:21.106] [1] [WARNING] [BetterInfoCards] Skipping DrawText replay because the captured TextStyleSetting is missing.
[14:52:21.122] [1] [WARNING] [BetterInfoCards] Skipping DrawText replay because the captured TextStyleSetting is missing.
[14:52:21.140] [1] [WARNING] [BetterInfoCards] Skipping DrawText replay because the captured TextStyleSetting is missing.
[14:52:21.155] [1] [WARNING] [BetterInfoCards] Skipping DrawText replay because the captured TextStyleSetting is missing.
[14:52:21.172] [1] [WARNING] [BetterInfoCards] Skipping DrawText replay because the captured TextStyleSetting is missing.
[14:52:21.188] [1] [WARNING] [BetterInfoCards] Skipping DrawText replay because the captured TextStyleSetting is missing.
[14:52:21.206] [1] [WARNING] [BetterInfoCards] Skipping DrawText replay because the captured TextStyleSetting is missing.
[14:52:21.222] [1] [WARNING] [BetterInfoCards] Skipping DrawText replay because the captured TextStyleSetting is missing.
[14:52:21.239] [1] [WARNING] [BetterInfoCards] Skipping DrawText replay because the captured TextStyleSetting is missing.
[14:52:21.255] [1] [WARNING] [BetterInfoCards] Skipping DrawText replay because the captured TextStyleSetting is missing.
[14:52:21.272] [1] [WARNING] [BetterInfoCards] Skipping DrawText replay because the captured TextStyleSetting is missing.
[14:52:21.288] [1] [WARNING] [BetterInfoCards] Skipping DrawText replay because the captured TextStyleSetting is missing.
[14:52:21.305] [1] [WARNING] [BetterInfoCards] Skipping DrawText replay because the captured TextStyleSetting is missing.
[14:52:21.322] [1] [WARNING] [BetterInfoCards] Skipping DrawText replay because the captured TextStyleSetting is missing.
[14:52:21.339] [1] [WARNING] [BetterInfoCards] Skipping DrawText replay because the captured TextStyleSetting is missing.
[14:52:21.356] [1] [WARNING] [BetterInfoCards] Skipping DrawText replay because the captured TextStyleSetting is missing.
[14:52:21.372] [1] [WARNING] [BetterInfoCards] Skipping DrawText replay because the captured TextStyleSetting is missing.
[14:52:21.388] [1] [WARNING] [BetterInfoCards] Skipping DrawText replay because the captured TextStyleSetting is missing.
[14:52:21.405] [1] [WARNING] [BetterInfoCards] Skipping DrawText replay because the captured TextStyleSetting is missing.
[14:52:21.422] [1] [WARNING] [BetterInfoCards] Skipping DrawText replay because the captured TextStyleSetting is missing.
[14:52:21.438] [1] [WARNING] [BetterInfoCards] Skipping DrawText replay because the captured TextStyleSetting is missing.
[14:52:21.455] [1] [WARNING] [BetterInfoCards] Skipping DrawText replay because the captured TextStyleSetting is missing.
[14:52:21.472] [1] [WARNING] [BetterInfoCards] Skipping DrawText replay because the captured TextStyleSetting is missing.
[14:52:21.489] [1] [WARNING] [BetterInfoCards] Skipping DrawText replay because the captured TextStyleSetting is missing.
[14:52:21.506] [1] [WARNING] [BetterInfoCards] Skipping DrawText replay because the captured TextStyleSetting is missing.
[14:52:21.522] [1] [WARNING] [BetterInfoCards] Skipping DrawText replay because the captured TextStyleSetting is missing.
[14:52:21.539] [1] [WARNING] [BetterInfoCards] Skipping DrawText replay because the captured TextStyleSetting is missing.
[14:52:21.555] [1] [WARNING] [BetterInfoCards] Skipping DrawText replay because the captured TextStyleSetting is missing.
[14:52:21.573] [1] [WARNING] [BetterInfoCards] Skipping DrawText replay because the captured TextStyleSetting is missing.
[14:52:21.588] [1] [WARNING] [BetterInfoCards] Skipping DrawText replay because the captured TextStyleSetting is missing.
[14:52:21.605] [1] [WARNING] [BetterInfoCards] Skipping DrawText replay because the captured TextStyleSetting is missing.
[14:52:21.622] [1] [WARNING] [BetterInfoCards] Skipping DrawText replay because the captured TextStyleSetting is missing.
[14:52:21.639] [1] [WARNING] [BetterInfoCards] Skipping DrawText replay because the captured TextStyleSetting is missing.
[14:52:21.656] [1] [WARNING] [BetterInfoCards] Skipping DrawText replay because the captured TextStyleSetting is missing.
[14:52:21.673] [1] [WARNING] [BetterInfoCards] Skipping DrawText replay because the captured TextStyleSetting is missing.
[14:52:21.689] [1] [WARNING] [BetterInfoCards] Skipping DrawText replay because the captured TextStyleSetting is missing.
[14:52:21.705] [1] [WARNING] [BetterInfoCards] Skipping DrawText replay because the captured TextStyleSetting is missing.
[14:52:21.723] [1] [WARNING] [BetterInfoCards] Skipping DrawText replay because the captured TextStyleSetting is missing.
[14:52:21.738] [1] [WARNING] [BetterInfoCards] Skipping DrawText replay because the captured TextStyleSetting is missing.
[14:52:21.755] [1] [WARNING] [BetterInfoCards] Skipping DrawText replay because the captured TextStyleSetting is missing.
[14:52:21.772] [1] [WARNING] [BetterInfoCards] Skipping DrawText replay because the captured TextStyleSetting is missing.
[14:52:21.789] [1] [WARNING] [BetterInfoCards] Skipping DrawText replay because the captured TextStyleSetting is missing.
[14:52:21.806] [1] [WARNING] [BetterInfoCards] Skipping DrawText replay because the captured TextStyleSetting is missing.
[14:52:21.822] [1] [WARNING] [BetterInfoCards] Skipping DrawText replay because the captured TextStyleSetting is missing.
[14:52:21.839] [1] [WARNING] [BetterInfoCards] Skipping DrawText replay because the captured TextStyleSetting is missing.
[14:52:21.855] [1] [WARNING] [BetterInfoCards] Skipping DrawText replay because the captured TextStyleSetting is missing.
[14:52:21.872] [1] [WARNING] [BetterInfoCards] Skipping DrawText replay because the captured TextStyleSetting is missing.
[14:52:21.888] [1] [WARNING] [BetterInfoCards] Skipping DrawText replay because the captured TextStyleSetting is missing.
[14:52:21.906] [1] [WARNING] [BetterInfoCards] Skipping DrawText replay because the captured TextStyleSetting is missing.
[14:52:21.921] [1] [WARNING] [BetterInfoCards] Skipping DrawText replay because the captured TextStyleSetting is missing.
[14:52:21.939] [1] [WARNING] [BetterInfoCards] Skipping DrawText replay because the captured TextStyleSetting is missing.
[14:52:21.955] [1] [WARNING] [BetterInfoCards] Skipping DrawText replay because the captured TextStyleSetting is missing.
[14:52:21.971] [1] [WARNING] [BetterInfoCards] Skipping DrawText replay because the captured TextStyleSetting is missing.
[14:52:21.988] [1] [WARNING] [BetterInfoCards] Skipping DrawText replay because the captured TextStyleSetting is missing.
[14:52:22.006] [1] [WARNING] [BetterInfoCards] Skipping DrawText replay because the captured TextStyleSetting is missing.
[14:52:22.022] [1] [WARNING] [BetterInfoCards] Skipping DrawText replay because the captured TextStyleSetting is missing.
[14:52:22.038] [1] [WARNING] [BetterInfoCards] Skipping DrawText replay because the captured TextStyleSetting is missing.
[14:52:22.055] [1] [WARNING] [BetterInfoCards] Skipping DrawText replay because the captured TextStyleSetting is missing.
[14:52:22.073] [1] [WARNING] [BetterInfoCards] Skipping DrawText replay because the captured TextStyleSetting is missing.
[14:52:22.088] [1] [WARNING] [BetterInfoCards] Skipping DrawText replay because the captured TextStyleSetting is missing.
[14:52:22.105] [1] [WARNING] [BetterInfoCards] Skipping DrawText replay because the captured TextStyleSetting is missing.
[14:52:22.123] [1] [WARNING] [BetterInfoCards] Skipping DrawText replay because the captured TextStyleSetting is missing.
[14:52:22.139] [1] [WARNING] [BetterInfoCards] Skipping DrawText replay because the captured TextStyleSetting is missing.
[14:52:22.155] [1] [WARNING] [BetterInfoCards] Skipping DrawText replay because the captured TextStyleSetting is missing.
[14:52:22.172] [1] [WARNING] [BetterInfoCards] Skipping DrawText replay because the captured TextStyleSetting is missing.
[14:52:22.188] [1] [WARNING] [BetterInfoCards] Skipping DrawText replay because the captured TextStyleSetting is missing.
[14:52:22.206] [1] [WARNING] [BetterInfoCards] Skipping DrawText replay because the captured TextStyleSetting is missing.
[14:52:22.222] [1] [WARNING] [BetterInfoCards] Skipping DrawText replay because the captured TextStyleSetting is missing.
[14:52:22.239] [1] [WARNING] [BetterInfoCards] Skipping DrawText replay because the captured TextStyleSetting is missing.
[14:52:22.255] [1] [WARNING] [BetterInfoCards] Skipping DrawText replay because the captured TextStyleSetting is missing.
[14:52:22.272] [1] [WARNING] [BetterInfoCards] Skipping DrawText replay because the captured TextStyleSetting is missing.
[14:52:22.288] [1] [WARNING] [BetterInfoCards] Skipping DrawText replay because the captured TextStyleSetting is missing.
[14:52:22.305] [1] [WARNING] [BetterInfoCards] Skipping DrawText replay because the captured TextStyleSetting is missing.
[14:52:22.322] [1] [WARNING] [BetterInfoCards] Skipping DrawText replay because the captured TextStyleSetting is missing.
[14:52:22.339] [1] [WARNING] [BetterInfoCards] Skipping DrawText replay because the captured TextStyleSetting is missing.
[14:52:22.355] [1] [WARNING] [BetterInfoCards] Skipping DrawText replay because the captured TextStyleSetting is missing.
[14:52:22.371] [1] [WARNING] [BetterInfoCards] Skipping DrawText replay because the captured TextStyleSetting is missing.
[14:52:22.389] [1] [WARNING] [BetterInfoCards] Skipping DrawText replay because the captured TextStyleSetting is missing.
[14:52:22.405] [1] [WARNING] [BetterInfoCards] Skipping DrawText replay because the captured TextStyleSetting is missing.
[14:52:22.421] [1] [WARNING] [BetterInfoCards] Skipping DrawText replay because the captured TextStyleSetting is missing.
[14:52:22.438] [1] [WARNING] [BetterInfoCards] Skipping DrawText replay because the captured TextStyleSetting is missing.
[14:52:22.455] [1] [WARNING] [BetterInfoCards] Skipping DrawText replay because the captured TextStyleSetting is missing.
[14:52:22.472] [1] [WARNING] [BetterInfoCards] Skipping DrawText replay because the captured TextStyleSetting is missing.
[14:52:22.489] [1] [WARNING] [BetterInfoCards] Skipping DrawText replay because the captured TextStyleSetting is missing.
[14:52:22.505] [1] [WARNING] [BetterInfoCards] Skipping DrawText replay because the captured TextStyleSetting is missing.
[14:52:22.522] [1] [WARNING] [BetterInfoCards] Skipping DrawText replay because the captured TextStyleSetting is missing.
[14:52:22.538] [1] [WARNING] [BetterInfoCards] Skipping DrawText replay because the captured TextStyleSetting is missing.
[14:52:22.555] [1] [WARNING] [BetterInfoCards] Skipping DrawText replay because the captured TextStyleSetting is missing.
[14:52:22.572] [1] [WARNING] [BetterInfoCards] Skipping DrawText replay because the captured TextStyleSetting is missing.
[14:52:22.588] [1] [WARNING] [BetterInfoCards] Skipping DrawText replay because the captured TextStyleSetting is missing.
[14:52:22.606] [1] [WARNING] [BetterInfoCards] Skipping DrawText replay because the captured TextStyleSetting is missing.
[14:52:22.621] [1] [WARNING] [BetterInfoCards] Skipping DrawText replay because the captured TextStyleSetting is missing.
[14:52:22.639] [1] [WARNING] [BetterInfoCards] Skipping DrawText replay because the captured TextStyleSetting is missing.
[14:52:22.655] [1] [WARNING] [BetterInfoCards] Skipping DrawText replay because the captured TextStyleSetting is missing.
[14:52:22.672] [1] [WARNING] [BetterInfoCards] Skipping DrawText replay because the captured TextStyleSetting is missing.
[14:52:22.688] [1] [WARNING] [BetterInfoCards] Skipping DrawText replay because the captured TextStyleSetting is missing.
[14:52:22.705] [1] [WARNING] [BetterInfoCards] Skipping DrawText replay because the captured TextStyleSetting is missing.
[14:52:22.721] [1] [WARNING] [BetterInfoCards] Skipping DrawText replay because the captured TextStyleSetting is missing.
[14:52:22.741] [1] [WARNING] [BetterInfoCards] Skipping DrawText replay because the captured TextStyleSetting is missing.
[14:52:22.755] [1] [WARNING] [BetterInfoCards] Skipping DrawText replay because the captured TextStyleSetting is missing.
[14:52:22.773] [1] [WARNING] [BetterInfoCards] Skipping DrawText replay because the captured TextStyleSetting is missing.
[14:52:22.788] [1] [WARNING] [BetterInfoCards] Skipping DrawText replay because the captured TextStyleSetting is missing.
[14:52:22.806] [1] [WARNING] [BetterInfoCards] Skipping DrawText replay because the captured TextStyleSetting is missing.
[14:52:22.822] [1] [WARNING] [BetterInfoCards] Skipping DrawText replay because the captured TextStyleSetting is missing.
[14:52:22.839] [1] [WARNING] [BetterInfoCards] Skipping DrawText replay because the captured TextStyleSetting is missing.
[14:52:22.855] [1] [WARNING] [BetterInfoCards] Skipping DrawText replay because the captured TextStyleSetting is missing.
[14:52:22.873] [1] [WARNING] [BetterInfoCards] Skipping DrawText replay because the captured TextStyleSetting is missing.
[14:52:22.889] [1] [WARNING] [BetterInfoCards] Skipping DrawText replay because the captured TextStyleSetting is missing.
[14:52:22.906] [1] [WARNING] [BetterInfoCards] Skipping DrawText replay because the captured TextStyleSetting is missing.
[14:52:22.922] [1] [WARNING] [BetterInfoCards] Skipping DrawText replay because the captured TextStyleSetting is missing.
[14:52:22.939] [1] [WARNING] [BetterInfoCards] Skipping DrawText replay because the captured TextStyleSetting is missing.
[14:52:22.955] [1] [WARNING] [BetterInfoCards] Skipping DrawText replay because the captured TextStyleSetting is missing.
[14:52:22.973] [1] [WARNING] [BetterInfoCards] Skipping DrawText replay because the captured TextStyleSetting is missing.
[14:52:22.989] [1] [WARNING] [BetterInfoCards] Skipping DrawText replay because the captured TextStyleSetting is missing.
[14:52:23.005] [1] [WARNING] [BetterInfoCards] Skipping DrawText replay because the captured TextStyleSetting is missing.
[14:52:23.022] [1] [WARNING] [BetterInfoCards] Skipping DrawText replay because the captured TextStyleSetting is missing.
[14:52:23.039] [1] [WARNING] [BetterInfoCards] Skipping DrawText replay because the captured TextStyleSetting is missing.
[14:52:23.056] [1] [WARNING] [BetterInfoCards] Skipping DrawText replay because the captured TextStyleSetting is missing.
[14:52:23.072] [1] [WARNING] [BetterInfoCards] Skipping DrawText replay because the captured TextStyleSetting is missing.
[14:52:23.090] [1] [WARNING] [BetterInfoCards] Skipping DrawText replay because the captured TextStyleSetting is missing.
[14:52:23.106] [1] [WARNING] [BetterInfoCards] Skipping DrawText replay because the captured TextStyleSetting is missing.
[14:52:23.123] [1] [WARNING] [BetterInfoCards] Skipping DrawText replay because the captured TextStyleSetting is missing.
[14:52:23.139] [1] [WARNING] [BetterInfoCards] Skipping DrawText replay because the captured TextStyleSetting is missing.
[14:52:23.155] [1] [WARNING] [BetterInfoCards] Skipping DrawText replay because the captured TextStyleSetting is missing.
[14:52:23.172] [1] [WARNING] [BetterInfoCards] Skipping DrawText replay because the captured TextStyleSetting is missing.
[14:52:23.189] [1] [WARNING] [BetterInfoCards] Skipping DrawText replay because the captured TextStyleSetting is missing.
[14:52:23.205] [1] [WARNING] [BetterInfoCards] Skipping DrawText replay because the captured TextStyleSetting is missing.
[14:52:23.223] [1] [WARNING] [BetterInfoCards] Skipping DrawText replay because the captured TextStyleSetting is missing.
[14:52:23.239] [1] [WARNING] [BetterInfoCards] Skipping DrawText replay because the captured TextStyleSetting is missing.
[14:52:23.256] [1] [WARNING] [BetterInfoCards] Skipping DrawText replay because the captured TextStyleSetting is missing.
[14:52:23.272] [1] [WARNING] [BetterInfoCards] Skipping DrawText replay because the captured TextStyleSetting is missing.
[14:52:23.289] [1] [WARNING] [BetterInfoCards] Skipping DrawText replay because the captured TextStyleSetting is missing.
[14:52:23.307] [1] [WARNING] [BetterInfoCards] Skipping DrawText replay because the captured TextStyleSetting is missing.
[14:52:23.323] [1] [WARNING] [BetterInfoCards] Skipping DrawText replay because the captured TextStyleSetting is missing.
[14:52:23.339] [1] [WARNING] [BetterInfoCards] Skipping DrawText replay because the captured TextStyleSetting is missing.
[14:52:23.357] [1] [WARNING] [BetterInfoCards] Skipping DrawText replay because the captured TextStyleSetting is missing.
[14:52:23.372] [1] [WARNING] [BetterInfoCards] Skipping DrawText replay because the captured TextStyleSetting is missing.
[14:52:23.389] [1] [WARNING] [BetterInfoCards] Skipping DrawText replay because the captured TextStyleSetting is missing.
[14:52:27.073] [1] [WARNING] [BetterInfoCards] Unable to access the HoverTextDrawer shadow bar pool; skipping width resize.
[14:52:28.250] [1] [INFO] HERE:DragAreaMoreVisible:exception@OnActiveTool:Object reference not set to an instance of an object
[14:52:28.277] [1] [WARNING] [BetterInfoCards] Skipping DrawText replay because the captured TextStyleSetting is missing.
[14:52:28.301] [1] [WARNING] [BetterInfoCards] Skipping DrawText replay because the captured TextStyleSetting is missing.
[14:52:28.325] [1] [WARNING] [BetterInfoCards] Skipping DrawText replay because the captured TextStyleSetting is missing.
[14:52:28.339] [1] [WARNING] [BetterInfoCards] Skipping DrawText replay because the captured TextStyleSetting is missing.
[14:52:28.355] [1] [WARNING] [BetterInfoCards] Skipping DrawText replay because the captured TextStyleSetting is missing.
[14:52:28.373] [1] [WARNING] [BetterInfoCards] Skipping DrawText replay because the captured TextStyleSetting is missing.
[14:52:28.388] [1] [WARNING] [BetterInfoCards] Skipping DrawText replay because the captured TextStyleSetting is missing.
[14:52:28.405] [1] [WARNING] [BetterInfoCards] Skipping DrawText replay because the captured TextStyleSetting is missing.
[14:52:28.422] [1] [WARNING] [BetterInfoCards] Skipping DrawText replay because the captured TextStyleSetting is missing.
[14:52:28.439] [1] [WARNING] [BetterInfoCards] Skipping DrawText replay because the captured TextStyleSetting is missing.
[14:52:28.457] [1] [WARNING] [BetterInfoCards] Skipping DrawText replay because the captured TextStyleSetting is missing.
[14:52:28.472] [1] [WARNING] [BetterInfoCards] Skipping DrawText replay because the captured TextStyleSetting is missing.
[14:52:28.489] [1] [WARNING] [BetterInfoCards] Skipping DrawText replay because the captured TextStyleSetting is missing.
[14:52:28.505] [1] [WARNING] [BetterInfoCards] Skipping DrawText replay because the captured TextStyleSetting is missing.
[14:52:28.522] [1] [WARNING] [BetterInfoCards] Skipping DrawText replay because the captured TextStyleSetting is missing.
[14:52:28.539] [1] [WARNING] [BetterInfoCards] Skipping DrawText replay because the captured TextStyleSetting is missing.
[14:52:28.555] [1] [WARNING] [BetterInfoCards] Skipping DrawText replay because the captured TextStyleSetting is missing.
[14:52:28.572] [1] [WARNING] [BetterInfoCards] Skipping DrawText replay because the captured TextStyleSetting is missing.
[14:52:28.588] [1] [WARNING] [BetterInfoCards] Skipping DrawText replay because the captured TextStyleSetting is missing.
[14:52:28.606] [1] [WARNING] [BetterInfoCards] Skipping DrawText replay because the captured TextStyleSetting is missing.
[14:52:28.621] [1] [WARNING] [BetterInfoCards] Skipping DrawText replay because the captured TextStyleSetting is missing.
[14:52:28.638] [1] [WARNING] [BetterInfoCards] Skipping DrawText replay because the captured TextStyleSetting is missing.
[14:52:28.655] [1] [WARNING] [BetterInfoCards] Skipping DrawText replay because the captured TextStyleSetting is missing.
[14:52:28.672] [1] [WARNING] [BetterInfoCards] Skipping DrawText replay because the captured TextStyleSetting is missing.
[14:52:28.688] [1] [WARNING] [BetterInfoCards] Skipping DrawText replay because the captured TextStyleSetting is missing.
[14:52:28.705] [1] [WARNING] [BetterInfoCards] Skipping DrawText replay because the captured TextStyleSetting is missing.
[14:52:28.722] [1] [WARNING] [BetterInfoCards] Skipping DrawText replay because the captured TextStyleSetting is missing.
[14:52:28.738] [1] [WARNING] [BetterInfoCards] Skipping DrawText replay because the captured TextStyleSetting is missing.
[14:52:28.755] [1] [WARNING] [BetterInfoCards] Skipping DrawText replay because the captured TextStyleSetting is missing.
[14:52:28.771] [1] [WARNING] [BetterInfoCards] Skipping DrawText replay because the captured TextStyleSetting is missing.
[14:52:28.788] [1] [WARNING] [BetterInfoCards] Skipping DrawText replay because the captured TextStyleSetting is missing.
[14:52:28.805] [1] [WARNING] [BetterInfoCards] Skipping DrawText replay because the captured TextStyleSetting is missing.
[14:52:28.823] [1] [WARNING] [BetterInfoCards] Skipping DrawText replay because the captured TextStyleSetting is missing.
[14:52:28.838] [1] [WARNING] [BetterInfoCards] Skipping DrawText replay because the captured TextStyleSetting is missing.
[14:52:28.855] [1] [WARNING] [BetterInfoCards] Skipping DrawText replay because the captured TextStyleSetting is missing.
[14:52:28.872] [1] [WARNING] [BetterInfoCards] Skipping DrawText replay because the captured TextStyleSetting is missing.
[14:52:28.888] [1] [WARNING] [BetterInfoCards] Skipping DrawText replay because the captured TextStyleSetting is missing.
[14:52:28.906] [1] [WARNING] [BetterInfoCards] Skipping DrawText replay because the captured TextStyleSetting is missing.
[14:52:28.922] [1] [WARNING] [BetterInfoCards] Skipping DrawText replay because the captured TextStyleSetting is missing.
[14:52:28.938] [1] [WARNING] [BetterInfoCards] Skipping DrawText replay because the captured TextStyleSetting is missing.
[14:52:28.955] [1] [WARNING] [BetterInfoCards] Skipping DrawText replay because the captured TextStyleSetting is missing.
[14:52:28.972] [1] [WARNING] [BetterInfoCards] Skipping DrawText replay because the captured TextStyleSetting is missing.
[14:52:28.988] [1] [WARNING] [BetterInfoCards] Skipping DrawText replay because the captured TextStyleSetting is missing.
[14:52:29.005] [1] [WARNING] [BetterInfoCards] Skipping DrawText replay because the captured TextStyleSetting is missing.
[14:52:29.021] [1] [WARNING] [BetterInfoCards] Skipping DrawText replay because the captured TextStyleSetting is missing.
[14:52:29.038] [1] [WARNING] [BetterInfoCards] Skipping DrawText replay because the captured TextStyleSetting is missing.
[14:52:29.055] [1] [WARNING] [BetterInfoCards] Skipping DrawText replay because the captured TextStyleSetting is missing.
[14:52:29.072] [1] [WARNING] [BetterInfoCards] Skipping DrawText replay because the captured TextStyleSetting is missing.
[14:52:29.088] [1] [WARNING] [BetterInfoCards] Skipping DrawText replay because the captured TextStyleSetting is missing.
[14:52:29.105] [1] [WARNING] [BetterInfoCards] Skipping DrawText replay because the captured TextStyleSetting is missing.
[14:52:29.122] [1] [WARNING] [BetterInfoCards] Skipping DrawText replay because the captured TextStyleSetting is missing.
[14:52:29.138] [1] [WARNING] [BetterInfoCards] Skipping DrawText replay because the captured TextStyleSetting is missing.
[14:52:29.155] [1] [WARNING] [BetterInfoCards] Skipping DrawText replay because the captured TextStyleSetting is missing.
[14:52:29.172] [1] [WARNING] [BetterInfoCards] Skipping DrawText replay because the captured TextStyleSetting is missing.
[14:52:29.189] [1] [WARNING] [BetterInfoCards] Skipping DrawText replay because the captured TextStyleSetting is missing.
[14:52:29.205] [1] [WARNING] [BetterInfoCards] Skipping DrawText replay because the captured TextStyleSetting is missing.
[14:52:29.222] [1] [WARNING] [BetterInfoCards] Skipping DrawText replay because the captured TextStyleSetting is missing.
[14:52:29.239] [1] [WARNING] [BetterInfoCards] Skipping DrawText replay because the captured TextStyleSetting is missing.
[14:52:29.255] [1] [WARNING] [BetterInfoCards] Skipping DrawText replay because the captured TextStyleSetting is missing.
[14:52:29.273] [1] [WARNING] [BetterInfoCards] Skipping DrawText replay because the captured TextStyleSetting is missing.
[14:52:29.289] [1] [WARNING] [BetterInfoCards] Skipping DrawText replay because the captured TextStyleSetting is missing.
[14:52:29.305] [1] [WARNING] [BetterInfoCards] Skipping DrawText replay because the captured TextStyleSetting is missing.
[14:52:29.322] [1] [WARNING] [BetterInfoCards] Skipping DrawText replay because the captured TextStyleSetting is missing.
[14:52:29.338] [1] [WARNING] [BetterInfoCards] Skipping DrawText replay because the captured TextStyleSetting is missing.
[14:52:29.355] [1] [WARNING] [BetterInfoCards] Skipping DrawText replay because the captured TextStyleSetting is missing.
[14:52:29.372] [1] [WARNING] [BetterInfoCards] Skipping DrawText replay because the captured TextStyleSetting is missing.
[14:52:29.388] [1] [WARNING] [BetterInfoCards] Skipping DrawText replay because the captured TextStyleSetting is missing.
[14:52:29.406] [1] [WARNING] [BetterInfoCards] Skipping DrawText replay because the captured TextStyleSetting is missing.
[14:52:29.422] [1] [WARNING] [BetterInfoCards] Skipping DrawText replay because the captured TextStyleSetting is missing.
[14:52:29.438] [1] [WARNING] [BetterInfoCards] Skipping DrawText replay because the captured TextStyleSetting is missing.
[14:52:29.455] [1] [WARNING] [BetterInfoCards] Skipping DrawText replay because the captured TextStyleSetting is missing.
[14:52:29.472] [1] [WARNING] [BetterInfoCards] Skipping DrawText replay because the captured TextStyleSetting is missing.
[14:52:29.489] [1] [WARNING] [BetterInfoCards] Skipping DrawText replay because the captured TextStyleSetting is missing.
[14:52:29.505] [1] [WARNING] [BetterInfoCards] Skipping DrawText replay because the captured TextStyleSetting is missing.
[14:52:29.522] [1] [WARNING] [BetterInfoCards] Skipping DrawText replay because the captured TextStyleSetting is missing.
[14:52:29.539] [1] [WARNING] [BetterInfoCards] Skipping DrawText replay because the captured TextStyleSetting is missing.
[14:52:29.555] [1] [WARNING] [BetterInfoCards] Skipping DrawText replay because the captured TextStyleSetting is missing.
[14:52:29.572] [1] [WARNING] [BetterInfoCards] Skipping DrawText replay because the captured TextStyleSetting is missing.
[14:52:29.588] [1] [WARNING] [BetterInfoCards] Skipping DrawText replay because the captured TextStyleSetting is missing.
[14:52:29.606] [1] [WARNING] [BetterInfoCards] Skipping DrawText replay because the captured TextStyleSetting is missing.
[14:52:29.622] [1] [WARNING] [BetterInfoCards] Skipping DrawText replay because the captured TextStyleSetting is missing.
[14:52:29.640] [1] [WARNING] [BetterInfoCards] Skipping DrawText replay because the captured TextStyleSetting is missing.
[14:52:29.655] [1] [WARNING] [BetterInfoCards] Skipping DrawText replay because the captured TextStyleSetting is missing.
[14:52:29.672] [1] [WARNING] [BetterInfoCards] Skipping DrawText replay because the captured TextStyleSetting is missing.
[14:52:29.688] [1] [WARNING] [BetterInfoCards] Skipping DrawText replay because the captured TextStyleSetting is missing.
[14:52:29.705] [1] [WARNING] [BetterInfoCards] Skipping DrawText replay because the captured TextStyleSetting is missing.
[14:52:29.723] [1] [WARNING] [BetterInfoCards] Skipping DrawText replay because the captured TextStyleSetting is missing.
[14:52:29.739] [1] [WARNING] [BetterInfoCards] Skipping DrawText replay because the captured TextStyleSetting is missing.
[14:52:29.755] [1] [WARNING] [BetterInfoCards] Skipping DrawText replay because the captured TextStyleSetting is missing.
[14:52:29.773] [1] [WARNING] [BetterInfoCards] Skipping DrawText replay because the captured TextStyleSetting is missing.
[14:52:29.789] [1] [WARNING] [BetterInfoCards] Skipping DrawText replay because the captured TextStyleSetting is missing.
[14:52:29.806] [1] [WARNING] [BetterInfoCards] Skipping DrawText replay because the captured TextStyleSetting is missing.
[14:52:29.822] [1] [WARNING] [BetterInfoCards] Skipping DrawText replay because the captured TextStyleSetting is missing.
[14:52:29.839] [1] [WARNING] [BetterInfoCards] Skipping DrawText replay because the captured TextStyleSetting is missing.
[14:52:29.855] [1] [WARNING] [BetterInfoCards] Skipping DrawText replay because the captured TextStyleSetting is missing.
[14:52:29.872] [1] [WARNING] [BetterInfoCards] Skipping DrawText replay because the captured TextStyleSetting is missing.
[14:52:29.889] [1] [WARNING] [BetterInfoCards] Skipping DrawText replay because the captured TextStyleSetting is missing.
[14:52:29.905] [1] [WARNING] [BetterInfoCards] Skipping DrawText replay because the captured TextStyleSetting is missing.
[14:52:29.923] [1] [WARNING] [BetterInfoCards] Skipping DrawText replay because the captured TextStyleSetting is missing.
[14:52:29.939] [1] [WARNING] [BetterInfoCards] Skipping DrawText replay because the captured TextStyleSetting is missing.
[14:52:29.956] [1] [WARNING] [BetterInfoCards] Skipping DrawText replay because the captured TextStyleSetting is missing.
[14:52:29.973] [1] [WARNING] [BetterInfoCards] Skipping DrawText replay because the captured TextStyleSetting is missing.
[14:52:29.989] [1] [WARNING] [BetterInfoCards] Skipping DrawText replay because the captured TextStyleSetting is missing.
[14:52:30.005] [1] [WARNING] [BetterInfoCards] Skipping DrawText replay because the captured TextStyleSetting is missing.
[14:52:30.022] [1] [WARNING] [BetterInfoCards] Skipping DrawText replay because the captured TextStyleSetting is missing.
[14:52:30.038] [1] [WARNING] [BetterInfoCards] Skipping DrawText replay because the captured TextStyleSetting is missing.
[14:52:30.055] [1] [WARNING] [BetterInfoCards] Skipping DrawText replay because the captured TextStyleSetting is missing.
[14:52:30.073] [1] [WARNING] [BetterInfoCards] Skipping DrawText replay because the captured TextStyleSetting is missing.
[14:52:30.088] [1] [WARNING] [BetterInfoCards] Skipping DrawText replay because the captured TextStyleSetting is missing.
[14:52:30.105] [1] [WARNING] [BetterInfoCards] Skipping DrawText replay because the captured TextStyleSetting is missing.
[14:52:30.123] [1] [WARNING] [BetterInfoCards] Skipping DrawText replay because the captured TextStyleSetting is missing.
[14:52:30.139] [1] [WARNING] [BetterInfoCards] Skipping DrawText replay because the captured TextStyleSetting is missing.
[14:52:30.155] [1] [WARNING] [BetterInfoCards] Skipping DrawText replay because the captured TextStyleSetting is missing.
[14:52:30.172] [1] [WARNING] [BetterInfoCards] Skipping DrawText replay because the captured TextStyleSetting is missing.
[14:52:30.189] [1] [WARNING] [BetterInfoCards] Skipping DrawText replay because the captured TextStyleSetting is missing.
[14:52:30.205] [1] [WARNING] [BetterInfoCards] Skipping DrawText replay because the captured TextStyleSetting is missing.
[14:52:30.222] [1] [WARNING] [BetterInfoCards] Skipping DrawText replay because the captured TextStyleSetting is missing.
[14:52:30.238] [1] [WARNING] [BetterInfoCards] Skipping DrawText replay because the captured TextStyleSetting is missing.
[14:52:30.255] [1] [WARNING] [BetterInfoCards] Skipping DrawText replay because the captured TextStyleSetting is missing.
[14:52:30.273] [1] [WARNING] [BetterInfoCards] Skipping DrawText replay because the captured TextStyleSetting is missing.
[14:52:30.290] [1] [WARNING] [BetterInfoCards] Skipping DrawText replay because the captured TextStyleSetting is missing.
[14:52:30.305] [1] [WARNING] [BetterInfoCards] Skipping DrawText replay because the captured TextStyleSetting is missing.
[14:52:30.322] [1] [WARNING] [BetterInfoCards] Skipping DrawText replay because the captured TextStyleSetting is missing.
[14:52:30.339] [1] [WARNING] [BetterInfoCards] Skipping DrawText replay because the captured TextStyleSetting is missing.
[14:52:30.355] [1] [WARNING] [BetterInfoCards] Skipping DrawText replay because the captured TextStyleSetting is missing.
[14:52:30.373] [1] [WARNING] [BetterInfoCards] Skipping DrawText replay because the captured TextStyleSetting is missing.
[14:52:30.389] [1] [WARNING] [BetterInfoCards] Skipping DrawText replay because the captured TextStyleSetting is missing.
[14:52:30.406] [1] [WARNING] [BetterInfoCards] Skipping DrawText replay because the captured TextStyleSetting is missing.
[14:52:30.423] [1] [WARNING] [BetterInfoCards] Skipping DrawText replay because the captured TextStyleSetting is missing.
[14:52:30.439] [1] [WARNING] [BetterInfoCards] Skipping DrawText replay because the captured TextStyleSetting is missing.
[14:52:30.455] [1] [WARNING] [BetterInfoCards] Skipping DrawText replay because the captured TextStyleSetting is missing.
[14:52:30.473] [1] [WARNING] [BetterInfoCards] Skipping DrawText replay because the captured TextStyleSetting is missing.
[14:52:30.489] [1] [WARNING] [BetterInfoCards] Skipping DrawText replay because the captured TextStyleSetting is missing.
[14:52:30.505] [1] [WARNING] [BetterInfoCards] Skipping DrawText replay because the captured TextStyleSetting is missing.
[14:52:30.522] [1] [WARNING] [BetterInfoCards] Skipping DrawText replay because the captured TextStyleSetting is missing.
[14:52:30.538] [1] [WARNING] [BetterInfoCards] Skipping DrawText replay because the captured TextStyleSetting is missing.
[14:52:30.555] [1] [WARNING] [BetterInfoCards] Skipping DrawText replay because the captured TextStyleSetting is missing.
[14:52:30.572] [1] [WARNING] [BetterInfoCards] Skipping DrawText replay because the captured TextStyleSetting is missing.
[14:52:30.588] [1] [WARNING] [BetterInfoCards] Skipping DrawText replay because the captured TextStyleSetting is missing.
[14:52:30.605] [1] [WARNING] [BetterInfoCards] Skipping DrawText replay because the captured TextStyleSetting is missing.
[14:52:30.621] [1] [WARNING] [BetterInfoCards] Skipping DrawText replay because the captured TextStyleSetting is missing.
[14:52:30.638] [1] [WARNING] [BetterInfoCards] Skipping DrawText replay because the captured TextStyleSetting is missing.
[14:52:30.656] [1] [WARNING] [BetterInfoCards] Skipping DrawText replay because the captured TextStyleSetting is missing.
[14:52:30.672] [1] [WARNING] [BetterInfoCards] Skipping DrawText replay because the captured TextStyleSetting is missing.
[14:52:30.688] [1] [WARNING] [BetterInfoCards] Skipping DrawText replay because the captured TextStyleSetting is missing.
[14:52:30.705] [1] [WARNING] [BetterInfoCards] Skipping DrawText replay because the captured TextStyleSetting is missing.
[14:52:30.722] [1] [WARNING] [BetterInfoCards] Skipping DrawText replay because the captured TextStyleSetting is missing.
[14:52:30.739] [1] [WARNING] [BetterInfoCards] Skipping DrawText replay because the captured TextStyleSetting is missing.
[14:52:30.755] [1] [WARNING] [BetterInfoCards] Skipping DrawText replay because the captured TextStyleSetting is missing.
[14:52:30.771] [1] [WARNING] [BetterInfoCards] Skipping DrawText replay because the captured TextStyleSetting is missing.
[14:52:30.788] [1] [WARNING] [BetterInfoCards] Skipping DrawText replay because the captured TextStyleSetting is missing.
[14:52:30.806] [1] [WARNING] [BetterInfoCards] Skipping DrawText replay because the captured TextStyleSetting is missing.
[14:52:30.821] [1] [WARNING] [BetterInfoCards] Skipping DrawText replay because the captured TextStyleSetting is missing.
[14:52:30.839] [1] [WARNING] [BetterInfoCards] Skipping DrawText replay because the captured TextStyleSetting is missing.
[14:52:30.855] [1] [WARNING] [BetterInfoCards] Skipping DrawText replay because the captured TextStyleSetting is missing.
[14:52:30.872] [1] [WARNING] [BetterInfoCards] Skipping DrawText replay because the captured TextStyleSetting is missing.
[14:52:30.888] [1] [WARNING] [BetterInfoCards] Skipping DrawText replay because the captured TextStyleSetting is missing.
[14:52:30.905] [1] [WARNING] [BetterInfoCards] Skipping DrawText replay because the captured TextStyleSetting is missing.
[14:52:30.923] [1] [WARNING] [BetterInfoCards] Skipping DrawText replay because the captured TextStyleSetting is missing.
[14:52:30.942] [1] [WARNING] [BetterInfoCards] Skipping DrawText replay because the captured TextStyleSetting is missing.
[14:52:30.955] [1] [WARNING] [BetterInfoCards] Skipping DrawText replay because the captured TextStyleSetting is missing.
[14:52:30.972] [1] [WARNING] [BetterInfoCards] Skipping DrawText replay because the captured TextStyleSetting is missing.
[14:52:30.988] [1] [WARNING] [BetterInfoCards] Skipping DrawText replay because the captured TextStyleSetting is missing.
[14:52:31.005] [1] [WARNING] [BetterInfoCards] Skipping DrawText replay because the captured TextStyleSetting is missing.
[14:52:31.024] [1] [WARNING] [BetterInfoCards] Skipping DrawText replay because the captured TextStyleSetting is missing.
[14:52:31.038] [1] [WARNING] [BetterInfoCards] Skipping DrawText replay because the captured TextStyleSetting is missing.
[14:52:31.055] [1] [WARNING] [BetterInfoCards] Skipping DrawText replay because the captured TextStyleSetting is missing.
[14:52:31.072] [1] [WARNING] [BetterInfoCards] Skipping DrawText replay because the captured TextStyleSetting is missing.
[14:52:31.088] [1] [WARNING] [BetterInfoCards] Skipping DrawText replay because the captured TextStyleSetting is missing.
[14:52:31.105] [1] [WARNING] [BetterInfoCards] Skipping DrawText replay because the captured TextStyleSetting is missing.
[14:52:31.122] [1] [WARNING] [BetterInfoCards] Skipping DrawText replay because the captured TextStyleSetting is missing.
[14:52:31.139] [1] [WARNING] [BetterInfoCards] Skipping DrawText replay because the captured TextStyleSetting is missing.
[14:52:31.155] [1] [WARNING] [BetterInfoCards] Skipping DrawText replay because the captured TextStyleSetting is missing.
[14:52:31.172] [1] [WARNING] [BetterInfoCards] Skipping DrawText replay because the captured TextStyleSetting is missing.
[14:52:31.188] [1] [WARNING] [BetterInfoCards] Skipping DrawText replay because the captured TextStyleSetting is missing.
[14:52:31.206] [1] [WARNING] [BetterInfoCards] Skipping DrawText replay because the captured TextStyleSetting is missing.
[14:52:31.222] [1] [WARNING] [BetterInfoCards] Skipping DrawText replay because the captured TextStyleSetting is missing.
[14:52:31.239] [1] [WARNING] [BetterInfoCards] Skipping DrawText replay because the captured TextStyleSetting is missing.
[14:52:31.255] [1] [WARNING] [BetterInfoCards] Skipping DrawText replay because the captured TextStyleSetting is missing.
[14:52:31.271] [1] [WARNING] [BetterInfoCards] Skipping DrawText replay because the captured TextStyleSetting is missing.
[14:52:31.288] [1] [WARNING] [BetterInfoCards] Skipping DrawText replay because the captured TextStyleSetting is missing.
[14:52:31.305] [1] [WARNING] [BetterInfoCards] Skipping DrawText replay because the captured TextStyleSetting is missing.
[14:52:31.321] [1] [WARNING] [BetterInfoCards] Skipping DrawText replay because the captured TextStyleSetting is missing.
[14:52:31.338] [1] [WARNING] [BetterInfoCards] Skipping DrawText replay because the captured TextStyleSetting is missing.
[14:52:31.355] [1] [WARNING] [BetterInfoCards] Skipping DrawText replay because the captured TextStyleSetting is missing.
[14:52:31.372] [1] [WARNING] [BetterInfoCards] Skipping DrawText replay because the captured TextStyleSetting is missing.
[14:52:31.388] [1] [WARNING] [BetterInfoCards] Skipping DrawText replay because the captured TextStyleSetting is missing.
[14:52:31.404] [1] [WARNING] [BetterInfoCards] Skipping DrawText replay because the captured TextStyleSetting is missing.
[14:52:31.422] [1] [WARNING] [BetterInfoCards] Skipping DrawText replay because the captured TextStyleSetting is missing.
[14:52:31.438] [1] [WARNING] [BetterInfoCards] Skipping DrawText replay because the captured TextStyleSetting is missing.
[14:52:31.455] [1] [WARNING] [BetterInfoCards] Skipping DrawText replay because the captured TextStyleSetting is missing.
[14:52:31.472] [1] [WARNING] [BetterInfoCards] Skipping DrawText replay because the captured TextStyleSetting is missing.
[14:52:31.488] [1] [WARNING] [BetterInfoCards] Skipping DrawText replay because the captured TextStyleSetting is missing.
[14:52:31.505] [1] [WARNING] [BetterInfoCards] Skipping DrawText replay because the captured TextStyleSetting is missing.
[14:52:31.521] [1] [WARNING] [BetterInfoCards] Skipping DrawText replay because the captured TextStyleSetting is missing.
[14:52:31.539] [1] [WARNING] [BetterInfoCards] Skipping DrawText replay because the captured TextStyleSetting is missing.
[14:52:31.555] [1] [WARNING] [BetterInfoCards] Skipping DrawText replay because the captured TextStyleSetting is missing.
[14:52:31.572] [1] [WARNING] [BetterInfoCards] Skipping DrawText replay because the captured TextStyleSetting is missing.
[14:52:31.587] [1] [WARNING] [BetterInfoCards] Skipping DrawText replay because the captured TextStyleSetting is missing.
[14:52:31.605] [1] [WARNING] [BetterInfoCards] Skipping DrawText replay because the captured TextStyleSetting is missing.
[14:52:31.622] [1] [WARNING] [BetterInfoCards] Skipping DrawText replay because the captured TextStyleSetting is missing.
[14:52:31.638] [1] [WARNING] [BetterInfoCards] Skipping DrawText replay because the captured TextStyleSetting is missing.
[14:52:31.655] [1] [WARNING] [BetterInfoCards] Skipping DrawText replay because the captured TextStyleSetting is missing.
[14:52:31.671] [1] [WARNING] [BetterInfoCards] Skipping DrawText replay because the captured TextStyleSetting is missing.
[14:52:31.688] [1] [WARNING] [BetterInfoCards] Skipping DrawText replay because the captured TextStyleSetting is missing.
[14:52:31.705] [1] [WARNING] [BetterInfoCards] Skipping DrawText replay because the captured TextStyleSetting is missing.
[14:52:31.722] [1] [WARNING] [BetterInfoCards] Skipping DrawText replay because the captured TextStyleSetting is missing.
[14:52:31.739] [1] [WARNING] [BetterInfoCards] Skipping DrawText replay because the captured TextStyleSetting is missing.
[14:52:31.755] [1] [WARNING] [BetterInfoCards] Skipping DrawText replay because the captured TextStyleSetting is missing.
[14:52:31.772] [1] [WARNING] [BetterInfoCards] Skipping DrawText replay because the captured TextStyleSetting is missing.
[14:52:31.789] [1] [WARNING] [BetterInfoCards] Skipping DrawText replay because the captured TextStyleSetting is missing.
[14:52:31.805] [1] [WARNING] [BetterInfoCards] Skipping DrawText replay because the captured TextStyleSetting is missing.
[14:52:31.822] [1] [WARNING] [BetterInfoCards] Skipping DrawText replay because the captured TextStyleSetting is missing.
[14:52:31.839] [1] [WARNING] [BetterInfoCards] Skipping DrawText replay because the captured TextStyleSetting is missing.
[14:52:31.855] [1] [WARNING] [BetterInfoCards] Skipping DrawText replay because the captured TextStyleSetting is missing.
[14:52:31.872] [1] [WARNING] [BetterInfoCards] Skipping DrawText replay because the captured TextStyleSetting is missing.
[14:52:31.888] [1] [WARNING] [BetterInfoCards] Skipping DrawText replay because the captured TextStyleSetting is missing.
[14:52:31.905] [1] [WARNING] [BetterInfoCards] Skipping DrawText replay because the captured TextStyleSetting is missing.
[14:52:31.921] [1] [WARNING] [BetterInfoCards] Skipping DrawText replay because the captured TextStyleSetting is missing.
[14:52:31.938] [1] [WARNING] [BetterInfoCards] Skipping DrawText replay because the captured TextStyleSetting is missing.
[14:52:31.955] [1] [WARNING] [BetterInfoCards] Skipping DrawText replay because the captured TextStyleSetting is missing.
[14:52:31.973] [1] [WARNING] [BetterInfoCards] Skipping DrawText replay because the captured TextStyleSetting is missing.
[14:52:31.988] [1] [WARNING] [BetterInfoCards] Skipping DrawText replay because the captured TextStyleSetting is missing.
[14:52:32.005] [1] [WARNING] [BetterInfoCards] Skipping DrawText replay because the captured TextStyleSetting is missing.
[14:52:32.021] [1] [WARNING] [BetterInfoCards] Skipping DrawText replay because the captured TextStyleSetting is missing.
[14:52:32.038] [1] [WARNING] [BetterInfoCards] Skipping DrawText replay because the captured TextStyleSetting is missing.
[14:52:32.055] [1] [WARNING] [BetterInfoCards] Skipping DrawText replay because the captured TextStyleSetting is missing.
[14:52:32.071] [1] [WARNING] [BetterInfoCards] Skipping DrawText replay because the captured TextStyleSetting is missing.
[14:52:32.088] [1] [WARNING] [BetterInfoCards] Skipping DrawText replay because the captured TextStyleSetting is missing.
[14:52:32.105] [1] [WARNING] [BetterInfoCards] Skipping DrawText replay because the captured TextStyleSetting is missing.
[14:52:32.122] [1] [WARNING] [BetterInfoCards] Skipping DrawText replay because the captured TextStyleSetting is missing.
[14:52:32.139] [1] [WARNING] [BetterInfoCards] Skipping DrawText replay because the captured TextStyleSetting is missing.
[14:52:32.155] [1] [WARNING] [BetterInfoCards] Skipping DrawText replay because the captured TextStyleSetting is missing.
[14:52:32.172] [1] [WARNING] [BetterInfoCards] Skipping DrawText replay because the captured TextStyleSetting is missing.
[14:52:32.188] [1] [WARNING] [BetterInfoCards] Skipping DrawText replay because the captured TextStyleSetting is missing.
[14:52:32.205] [1] [WARNING] [BetterInfoCards] Skipping DrawText replay because the captured TextStyleSetting is missing.
[14:52:32.222] [1] [WARNING] [BetterInfoCards] Skipping DrawText replay because the captured TextStyleSetting is missing.
[14:52:32.239] [1] [WARNING] [BetterInfoCards] Skipping DrawText replay because the captured TextStyleSetting is missing.
[14:52:32.255] [1] [WARNING] [BetterInfoCards] Skipping DrawText replay because the captured TextStyleSetting is missing.
[14:52:32.272] [1] [WARNING] [BetterInfoCards] Skipping DrawText replay because the captured TextStyleSetting is missing.
[14:52:32.288] [1] [WARNING] [BetterInfoCards] Skipping DrawText replay because the captured TextStyleSetting is missing.
[14:52:32.305] [1] [WARNING] [BetterInfoCards] Skipping DrawText replay because the captured TextStyleSetting is missing.
[14:52:32.322] [1] [WARNING] [BetterInfoCards] Skipping DrawText replay because the captured TextStyleSetting is missing.
[14:52:32.338] [1] [WARNING] [BetterInfoCards] Skipping DrawText replay because the captured TextStyleSetting is missing.
[14:52:32.355] [1] [WARNING] [BetterInfoCards] Skipping DrawText replay because the captured TextStyleSetting is missing.
[14:52:32.372] [1] [WARNING] [BetterInfoCards] Skipping DrawText replay because the captured TextStyleSetting is missing.
[14:52:32.388] [1] [WARNING] [BetterInfoCards] Skipping DrawText replay because the captured TextStyleSetting is missing.
[14:52:32.405] [1] [WARNING] [BetterInfoCards] Skipping DrawText replay because the captured TextStyleSetting is missing.
[14:52:32.422] [1] [WARNING] [BetterInfoCards] Skipping DrawText replay because the captured TextStyleSetting is missing.
[14:52:32.439] [1] [WARNING] [BetterInfoCards] Skipping DrawText replay because the captured TextStyleSetting is missing.
[14:52:32.455] [1] [WARNING] [BetterInfoCards] Skipping DrawText replay because the captured TextStyleSetting is missing.
[14:52:32.471] [1] [WARNING] [BetterInfoCards] Skipping DrawText replay because the captured TextStyleSetting is missing.
[14:52:32.488] [1] [WARNING] [BetterInfoCards] Skipping DrawText replay because the captured TextStyleSetting is missing.
[14:52:32.505] [1] [WARNING] [BetterInfoCards] Skipping DrawText replay because the captured TextStyleSetting is missing.
[14:52:32.521] [1] [WARNING] [BetterInfoCards] Skipping DrawText replay because the captured TextStyleSetting is missing.
[14:52:32.538] [1] [WARNING] [BetterInfoCards] Skipping DrawText replay because the captured TextStyleSetting is missing.
[14:52:32.555] [1] [WARNING] [BetterInfoCards] Skipping DrawText replay because the captured TextStyleSetting is missing.
[14:52:32.576] [1] [WARNING] [BetterInfoCards] Skipping DrawText replay because the captured TextStyleSetting is missing.
[14:52:32.589] [1] [WARNING] [BetterInfoCards] Skipping DrawText replay because the captured TextStyleSetting is missing.
[14:52:32.604] [1] [WARNING] [BetterInfoCards] Skipping DrawText replay because the captured TextStyleSetting is missing.
[14:52:32.622] [1] [WARNING] [BetterInfoCards] Skipping DrawText replay because the captured TextStyleSetting is missing.
[14:52:32.638] [1] [WARNING] [BetterInfoCards] Skipping DrawText replay because the captured TextStyleSetting is missing.
[14:52:32.655] [1] [WARNING] [BetterInfoCards] Skipping DrawText replay because the captured TextStyleSetting is missing.
[14:52:32.672] [1] [WARNING] [BetterInfoCards] Skipping DrawText replay because the captured TextStyleSetting is missing.
[14:52:32.688] [1] [WARNING] [BetterInfoCards] Skipping DrawText replay because the captured TextStyleSetting is missing.
[14:52:32.705] [1] [WARNING] [BetterInfoCards] Skipping DrawText replay because the captured TextStyleSetting is missing.
[14:52:32.721] [1] [WARNING] [BetterInfoCards] Skipping DrawText replay because the captured TextStyleSetting is missing.
[14:52:32.738] [1] [WARNING] [BetterInfoCards] Skipping DrawText replay because the captured TextStyleSetting is missing.
[14:52:32.755] [1] [WARNING] [BetterInfoCards] Skipping DrawText replay because the captured TextStyleSetting is missing.
[14:52:32.772] [1] [WARNING] [BetterInfoCards] Skipping DrawText replay because the captured TextStyleSetting is missing.
[14:52:32.788] [1] [WARNING] [BetterInfoCards] Skipping DrawText replay because the captured TextStyleSetting is missing.
[14:52:32.805] [1] [WARNING] [BetterInfoCards] Skipping DrawText replay because the captured TextStyleSetting is missing.
[14:52:32.821] [1] [WARNING] [BetterInfoCards] Skipping DrawText replay because the captured TextStyleSetting is missing.
[14:52:32.838] [1] [WARNING] [BetterInfoCards] Skipping DrawText replay because the captured TextStyleSetting is missing.
[14:52:32.855] [1] [WARNING] [BetterInfoCards] Skipping DrawText replay because the captured TextStyleSetting is missing.
[14:52:32.871] [1] [WARNING] [BetterInfoCards] Skipping DrawText replay because the captured TextStyleSetting is missing.
[14:52:32.888] [1] [WARNING] [BetterInfoCards] Skipping DrawText replay because the captured TextStyleSetting is missing.
[14:52:32.905] [1] [WARNING] [BetterInfoCards] Skipping DrawText replay because the captured TextStyleSetting is missing.
[14:52:32.921] [1] [WARNING] [BetterInfoCards] Skipping DrawText replay because the captured TextStyleSetting is missing.
[14:52:32.938] [1] [WARNING] [BetterInfoCards] Skipping DrawText replay because the captured TextStyleSetting is missing.
[14:52:32.955] [1] [WARNING] [BetterInfoCards] Skipping DrawText replay because the captured TextStyleSetting is missing.
[14:52:32.971] [1] [WARNING] [BetterInfoCards] Skipping DrawText replay because the captured TextStyleSetting is missing.
[14:52:32.989] [1] [WARNING] [BetterInfoCards] Skipping DrawText replay because the captured TextStyleSetting is missing.
[14:52:33.005] [1] [WARNING] [BetterInfoCards] Skipping DrawText replay because the captured TextStyleSetting is missing.
[14:52:33.022] [1] [WARNING] [BetterInfoCards] Skipping DrawText replay because the captured TextStyleSetting is missing.
[14:52:33.038] [1] [WARNING] [BetterInfoCards] Skipping DrawText replay because the captured TextStyleSetting is missing.
[14:52:33.055] [1] [WARNING] [BetterInfoCards] Skipping DrawText replay because the captured TextStyleSetting is missing.
[14:52:33.077] [1] [WARNING] [BetterInfoCards] Skipping DrawText replay because the captured TextStyleSetting is missing.
[14:52:33.088] [1] [WARNING] [BetterInfoCards] Skipping DrawText replay because the captured TextStyleSetting is missing.
[14:52:33.105] [1] [WARNING] [BetterInfoCards] Skipping DrawText replay because the captured TextStyleSetting is missing.
[14:52:33.121] [1] [WARNING] [BetterInfoCards] Skipping DrawText replay because the captured TextStyleSetting is missing.
[14:52:33.139] [1] [WARNING] [BetterInfoCards] Skipping DrawText replay because the captured TextStyleSetting is missing.
[14:52:33.155] [1] [WARNING] [BetterInfoCards] Skipping DrawText replay because the captured TextStyleSetting is missing.
[14:52:33.171] [1] [WARNING] [BetterInfoCards] Skipping DrawText replay because the captured TextStyleSetting is missing.
[14:52:33.188] [1] [WARNING] [BetterInfoCards] Skipping DrawText replay because the captured TextStyleSetting is missing.
[14:52:33.205] [1] [WARNING] [BetterInfoCards] Skipping DrawText replay because the captured TextStyleSetting is missing.
[14:52:33.223] [1] [WARNING] [BetterInfoCards] Skipping DrawText replay because the captured TextStyleSetting is missing.
[14:52:33.239] [1] [WARNING] [BetterInfoCards] Skipping DrawText replay because the captured TextStyleSetting is missing.
[14:52:33.256] [1] [WARNING] [BetterInfoCards] Skipping DrawText replay because the captured TextStyleSetting is missing.
[14:52:33.272] [1] [WARNING] [BetterInfoCards] Skipping DrawText replay because the captured TextStyleSetting is missing.
[14:52:33.288] [1] [WARNING] [BetterInfoCards] Skipping DrawText replay because the captured TextStyleSetting is missing.
[14:52:33.306] [1] [WARNING] [BetterInfoCards] Skipping DrawText replay because the captured TextStyleSetting is missing.
[14:52:33.322] [1] [WARNING] [BetterInfoCards] Skipping DrawText replay because the captured TextStyleSetting is missing.
[14:52:33.339] [1] [WARNING] [BetterInfoCards] Skipping DrawText replay because the captured TextStyleSetting is missing.
[14:52:33.355] [1] [WARNING] [BetterInfoCards] Skipping DrawText replay because the captured TextStyleSetting is missing.
[14:52:33.373] [1] [WARNING] [BetterInfoCards] Skipping DrawText replay because the captured TextStyleSetting is missing.
[14:52:33.388] [1] [WARNING] [BetterInfoCards] Skipping DrawText replay because the captured TextStyleSetting is missing.
[14:52:33.405] [1] [WARNING] [BetterInfoCards] Skipping DrawText replay because the captured TextStyleSetting is missing.
[14:52:33.422] [1] [WARNING] [BetterInfoCards] Skipping DrawText replay because the captured TextStyleSetting is missing.
[14:52:33.439] [1] [WARNING] [BetterInfoCards] Skipping DrawText replay because the captured TextStyleSetting is missing.
[14:52:33.456] [1] [WARNING] [BetterInfoCards] Skipping DrawText replay because the captured TextStyleSetting is missing.
[14:52:33.471] [1] [WARNING] [BetterInfoCards] Skipping DrawText replay because the captured TextStyleSetting is missing.
[14:52:33.488] [1] [WARNING] [BetterInfoCards] Skipping DrawText replay because the captured TextStyleSetting is missing.
[14:52:33.505] [1] [WARNING] [BetterInfoCards] Skipping DrawText replay because the captured TextStyleSetting is missing.
[14:52:33.524] [1] [WARNING] [BetterInfoCards] Skipping DrawText replay because the captured TextStyleSetting is missing.
[14:52:33.538] [1] [WARNING] [BetterInfoCards] Skipping DrawText replay because the captured TextStyleSetting is missing.
[14:52:33.555] [1] [WARNING] [BetterInfoCards] Skipping DrawText replay because the captured TextStyleSetting is missing.
[14:52:41.660] [1] [WARNING] Missing prefab
[14:52:41.660] [1] [INFO] HERE:DragAreaMoreVisible:exception@OnActiveTool:The Object you want to instantiate is null.
[14:52:41.661] [1] [WARNING] Missing prefab
[14:52:41.661] [1] [INFO] HERE:DragAreaMoreVisible:exception@OnActiveTool:The Object you want to instantiate is null.
[14:52:41.669] [1] [WARNING] Missing prefab
[14:52:41.670] [1] [INFO] HERE:DragAreaMoreVisible:exception@OnActiveTool:The Object you want to instantiate is null.
[14:52:41.677] [1] [WARNING] [BetterInfoCards] Skipping DrawText replay because the captured TextStyleSetting is missing.
[14:52:41.691] [1] [WARNING] [BetterInfoCards] Skipping DrawText replay because the captured TextStyleSetting is missing.
[14:52:41.706] [1] [WARNING] [BetterInfoCards] Skipping DrawText replay because the captured TextStyleSetting is missing.
[14:52:41.722] [1] [WARNING] [BetterInfoCards] Skipping DrawText replay because the captured TextStyleSetting is missing.
[14:52:41.739] [1] [WARNING] [BetterInfoCards] Skipping DrawText replay because the captured TextStyleSetting is missing.
[14:52:41.756] [1] [WARNING] [BetterInfoCards] Skipping DrawText replay because the captured TextStyleSetting is missing.
[14:52:41.773] [1] [WARNING] [BetterInfoCards] Skipping DrawText replay because the captured TextStyleSetting is missing.
[14:52:41.789] [1] [WARNING] [BetterInfoCards] Skipping DrawText replay because the captured TextStyleSetting is missing.
[14:52:41.806] [1] [WARNING] [BetterInfoCards] Skipping DrawText replay because the captured TextStyleSetting is missing.
[14:52:41.822] [1] [WARNING] [BetterInfoCards] Skipping DrawText replay because the captured TextStyleSetting is missing.
[14:52:41.839] [1] [WARNING] [BetterInfoCards] Skipping DrawText replay because the captured TextStyleSetting is missing.
[14:52:41.855] [1] [WARNING] [BetterInfoCards] Skipping DrawText replay because the captured TextStyleSetting is missing.
[14:52:41.873] [1] [WARNING] [BetterInfoCards] Skipping DrawText replay because the captured TextStyleSetting is missing.
[14:52:41.888] [1] [WARNING] [BetterInfoCards] Skipping DrawText replay because the captured TextStyleSetting is missing.
[14:52:41.905] [1] [WARNING] [BetterInfoCards] Skipping DrawText replay because the captured TextStyleSetting is missing.
[14:52:41.921] [1] [WARNING] [BetterInfoCards] Skipping DrawText replay because the captured TextStyleSetting is missing.
[14:52:41.939] [1] [WARNING] [BetterInfoCards] Skipping DrawText replay because the captured TextStyleSetting is missing.
[14:52:41.955] [1] [WARNING] [BetterInfoCards] Skipping DrawText replay because the captured TextStyleSetting is missing.
[14:52:41.972] [1] [WARNING] [BetterInfoCards] Skipping DrawText replay because the captured TextStyleSetting is missing.
[14:52:41.988] [1] [WARNING] [BetterInfoCards] Skipping DrawText replay because the captured TextStyleSetting is missing.
[14:52:42.005] [1] [WARNING] [BetterInfoCards] Skipping DrawText replay because the captured TextStyleSetting is missing.
[14:52:42.023] [1] [WARNING] [BetterInfoCards] Skipping DrawText replay because the captured TextStyleSetting is missing.
[14:52:42.037] [1] [WARNING] [BetterInfoCards] Skipping DrawText replay because the captured TextStyleSetting is missing.
[14:52:42.055] [1] [WARNING] [BetterInfoCards] Skipping DrawText replay because the captured TextStyleSetting is missing.
[14:52:42.070] [1] [WARNING] [BetterInfoCards] Skipping DrawText replay because the captured TextStyleSetting is missing.
[14:52:42.087] [1] [WARNING] [BetterInfoCards] Skipping DrawText replay because the captured TextStyleSetting is missing.
[14:52:42.104] [1] [WARNING] [BetterInfoCards] Skipping DrawText replay because the captured TextStyleSetting is missing.
[14:52:42.121] [1] [WARNING] [BetterInfoCards] Skipping DrawText replay because the captured TextStyleSetting is missing.
[14:52:42.138] [1] [WARNING] [BetterInfoCards] Skipping DrawText replay because the captured TextStyleSetting is missing.
[14:52:42.154] [1] [WARNING] [BetterInfoCards] Skipping DrawText replay because the captured TextStyleSetting is missing.
[14:52:42.172] [1] [WARNING] [BetterInfoCards] Skipping DrawText replay because the captured TextStyleSetting is missing.
[14:52:42.189] [1] [WARNING] [BetterInfoCards] Skipping DrawText replay because the captured TextStyleSetting is missing.
[14:52:42.205] [1] [WARNING] [BetterInfoCards] Skipping DrawText replay because the captured TextStyleSetting is missing.
[14:52:42.222] [1] [WARNING] [BetterInfoCards] Skipping DrawText replay because the captured TextStyleSetting is missing.
[14:52:42.238] [1] [WARNING] [BetterInfoCards] Skipping DrawText replay because the captured TextStyleSetting is missing.
[14:52:42.254] [1] [WARNING] [BetterInfoCards] Skipping DrawText replay because the captured TextStyleSetting is missing.
[14:52:42.272] [1] [WARNING] [BetterInfoCards] Skipping DrawText replay because the captured TextStyleSetting is missing.
[14:52:42.289] [1] [WARNING] [BetterInfoCards] Skipping DrawText replay because the captured TextStyleSetting is missing.
[14:52:42.304] [1] [WARNING] [BetterInfoCards] Skipping DrawText replay because the captured TextStyleSetting is missing.
[14:52:42.321] [1] [WARNING] [BetterInfoCards] Skipping DrawText replay because the captured TextStyleSetting is missing.
[14:52:42.338] [1] [WARNING] [BetterInfoCards] Skipping DrawText replay because the captured TextStyleSetting is missing.
[14:52:42.355] [1] [WARNING] [BetterInfoCards] Skipping DrawText replay because the captured TextStyleSetting is missing.
[14:52:42.371] [1] [WARNING] [BetterInfoCards] Skipping DrawText replay because the captured TextStyleSetting is missing.
[14:52:42.388] [1] [WARNING] [BetterInfoCards] Skipping DrawText replay because the captured TextStyleSetting is missing.
[14:52:42.405] [1] [WARNING] [BetterInfoCards] Skipping DrawText replay because the captured TextStyleSetting is missing.
[14:52:42.421] [1] [WARNING] [BetterInfoCards] Skipping DrawText replay because the captured TextStyleSetting is missing.
[14:52:42.438] [1] [WARNING] [BetterInfoCards] Skipping DrawText replay because the captured TextStyleSetting is missing.
[14:52:42.454] [1] [WARNING] [BetterInfoCards] Skipping DrawText replay because the captured TextStyleSetting is missing.
[14:52:42.471] [1] [WARNING] [BetterInfoCards] Skipping DrawText replay because the captured TextStyleSetting is missing.
[14:52:42.488] [1] [WARNING] [BetterInfoCards] Skipping DrawText replay because the captured TextStyleSetting is missing.
[14:52:42.505] [1] [WARNING] [BetterInfoCards] Skipping DrawText replay because the captured TextStyleSetting is missing.
[14:52:42.521] [1] [WARNING] [BetterInfoCards] Skipping DrawText replay because the captured TextStyleSetting is missing.
[14:52:42.538] [1] [WARNING] [BetterInfoCards] Skipping DrawText replay because the captured TextStyleSetting is missing.
[14:52:42.556] [1] [WARNING] [BetterInfoCards] Skipping DrawText replay because the captured TextStyleSetting is missing.
[14:52:42.573] [1] [WARNING] [BetterInfoCards] Skipping DrawText replay because the captured TextStyleSetting is missing.
[14:52:42.587] [1] [WARNING] [BetterInfoCards] Skipping DrawText replay because the captured TextStyleSetting is missing.
[14:52:42.604] [1] [WARNING] [BetterInfoCards] Skipping DrawText replay because the captured TextStyleSetting is missing.
[14:52:42.620] [1] [WARNING] [BetterInfoCards] Skipping DrawText replay because the captured TextStyleSetting is missing.
[14:52:42.638] [1] [WARNING] [BetterInfoCards] Skipping DrawText replay because the captured TextStyleSetting is missing.
[14:52:42.652] [1] [WARNING] [BetterInfoCards] Skipping DrawText replay because the captured TextStyleSetting is missing.
[14:52:42.670] [1] [WARNING] [BetterInfoCards] Skipping DrawText replay because the captured TextStyleSetting is missing.
[14:52:42.688] [1] [WARNING] [BetterInfoCards] Skipping DrawText replay because the captured TextStyleSetting is missing.
[14:52:42.704] [1] [WARNING] [BetterInfoCards] Skipping DrawText replay because the captured TextStyleSetting is missing.
[14:52:42.722] [1] [WARNING] [BetterInfoCards] Skipping DrawText replay because the captured TextStyleSetting is missing.
[14:52:42.737] [1] [WARNING] [BetterInfoCards] Skipping DrawText replay because the captured TextStyleSetting is missing.
[14:52:42.755] [1] [WARNING] [BetterInfoCards] Skipping DrawText replay because the captured TextStyleSetting is missing.
[14:52:42.772] [1] [WARNING] [BetterInfoCards] Skipping DrawText replay because the captured TextStyleSetting is missing.
[14:52:42.788] [1] [WARNING] [BetterInfoCards] Skipping DrawText replay because the captured TextStyleSetting is missing.
[14:52:42.805] [1] [WARNING] [BetterInfoCards] Skipping DrawText replay because the captured TextStyleSetting is missing.
[14:52:42.821] [1] [WARNING] [BetterInfoCards] Skipping DrawText replay because the captured TextStyleSetting is missing.
[14:52:42.838] [1] [WARNING] [BetterInfoCards] Skipping DrawText replay because the captured TextStyleSetting is missing.
[14:52:42.855] [1] [WARNING] [BetterInfoCards] Skipping DrawText replay because the captured TextStyleSetting is missing.
[14:52:42.871] [1] [WARNING] [BetterInfoCards] Skipping DrawText replay because the captured TextStyleSetting is missing.
[14:52:42.888] [1] [WARNING] [BetterInfoCards] Skipping DrawText replay because the captured TextStyleSetting is missing.
[14:52:42.905] [1] [WARNING] [BetterInfoCards] Skipping DrawText replay because the captured TextStyleSetting is missing.
[14:52:42.921] [1] [WARNING] [BetterInfoCards] Skipping DrawText replay because the captured TextStyleSetting is missing.
[14:52:42.938] [1] [WARNING] [BetterInfoCards] Skipping DrawText replay because the captured TextStyleSetting is missing.
[14:52:42.955] [1] [WARNING] [BetterInfoCards] Skipping DrawText replay because the captured TextStyleSetting is missing.
[14:52:42.971] [1] [WARNING] [BetterInfoCards] Skipping DrawText replay because the captured TextStyleSetting is missing.
[14:52:42.989] [1] [WARNING] [BetterInfoCards] Skipping DrawText replay because the captured TextStyleSetting is missing.
[14:52:43.005] [1] [WARNING] [BetterInfoCards] Skipping DrawText replay because the captured TextStyleSetting is missing.
[14:52:43.022] [1] [WARNING] [BetterInfoCards] Skipping DrawText replay because the captured TextStyleSetting is missing.
[14:52:43.038] [1] [WARNING] [BetterInfoCards] Skipping DrawText replay because the captured TextStyleSetting is missing.
[14:52:43.056] [1] [WARNING] [BetterInfoCards] Skipping DrawText replay because the captured TextStyleSetting is missing.
[14:52:43.072] [1] [WARNING] [BetterInfoCards] Skipping DrawText replay because the captured TextStyleSetting is missing.
[14:52:43.088] [1] [WARNING] [BetterInfoCards] Skipping DrawText replay because the captured TextStyleSetting is missing.
[14:52:43.105] [1] [WARNING] [BetterInfoCards] Skipping DrawText replay because the captured TextStyleSetting is missing.
[14:52:43.122] [1] [WARNING] [BetterInfoCards] Skipping DrawText replay because the captured TextStyleSetting is missing.
[14:52:43.139] [1] [WARNING] [BetterInfoCards] Skipping DrawText replay because the captured TextStyleSetting is missing.
[14:52:43.155] [1] [WARNING] [BetterInfoCards] Skipping DrawText replay because the captured TextStyleSetting is missing.
[14:52:43.174] [1] [WARNING] [BetterInfoCards] Skipping DrawText replay because the captured TextStyleSetting is missing.
[14:52:43.187] [1] [WARNING] [BetterInfoCards] Skipping DrawText replay because the captured TextStyleSetting is missing.
[14:52:43.204] [1] [WARNING] [BetterInfoCards] Skipping DrawText replay because the captured TextStyleSetting is missing.
[14:52:43.221] [1] [WARNING] [BetterInfoCards] Skipping DrawText replay because the captured TextStyleSetting is missing.
[14:52:43.237] [1] [WARNING] [BetterInfoCards] Skipping DrawText replay because the captured TextStyleSetting is missing.
[14:52:43.254] [1] [WARNING] [BetterInfoCards] Skipping DrawText replay because the captured TextStyleSetting is missing.
[14:52:43.270] [1] [WARNING] [BetterInfoCards] Skipping DrawText replay because the captured TextStyleSetting is missing.
[14:52:43.287] [1] [WARNING] [BetterInfoCards] Skipping DrawText replay because the captured TextStyleSetting is missing.
[14:52:43.305] [1] [WARNING] [BetterInfoCards] Skipping DrawText replay because the captured TextStyleSetting is missing.
[14:52:43.321] [1] [WARNING] [BetterInfoCards] Skipping DrawText replay because the captured TextStyleSetting is missing.
[14:52:43.338] [1] [WARNING] [BetterInfoCards] Skipping DrawText replay because the captured TextStyleSetting is missing.
[14:52:43.355] [1] [WARNING] [BetterInfoCards] Skipping DrawText replay because the captured TextStyleSetting is missing.
[14:52:43.372] [1] [WARNING] [BetterInfoCards] Skipping DrawText replay because the captured TextStyleSetting is missing.
[14:52:43.388] [1] [WARNING] [BetterInfoCards] Skipping DrawText replay because the captured TextStyleSetting is missing.
[14:52:43.405] [1] [WARNING] [BetterInfoCards] Skipping DrawText replay because the captured TextStyleSetting is missing.
[14:52:43.422] [1] [WARNING] [BetterInfoCards] Skipping DrawText replay because the captured TextStyleSetting is missing.
[14:52:43.439] [1] [WARNING] [BetterInfoCards] Skipping DrawText replay because the captured TextStyleSetting is missing.
[14:52:43.455] [1] [WARNING] [BetterInfoCards] Skipping DrawText replay because the captured TextStyleSetting is missing.
[14:52:43.472] [1] [WARNING] [BetterInfoCards] Skipping DrawText replay because the captured TextStyleSetting is missing.
[14:52:43.488] [1] [WARNING] [BetterInfoCards] Skipping DrawText replay because the captured TextStyleSetting is missing.
[14:52:43.505] [1] [WARNING] [BetterInfoCards] Skipping DrawText replay because the captured TextStyleSetting is missing.
[14:52:43.521] [1] [WARNING] [BetterInfoCards] Skipping DrawText replay because the captured TextStyleSetting is missing.
[14:52:43.538] [1] [WARNING] [BetterInfoCards] Skipping DrawText replay because the captured TextStyleSetting is missing.
[14:52:43.554] [1] [WARNING] [BetterInfoCards] Skipping DrawText replay because the captured TextStyleSetting is missing.
[14:52:43.571] [1] [WARNING] [BetterInfoCards] Skipping DrawText replay because the captured TextStyleSetting is missing.
[14:52:43.588] [1] [WARNING] [BetterInfoCards] Skipping DrawText replay because the captured TextStyleSetting is missing.
[14:52:43.604] [1] [WARNING] [BetterInfoCards] Skipping DrawText replay because the captured TextStyleSetting is missing.
[14:52:43.622] [1] [WARNING] [BetterInfoCards] Skipping DrawText replay because the captured TextStyleSetting is missing.
[14:52:43.637] [1] [WARNING] [BetterInfoCards] Skipping DrawText replay because the captured TextStyleSetting is missing.
[14:52:43.655] [1] [WARNING] [BetterInfoCards] Skipping DrawText replay because the captured TextStyleSetting is missing.
[14:52:45.006] [1] [WARNING] [BetterInfoCards] Unable to access the HoverTextDrawer shadow bar pool; skipping width resize.
[14:52:46.982] [1] [WARNING] Missing prefab
[14:52:46.982] [1] [INFO] HERE:DragAreaMoreVisible:exception@OnActiveTool:The Object you want to instantiate is null.
[14:52:46.982] [1] [WARNING] Missing prefab
[14:52:46.982] [1] [INFO] HERE:DragAreaMoreVisible:exception@OnActiveTool:The Object you want to instantiate is null.
[14:52:46.994] [1] [WARNING] Missing prefab
[14:52:46.994] [1] [INFO] HERE:DragAreaMoreVisible:exception@OnActiveTool:The Object you want to instantiate is null.
[14:52:47.001] [1] [WARNING] [BetterInfoCards] Skipping DrawText replay because the captured TextStyleSetting is missing.
[14:52:47.017] [1] [WARNING] [BetterInfoCards] Skipping DrawText replay because the captured TextStyleSetting is missing.
[14:52:47.038] [1] [WARNING] [BetterInfoCards] Skipping DrawText replay because the captured TextStyleSetting is missing.
[14:52:47.055] [1] [WARNING] [BetterInfoCards] Skipping DrawText replay because the captured TextStyleSetting is missing.
[14:52:47.072] [1] [WARNING] [BetterInfoCards] Skipping DrawText replay because the captured TextStyleSetting is missing.
[14:52:47.089] [1] [WARNING] [BetterInfoCards] Skipping DrawText replay because the captured TextStyleSetting is missing.
[14:52:47.105] [1] [WARNING] [BetterInfoCards] Skipping DrawText replay because the captured TextStyleSetting is missing.
[14:52:47.121] [1] [WARNING] [BetterInfoCards] Skipping DrawText replay because the captured TextStyleSetting is missing.
[14:52:47.139] [1] [WARNING] [BetterInfoCards] Skipping DrawText replay because the captured TextStyleSetting is missing.
[14:52:47.155] [1] [WARNING] [BetterInfoCards] Skipping DrawText replay because the captured TextStyleSetting is missing.
[14:52:47.171] [1] [WARNING] [BetterInfoCards] Skipping DrawText replay because the captured TextStyleSetting is missing.
[14:52:47.190] [1] [WARNING] [BetterInfoCards] Skipping DrawText replay because the captured TextStyleSetting is missing.
[14:52:47.206] [1] [WARNING] [BetterInfoCards] Skipping DrawText replay because the captured TextStyleSetting is missing.
[14:52:47.224] [1] [WARNING] [BetterInfoCards] Skipping DrawText replay because the captured TextStyleSetting is missing.
[14:52:47.240] [1] [WARNING] [BetterInfoCards] Skipping DrawText replay because the captured TextStyleSetting is missing.
[14:52:47.255] [1] [WARNING] [BetterInfoCards] Skipping DrawText replay because the captured TextStyleSetting is missing.
[14:52:47.272] [1] [WARNING] [BetterInfoCards] Skipping DrawText replay because the captured TextStyleSetting is missing.
[14:52:47.288] [1] [WARNING] [BetterInfoCards] Skipping DrawText replay because the captured TextStyleSetting is missing.
[14:52:47.305] [1] [WARNING] [BetterInfoCards] Skipping DrawText replay because the captured TextStyleSetting is missing.
[14:52:47.322] [1] [WARNING] [BetterInfoCards] Skipping DrawText replay because the captured TextStyleSetting is missing.
[14:52:47.340] [1] [WARNING] [BetterInfoCards] Skipping DrawText replay because the captured TextStyleSetting is missing.
[14:52:47.357] [1] [WARNING] [BetterInfoCards] Skipping DrawText replay because the captured TextStyleSetting is missing.
[14:52:47.372] [1] [WARNING] [BetterInfoCards] Skipping DrawText replay because the captured TextStyleSetting is missing.
[14:52:47.387] [1] [WARNING] [BetterInfoCards] Skipping DrawText replay because the captured TextStyleSetting is missing.
[14:52:47.404] [1] [WARNING] [BetterInfoCards] Skipping DrawText replay because the captured TextStyleSetting is missing.
[14:52:47.421] [1] [WARNING] [BetterInfoCards] Skipping DrawText replay because the captured TextStyleSetting is missing.
[14:52:47.437] [1] [WARNING] [BetterInfoCards] Skipping DrawText replay because the captured TextStyleSetting is missing.
[14:52:47.455] [1] [WARNING] [BetterInfoCards] Skipping DrawText replay because the captured TextStyleSetting is missing.
[14:52:47.471] [1] [WARNING] [BetterInfoCards] Skipping DrawText replay because the captured TextStyleSetting is missing.
[14:52:47.488] [1] [WARNING] [BetterInfoCards] Skipping DrawText replay because the captured TextStyleSetting is missing.
[14:52:47.505] [1] [WARNING] [BetterInfoCards] Skipping DrawText replay because the captured TextStyleSetting is missing.
[14:52:47.522] [1] [WARNING] [BetterInfoCards] Skipping DrawText replay because the captured TextStyleSetting is missing.
[14:52:47.538] [1] [WARNING] [BetterInfoCards] Skipping DrawText replay because the captured TextStyleSetting is missing.
[14:52:47.555] [1] [WARNING] [BetterInfoCards] Skipping DrawText replay because the captured TextStyleSetting is missing.
[14:52:47.574] [1] [WARNING] [BetterInfoCards] Skipping DrawText replay because the captured TextStyleSetting is missing.
[14:52:47.589] [1] [WARNING] [BetterInfoCards] Skipping DrawText replay because the captured TextStyleSetting is missing.
[14:52:47.606] [1] [WARNING] [BetterInfoCards] Skipping DrawText replay because the captured TextStyleSetting is missing.
[14:52:47.622] [1] [WARNING] [BetterInfoCards] Skipping DrawText replay because the captured TextStyleSetting is missing.
[14:52:47.638] [1] [WARNING] [BetterInfoCards] Skipping DrawText replay because the captured TextStyleSetting is missing.
[14:52:47.655] [1] [WARNING] [BetterInfoCards] Skipping DrawText replay because the captured TextStyleSetting is missing.
[14:52:47.673] [1] [WARNING] [BetterInfoCards] Skipping DrawText replay because the captured TextStyleSetting is missing.
[14:52:47.689] [1] [WARNING] [BetterInfoCards] Skipping DrawText replay because the captured TextStyleSetting is missing.
[14:52:47.705] [1] [WARNING] [BetterInfoCards] Skipping DrawText replay because the captured TextStyleSetting is missing.
[14:52:47.722] [1] [WARNING] [BetterInfoCards] Skipping DrawText replay because the captured TextStyleSetting is missing.
[14:52:47.738] [1] [WARNING] [BetterInfoCards] Skipping DrawText replay because the captured TextStyleSetting is missing.
[14:52:47.754] [1] [WARNING] [BetterInfoCards] Skipping DrawText replay because the captured TextStyleSetting is missing.
[14:52:47.771] [1] [WARNING] [BetterInfoCards] Skipping DrawText replay because the captured TextStyleSetting is missing.
[14:52:47.788] [1] [WARNING] [BetterInfoCards] Skipping DrawText replay because the captured TextStyleSetting is missing.
[14:52:47.804] [1] [WARNING] [BetterInfoCards] Skipping DrawText replay because the captured TextStyleSetting is missing.
[14:52:47.822] [1] [WARNING] [BetterInfoCards] Skipping DrawText replay because the captured TextStyleSetting is missing.
[14:52:47.838] [1] [WARNING] [BetterInfoCards] Skipping DrawText replay because the captured TextStyleSetting is missing.
[14:52:47.855] [1] [WARNING] [BetterInfoCards] Skipping DrawText replay because the captured TextStyleSetting is missing.
[14:52:47.872] [1] [WARNING] [BetterInfoCards] Skipping DrawText replay because the captured TextStyleSetting is missing.
[14:52:47.888] [1] [WARNING] [BetterInfoCards] Skipping DrawText replay because the captured TextStyleSetting is missing.
[14:52:47.905] [1] [WARNING] [BetterInfoCards] Skipping DrawText replay because the captured TextStyleSetting is missing.
[14:52:47.922] [1] [WARNING] [BetterInfoCards] Skipping DrawText replay because the captured TextStyleSetting is missing.
[14:52:47.938] [1] [WARNING] [BetterInfoCards] Skipping DrawText replay because the captured TextStyleSetting is missing.
[14:52:47.955] [1] [WARNING] [BetterInfoCards] Skipping DrawText replay because the captured TextStyleSetting is missing.
[14:52:47.972] [1] [WARNING] [BetterInfoCards] Skipping DrawText replay because the captured TextStyleSetting is missing.
[14:52:47.988] [1] [WARNING] [BetterInfoCards] Skipping DrawText replay because the captured TextStyleSetting is missing.
[14:52:48.005] [1] [WARNING] [BetterInfoCards] Skipping DrawText replay because the captured TextStyleSetting is missing.
[14:52:48.021] [1] [WARNING] [BetterInfoCards] Skipping DrawText replay because the captured TextStyleSetting is missing.
[14:52:48.038] [1] [WARNING] [BetterInfoCards] Skipping DrawText replay because the captured TextStyleSetting is missing.
[14:52:48.055] [1] [WARNING] [BetterInfoCards] Skipping DrawText replay because the captured TextStyleSetting is missing.
[14:52:48.072] [1] [WARNING] [BetterInfoCards] Skipping DrawText replay because the captured TextStyleSetting is missing.
[14:52:48.088] [1] [WARNING] [BetterInfoCards] Skipping DrawText replay because the captured TextStyleSetting is missing.
[14:52:48.106] [1] [WARNING] [BetterInfoCards] Skipping DrawText replay because the captured TextStyleSetting is missing.
[14:52:48.122] [1] [WARNING] [BetterInfoCards] Skipping DrawText replay because the captured TextStyleSetting is missing.
[14:52:48.138] [1] [WARNING] [BetterInfoCards] Skipping DrawText replay because the captured TextStyleSetting is missing.
[14:52:48.154] [1] [WARNING] [BetterInfoCards] Skipping DrawText replay because the captured TextStyleSetting is missing.
[14:52:48.171] [1] [WARNING] [BetterInfoCards] Skipping DrawText replay because the captured TextStyleSetting is missing.
[14:52:48.189] [1] [WARNING] [BetterInfoCards] Skipping DrawText replay because the captured TextStyleSetting is missing.
[14:52:48.203] [1] [WARNING] [BetterInfoCards] Skipping DrawText replay because the captured TextStyleSetting is missing.
[14:52:48.222] [1] [WARNING] [BetterInfoCards] Skipping DrawText replay because the captured TextStyleSetting is missing.
[14:52:48.238] [1] [WARNING] [BetterInfoCards] Skipping DrawText replay because the captured TextStyleSetting is missing.
[14:52:48.255] [1] [WARNING] [BetterInfoCards] Skipping DrawText replay because the captured TextStyleSetting is missing.
[14:52:48.271] [1] [WARNING] [BetterInfoCards] Skipping DrawText replay because the captured TextStyleSetting is missing.
[14:52:48.292] [1] [WARNING] Missing prefab
[14:52:48.292] [1] [INFO] HERE:DragAreaMoreVisible:exception@OnActiveTool:The Object you want to instantiate is null.
[14:52:48.294] [1] [WARNING] Missing prefab
[14:52:48.294] [1] [INFO] HERE:DragAreaMoreVisible:exception@OnActiveTool:The Object you want to instantiate is null.
[14:52:48.304] [1] [WARNING] Missing prefab
[14:52:48.304] [1] [INFO] HERE:DragAreaMoreVisible:exception@OnActiveTool:The Object you want to instantiate is null.
[14:52:48.318] [1] [WARNING] [BetterInfoCards] Skipping DrawText replay because the captured TextStyleSetting is missing.
[14:52:48.335] [1] [WARNING] [BetterInfoCards] Skipping DrawText replay because the captured TextStyleSetting is missing.
[14:52:48.356] [1] [WARNING] [BetterInfoCards] Skipping DrawText replay because the captured TextStyleSetting is missing.
[14:52:48.372] [1] [WARNING] [BetterInfoCards] Skipping DrawText replay because the captured TextStyleSetting is missing.
[14:52:48.388] [1] [WARNING] [BetterInfoCards] Skipping DrawText replay because the captured TextStyleSetting is missing.
[14:52:48.405] [1] [WARNING] [BetterInfoCards] Skipping DrawText replay because the captured TextStyleSetting is missing.
[14:52:48.422] [1] [WARNING] [BetterInfoCards] Skipping DrawText replay because the captured TextStyleSetting is missing.
[14:52:48.439] [1] [WARNING] [BetterInfoCards] Skipping DrawText replay because the captured TextStyleSetting is missing.
[14:52:48.455] [1] [WARNING] [BetterInfoCards] Skipping DrawText replay because the captured TextStyleSetting is missing.
[14:52:48.472] [1] [WARNING] [BetterInfoCards] Skipping DrawText replay because the captured TextStyleSetting is missing.
[14:52:48.489] [1] [WARNING] [BetterInfoCards] Skipping DrawText replay because the captured TextStyleSetting is missing.
[14:52:48.506] [1] [WARNING] [BetterInfoCards] Skipping DrawText replay because the captured TextStyleSetting is missing.
[14:52:48.521] [1] [WARNING] [BetterInfoCards] Skipping DrawText replay because the captured TextStyleSetting is missing.
[14:52:48.538] [1] [WARNING] [BetterInfoCards] Skipping DrawText replay because the captured TextStyleSetting is missing.
[14:52:48.556] [1] [WARNING] [BetterInfoCards] Skipping DrawText replay because the captured TextStyleSetting is missing.
[14:52:48.572] [1] [WARNING] [BetterInfoCards] Skipping DrawText replay because the captured TextStyleSetting is missing.
[14:52:48.588] [1] [WARNING] [BetterInfoCards] Skipping DrawText replay because the captured TextStyleSetting is missing.
[14:52:48.604] [1] [WARNING] [BetterInfoCards] Skipping DrawText replay because the captured TextStyleSetting is missing.
[14:52:48.622] [1] [WARNING] [BetterInfoCards] Skipping DrawText replay because the captured TextStyleSetting is missing.
[14:52:48.639] [1] [WARNING] [BetterInfoCards] Skipping DrawText replay because the captured TextStyleSetting is missing.
[14:52:48.656] [1] [WARNING] [BetterInfoCards] Skipping DrawText replay because the captured TextStyleSetting is missing.
[14:52:48.672] [1] [WARNING] [BetterInfoCards] Skipping DrawText replay because the captured TextStyleSetting is missing.
[14:52:48.689] [1] [WARNING] [BetterInfoCards] Skipping DrawText replay because the captured TextStyleSetting is missing.
[14:52:48.705] [1] [WARNING] [BetterInfoCards] Skipping DrawText replay because the captured TextStyleSetting is missing.
[14:52:48.723] [1] [WARNING] [BetterInfoCards] Skipping DrawText replay because the captured TextStyleSetting is missing.
[14:52:48.739] [1] [WARNING] [BetterInfoCards] Skipping DrawText replay because the captured TextStyleSetting is missing.
[14:52:48.755] [1] [WARNING] [BetterInfoCards] Skipping DrawText replay because the captured TextStyleSetting is missing.
[14:52:48.772] [1] [WARNING] [BetterInfoCards] Skipping DrawText replay because the captured TextStyleSetting is missing.
[14:52:48.788] [1] [WARNING] [BetterInfoCards] Skipping DrawText replay because the captured TextStyleSetting is missing.
[14:52:48.805] [1] [WARNING] [BetterInfoCards] Skipping DrawText replay because the captured TextStyleSetting is missing.
[14:52:48.821] [1] [WARNING] [BetterInfoCards] Skipping DrawText replay because the captured TextStyleSetting is missing.
[14:52:48.838] [1] [WARNING] [BetterInfoCards] Skipping DrawText replay because the captured TextStyleSetting is missing.
[14:52:48.855] [1] [WARNING] [BetterInfoCards] Skipping DrawText replay because the captured TextStyleSetting is missing.
[14:52:48.872] [1] [WARNING] [BetterInfoCards] Skipping DrawText replay because the captured TextStyleSetting is missing.
[14:52:48.888] [1] [WARNING] [BetterInfoCards] Skipping DrawText replay because the captured TextStyleSetting is missing.
[14:52:48.905] [1] [WARNING] [BetterInfoCards] Skipping DrawText replay because the captured TextStyleSetting is missing.
[14:52:48.921] [1] [WARNING] [BetterInfoCards] Skipping DrawText replay because the captured TextStyleSetting is missing.
[14:52:48.938] [1] [WARNING] [BetterInfoCards] Skipping DrawText replay because the captured TextStyleSetting is missing.
[14:52:48.955] [1] [WARNING] [BetterInfoCards] Skipping DrawText replay because the captured TextStyleSetting is missing.
[14:52:48.971] [1] [WARNING] [BetterInfoCards] Skipping DrawText replay because the captured TextStyleSetting is missing.
[14:52:48.988] [1] [WARNING] [BetterInfoCards] Skipping DrawText replay because the captured TextStyleSetting is missing.
[14:52:49.004] [1] [WARNING] [BetterInfoCards] Skipping DrawText replay because the captured TextStyleSetting is missing.
[14:52:49.022] [1] [WARNING] [BetterInfoCards] Skipping DrawText replay because the captured TextStyleSetting is missing.
[14:52:49.038] [1] [WARNING] [BetterInfoCards] Skipping DrawText replay because the captured TextStyleSetting is missing.
[14:52:49.055] [1] [WARNING] [BetterInfoCards] Skipping DrawText replay because the captured TextStyleSetting is missing.
[14:52:49.072] [1] [WARNING] [BetterInfoCards] Skipping DrawText replay because the captured TextStyleSetting is missing.
[14:52:49.088] [1] [WARNING] [BetterInfoCards] Skipping DrawText replay because the captured TextStyleSetting is missing.
[14:52:49.106] [1] [WARNING] [BetterInfoCards] Skipping DrawText replay because the captured TextStyleSetting is missing.
[14:52:49.122] [1] [WARNING] [BetterInfoCards] Skipping DrawText replay because the captured TextStyleSetting is missing.
[14:52:49.138] [1] [WARNING] [BetterInfoCards] Skipping DrawText replay because the captured TextStyleSetting is missing.
[14:52:49.153] [1] [WARNING] [BetterInfoCards] Skipping DrawText replay because the captured TextStyleSetting is missing.
[14:52:49.172] [1] [WARNING] [BetterInfoCards] Skipping DrawText replay because the captured TextStyleSetting is missing.
[14:52:49.188] [1] [WARNING] [BetterInfoCards] Skipping DrawText replay because the captured TextStyleSetting is missing.
[14:52:49.204] [1] [WARNING] [BetterInfoCards] Skipping DrawText replay because the captured TextStyleSetting is missing.
[14:52:49.221] [1] [WARNING] [BetterInfoCards] Skipping DrawText replay because the captured TextStyleSetting is missing.
[14:52:49.239] [1] [WARNING] [BetterInfoCards] Skipping DrawText replay because the captured TextStyleSetting is missing.
[14:52:49.254] [1] [WARNING] [BetterInfoCards] Skipping DrawText replay because the captured TextStyleSetting is missing.
[14:52:49.274] [1] [WARNING] [BetterInfoCards] Skipping DrawText replay because the captured TextStyleSetting is missing.
[14:52:49.289] [1] [WARNING] [BetterInfoCards] Skipping DrawText replay because the captured TextStyleSetting is missing.
[14:52:49.306] [1] [WARNING] [BetterInfoCards] Skipping DrawText replay because the captured TextStyleSetting is missing.
[14:52:49.324] [1] [WARNING] [BetterInfoCards] Skipping DrawText replay because the captured TextStyleSetting is missing.
[14:52:49.339] [1] [WARNING] [BetterInfoCards] Skipping DrawText replay because the captured TextStyleSetting is missing.
[14:52:49.361] [1] [WARNING] [BetterInfoCards] Skipping DrawText replay because the captured TextStyleSetting is missing.
[14:52:49.374] [1] [WARNING] [BetterInfoCards] Skipping DrawText replay because the captured TextStyleSetting is missing.
[14:52:49.388] [1] [WARNING] [BetterInfoCards] Skipping DrawText replay because the captured TextStyleSetting is missing.
[14:52:49.403] [1] [WARNING] [BetterInfoCards] Skipping DrawText replay because the captured TextStyleSetting is missing.
[14:52:49.420] [1] [WARNING] [BetterInfoCards] Skipping DrawText replay because the captured TextStyleSetting is missing.
[14:52:49.437] [1] [WARNING] [BetterInfoCards] Skipping DrawText replay because the captured TextStyleSetting is missing.
[14:52:49.454] [1] [WARNING] [BetterInfoCards] Skipping DrawText replay because the captured TextStyleSetting is missing.
[14:52:49.471] [1] [WARNING] [BetterInfoCards] Skipping DrawText replay because the captured TextStyleSetting is missing.
[14:52:49.488] [1] [WARNING] [BetterInfoCards] Skipping DrawText replay because the captured TextStyleSetting is missing.
[14:52:49.505] [1] [WARNING] [BetterInfoCards] Skipping DrawText replay because the captured TextStyleSetting is missing.
[14:52:49.522] [1] [WARNING] [BetterInfoCards] Skipping DrawText replay because the captured TextStyleSetting is missing.
[14:52:49.538] [1] [WARNING] [BetterInfoCards] Skipping DrawText replay because the captured TextStyleSetting is missing.
[14:52:49.555] [1] [WARNING] [BetterInfoCards] Skipping DrawText replay because the captured TextStyleSetting is missing.
[14:52:49.572] [1] [WARNING] [BetterInfoCards] Skipping DrawText replay because the captured TextStyleSetting is missing.
[14:52:49.588] [1] [WARNING] [BetterInfoCards] Skipping DrawText replay because the captured TextStyleSetting is missing.
[14:52:49.605] [1] [WARNING] [BetterInfoCards] Skipping DrawText replay because the captured TextStyleSetting is missing.
[14:52:49.621] [1] [WARNING] [BetterInfoCards] Skipping DrawText replay because the captured TextStyleSetting is missing.
[14:52:49.639] [1] [WARNING] [BetterInfoCards] Skipping DrawText replay because the captured TextStyleSetting is missing.
[14:52:49.653] [1] [WARNING] [BetterInfoCards] Skipping DrawText replay because the captured TextStyleSetting is missing.
[14:52:49.671] [1] [WARNING] [BetterInfoCards] Skipping DrawText replay because the captured TextStyleSetting is missing.
[14:52:49.688] [1] [WARNING] [BetterInfoCards] Skipping DrawText replay because the captured TextStyleSetting is missing.
[14:52:49.705] [1] [WARNING] [BetterInfoCards] Skipping DrawText replay because the captured TextStyleSetting is missing.
[14:52:49.721] [1] [WARNING] [BetterInfoCards] Skipping DrawText replay because the captured TextStyleSetting is missing.
[14:52:49.738] [1] [WARNING] [BetterInfoCards] Skipping DrawText replay because the captured TextStyleSetting is missing.
[14:52:49.755] [1] [WARNING] [BetterInfoCards] Skipping DrawText replay because the captured TextStyleSetting is missing.
[14:52:49.772] [1] [WARNING] [BetterInfoCards] Skipping DrawText replay because the captured TextStyleSetting is missing.
[14:52:49.789] [1] [WARNING] [BetterInfoCards] Skipping DrawText replay because the captured TextStyleSetting is missing.
[14:52:49.805] [1] [WARNING] [BetterInfoCards] Skipping DrawText replay because the captured TextStyleSetting is missing.
[14:52:49.822] [1] [WARNING] [BetterInfoCards] Skipping DrawText replay because the captured TextStyleSetting is missing.
[14:52:49.838] [1] [WARNING] [BetterInfoCards] Skipping DrawText replay because the captured TextStyleSetting is missing.
[14:52:49.855] [1] [WARNING] [BetterInfoCards] Skipping DrawText replay because the captured TextStyleSetting is missing.
[14:52:49.872] [1] [WARNING] [BetterInfoCards] Skipping DrawText replay because the captured TextStyleSetting is missing.
[14:52:49.888] [1] [WARNING] [BetterInfoCards] Skipping DrawText replay because the captured TextStyleSetting is missing.
[14:52:49.905] [1] [WARNING] [BetterInfoCards] Skipping DrawText replay because the captured TextStyleSetting is missing.
[14:52:49.922] [1] [WARNING] [BetterInfoCards] Skipping DrawText replay because the captured TextStyleSetting is missing.
[14:52:49.938] [1] [WARNING] [BetterInfoCards] Skipping DrawText replay because the captured TextStyleSetting is missing.
[14:52:49.955] [1] [WARNING] [BetterInfoCards] Skipping DrawText replay because the captured TextStyleSetting is missing.
[14:52:49.972] [1] [WARNING] [BetterInfoCards] Skipping DrawText replay because the captured TextStyleSetting is missing.
[14:52:49.987] [1] [WARNING] [BetterInfoCards] Skipping DrawText replay because the captured TextStyleSetting is missing.
[14:52:50.005] [1] [WARNING] [BetterInfoCards] Skipping DrawText replay because the captured TextStyleSetting is missing.
[14:52:50.021] [1] [WARNING] [BetterInfoCards] Skipping DrawText replay because the captured TextStyleSetting is missing.
[14:52:50.038] [1] [WARNING] [BetterInfoCards] Skipping DrawText replay because the captured TextStyleSetting is missing.
[14:52:50.055] [1] [WARNING] [BetterInfoCards] Skipping DrawText replay because the captured TextStyleSetting is missing.
[14:52:50.072] [1] [WARNING] [BetterInfoCards] Skipping DrawText replay because the captured TextStyleSetting is missing.
[14:52:50.088] [1] [WARNING] [BetterInfoCards] Skipping DrawText replay because the captured TextStyleSetting is missing.
[14:52:50.105] [1] [WARNING] [BetterInfoCards] Skipping DrawText replay because the captured TextStyleSetting is missing.
[14:52:50.122] [1] [WARNING] [BetterInfoCards] Skipping DrawText replay because the captured TextStyleSetting is missing.
[14:52:50.138] [1] [WARNING] [BetterInfoCards] Skipping DrawText replay because the captured TextStyleSetting is missing.
[14:52:50.156] [1] [WARNING] [BetterInfoCards] Skipping DrawText replay because the captured TextStyleSetting is missing.
[14:52:50.172] [1] [WARNING] [BetterInfoCards] Skipping DrawText replay because the captured TextStyleSetting is missing.
[14:52:50.188] [1] [WARNING] [BetterInfoCards] Skipping DrawText replay because the captured TextStyleSetting is missing.
[14:52:50.205] [1] [WARNING] [BetterInfoCards] Skipping DrawText replay because the captured TextStyleSetting is missing.
[14:52:50.222] [1] [WARNING] [BetterInfoCards] Skipping DrawText replay because the captured TextStyleSetting is missing.
[14:52:50.239] [1] [WARNING] [BetterInfoCards] Skipping DrawText replay because the captured TextStyleSetting is missing.
[14:52:50.255] [1] [WARNING] [BetterInfoCards] Skipping DrawText replay because the captured TextStyleSetting is missing.
[14:52:50.271] [1] [WARNING] [BetterInfoCards] Skipping DrawText replay because the captured TextStyleSetting is missing.
[14:52:50.287] [1] [WARNING] [BetterInfoCards] Skipping DrawText replay because the captured TextStyleSetting is missing.
[14:52:50.305] [1] [WARNING] [BetterInfoCards] Skipping DrawText replay because the captured TextStyleSetting is missing.
[14:52:50.321] [1] [WARNING] [BetterInfoCards] Skipping DrawText replay because the captured TextStyleSetting is missing.
[14:52:50.338] [1] [WARNING] [BetterInfoCards] Skipping DrawText replay because the captured TextStyleSetting is missing.
[14:52:50.354] [1] [WARNING] [BetterInfoCards] Skipping DrawText replay because the captured TextStyleSetting is missing.
[14:52:50.372] [1] [WARNING] [BetterInfoCards] Skipping DrawText replay because the captured TextStyleSetting is missing.
[14:52:50.387] [1] [WARNING] [BetterInfoCards] Skipping DrawText replay because the captured TextStyleSetting is missing.
[14:52:50.404] [1] [WARNING] [BetterInfoCards] Skipping DrawText replay because the captured TextStyleSetting is missing.
[14:52:50.421] [1] [WARNING] [BetterInfoCards] Skipping DrawText replay because the captured TextStyleSetting is missing.
[14:52:50.438] [1] [WARNING] [BetterInfoCards] Skipping DrawText replay because the captured TextStyleSetting is missing.
[14:52:50.454] [1] [WARNING] [BetterInfoCards] Skipping DrawText replay because the captured TextStyleSetting is missing.
[14:52:50.473] [1] [WARNING] [BetterInfoCards] Skipping DrawText replay because the captured TextStyleSetting is missing.
[14:52:50.488] [1] [WARNING] [BetterInfoCards] Skipping DrawText replay because the captured TextStyleSetting is missing.
[14:52:50.505] [1] [WARNING] [BetterInfoCards] Skipping DrawText replay because the captured TextStyleSetting is missing.
[14:52:50.521] [1] [WARNING] [BetterInfoCards] Skipping DrawText replay because the captured TextStyleSetting is missing.
[14:52:50.537] [1] [WARNING] [BetterInfoCards] Skipping DrawText replay because the captured TextStyleSetting is missing.
[14:52:50.554] [1] [WARNING] [BetterInfoCards] Skipping DrawText replay because the captured TextStyleSetting is missing.
[14:52:50.572] [1] [WARNING] [BetterInfoCards] Skipping DrawText replay because the captured TextStyleSetting is missing.
[14:52:50.588] [1] [WARNING] [BetterInfoCards] Skipping DrawText replay because the captured TextStyleSetting is missing.
[14:52:50.603] [1] [WARNING] [BetterInfoCards] Skipping DrawText replay because the captured TextStyleSetting is missing.
[14:52:50.621] [1] [WARNING] [BetterInfoCards] Skipping DrawText replay because the captured TextStyleSetting is missing.
[14:52:50.639] [1] [WARNING] [BetterInfoCards] Skipping DrawText replay because the captured TextStyleSetting is missing.
[14:52:50.654] [1] [WARNING] [BetterInfoCards] Skipping DrawText replay because the captured TextStyleSetting is missing.
[14:52:50.670] [1] [WARNING] [BetterInfoCards] Skipping DrawText replay because the captured TextStyleSetting is missing.
[14:52:50.687] [1] [WARNING] [BetterInfoCards] Skipping DrawText replay because the captured TextStyleSetting is missing.
[14:52:50.706] [1] [WARNING] [BetterInfoCards] Skipping DrawText replay because the captured TextStyleSetting is missing.
[14:52:50.722] [1] [WARNING] [BetterInfoCards] Skipping DrawText replay because the captured TextStyleSetting is missing.
[14:52:50.738] [1] [WARNING] [BetterInfoCards] Skipping DrawText replay because the captured TextStyleSetting is missing.
[14:52:50.754] [1] [WARNING] [BetterInfoCards] Skipping DrawText replay because the captured TextStyleSetting is missing.
[14:52:50.772] [1] [WARNING] [BetterInfoCards] Skipping DrawText replay because the captured TextStyleSetting is missing.
[14:52:50.788] [1] [WARNING] [BetterInfoCards] Skipping DrawText replay because the captured TextStyleSetting is missing.
[14:52:50.804] [1] [WARNING] [BetterInfoCards] Skipping DrawText replay because the captured TextStyleSetting is missing.
[14:52:50.821] [1] [WARNING] [BetterInfoCards] Skipping DrawText replay because the captured TextStyleSetting is missing.
[14:52:50.838] [1] [WARNING] [BetterInfoCards] Skipping DrawText replay because the captured TextStyleSetting is missing.
[14:52:50.856] [1] [WARNING] [BetterInfoCards] Skipping DrawText replay because the captured TextStyleSetting is missing.
[14:52:50.870] [1] [WARNING] [BetterInfoCards] Skipping DrawText replay because the captured TextStyleSetting is missing.
[14:52:50.888] [1] [WARNING] [BetterInfoCards] Skipping DrawText replay because the captured TextStyleSetting is missing.
[14:52:50.905] [1] [WARNING] [BetterInfoCards] Skipping DrawText replay because the captured TextStyleSetting is missing.
[14:52:50.921] [1] [WARNING] [BetterInfoCards] Skipping DrawText replay because the captured TextStyleSetting is missing.
[14:52:50.937] [1] [WARNING] [BetterInfoCards] Skipping DrawText replay because the captured TextStyleSetting is missing.
[14:52:50.955] [1] [WARNING] [BetterInfoCards] Skipping DrawText replay because the captured TextStyleSetting is missing.
[14:52:50.972] [1] [WARNING] [BetterInfoCards] Skipping DrawText replay because the captured TextStyleSetting is missing.
[14:52:50.988] [1] [WARNING] [BetterInfoCards] Skipping DrawText replay because the captured TextStyleSetting is missing.
[14:52:51.005] [1] [WARNING] [BetterInfoCards] Skipping DrawText replay because the captured TextStyleSetting is missing.
[14:52:51.021] [1] [WARNING] [BetterInfoCards] Skipping DrawText replay because the captured TextStyleSetting is missing.
[14:52:51.039] [1] [WARNING] [BetterInfoCards] Skipping DrawText replay because the captured TextStyleSetting is missing.
[14:52:51.056] [1] [WARNING] [BetterInfoCards] Skipping DrawText replay because the captured TextStyleSetting is missing.
[14:52:51.072] [1] [WARNING] [BetterInfoCards] Skipping DrawText replay because the captured TextStyleSetting is missing.
[14:52:51.088] [1] [WARNING] [BetterInfoCards] Skipping DrawText replay because the captured TextStyleSetting is missing.
[14:52:51.106] [1] [WARNING] [BetterInfoCards] Skipping DrawText replay because the captured TextStyleSetting is missing.
[14:52:51.121] [1] [WARNING] [BetterInfoCards] Skipping DrawText replay because the captured TextStyleSetting is missing.
[14:52:51.138] [1] [WARNING] [BetterInfoCards] Skipping DrawText replay because the captured TextStyleSetting is missing.
[14:52:51.156] [1] [WARNING] [BetterInfoCards] Skipping DrawText replay because the captured TextStyleSetting is missing.
[14:52:51.173] [1] [WARNING] [BetterInfoCards] Skipping DrawText replay because the captured TextStyleSetting is missing.
[14:52:51.188] [1] [WARNING] [BetterInfoCards] Skipping DrawText replay because the captured TextStyleSetting is missing.
[14:52:51.205] [1] [WARNING] [BetterInfoCards] Skipping DrawText replay because the captured TextStyleSetting is missing.
[14:52:51.222] [1] [WARNING] [BetterInfoCards] Skipping DrawText replay because the captured TextStyleSetting is missing.
[14:52:51.238] [1] [WARNING] [BetterInfoCards] Skipping DrawText replay because the captured TextStyleSetting is missing.
[14:52:51.254] [1] [WARNING] [BetterInfoCards] Skipping DrawText replay because the captured TextStyleSetting is missing.
[14:52:51.271] [1] [WARNING] [BetterInfoCards] Skipping DrawText replay because the captured TextStyleSetting is missing.
[14:52:51.288] [1] [WARNING] [BetterInfoCards] Skipping DrawText replay because the captured TextStyleSetting is missing.
[14:52:51.307] [1] [WARNING] [BetterInfoCards] Skipping DrawText replay because the captured TextStyleSetting is missing.
[14:52:51.322] [1] [WARNING] [BetterInfoCards] Skipping DrawText replay because the captured TextStyleSetting is missing.
[14:52:51.337] [1] [WARNING] [BetterInfoCards] Skipping DrawText replay because the captured TextStyleSetting is missing.
[14:52:51.354] [1] [WARNING] [BetterInfoCards] Skipping DrawText replay because the captured TextStyleSetting is missing.
[14:52:51.372] [1] [WARNING] [BetterInfoCards] Skipping DrawText replay because the captured TextStyleSetting is missing.
[14:52:51.389] [1] [WARNING] [BetterInfoCards] Skipping DrawText replay because the captured TextStyleSetting is missing.
[14:52:51.404] [1] [WARNING] [BetterInfoCards] Skipping DrawText replay because the captured TextStyleSetting is missing.
[14:52:51.420] [1] [WARNING] [BetterInfoCards] Skipping DrawText replay because the captured TextStyleSetting is missing.
[14:52:51.440] [1] [WARNING] [BetterInfoCards] Skipping DrawText replay because the captured TextStyleSetting is missing.
[14:52:51.454] [1] [WARNING] [BetterInfoCards] Skipping DrawText replay because the captured TextStyleSetting is missing.
[14:52:51.471] [1] [WARNING] [BetterInfoCards] Skipping DrawText replay because the captured TextStyleSetting is missing.
[14:52:51.488] [1] [WARNING] [BetterInfoCards] Skipping DrawText replay because the captured TextStyleSetting is missing.
[14:52:51.505] [1] [WARNING] [BetterInfoCards] Skipping DrawText replay because the captured TextStyleSetting is missing.
[14:52:51.522] [1] [WARNING] [BetterInfoCards] Skipping DrawText replay because the captured TextStyleSetting is missing.
[14:52:51.538] [1] [WARNING] [BetterInfoCards] Skipping DrawText replay because the captured TextStyleSetting is missing.
[14:52:51.554] [1] [WARNING] [BetterInfoCards] Skipping DrawText replay because the captured TextStyleSetting is missing.
[14:52:51.571] [1] [WARNING] [BetterInfoCards] Skipping DrawText replay because the captured TextStyleSetting is missing.
[14:52:51.590] [1] [WARNING] [BetterInfoCards] Skipping DrawText replay because the captured TextStyleSetting is missing.
[14:52:51.605] [1] [WARNING] [BetterInfoCards] Skipping DrawText replay because the captured TextStyleSetting is missing.
[14:52:51.621] [1] [WARNING] [BetterInfoCards] Skipping DrawText replay because the captured TextStyleSetting is missing.
[14:52:51.639] [1] [WARNING] [BetterInfoCards] Skipping DrawText replay because the captured TextStyleSetting is missing.
[14:52:51.654] [1] [WARNING] [BetterInfoCards] Skipping DrawText replay because the captured TextStyleSetting is missing.
[14:52:51.671] [1] [WARNING] [BetterInfoCards] Skipping DrawText replay because the captured TextStyleSetting is missing.
[14:52:51.687] [1] [WARNING] [BetterInfoCards] Skipping DrawText replay because the captured TextStyleSetting is missing.
[14:52:51.705] [1] [WARNING] [BetterInfoCards] Skipping DrawText replay because the captured TextStyleSetting is missing.
[14:52:51.721] [1] [WARNING] [BetterInfoCards] Skipping DrawText replay because the captured TextStyleSetting is missing.
[14:52:51.737] [1] [WARNING] [BetterInfoCards] Skipping DrawText replay because the captured TextStyleSetting is missing.
[14:52:51.753] [1] [WARNING] [BetterInfoCards] Skipping DrawText replay because the captured TextStyleSetting is missing.
[14:52:51.772] [1] [WARNING] [BetterInfoCards] Skipping DrawText replay because the captured TextStyleSetting is missing.
[14:52:51.788] [1] [WARNING] [BetterInfoCards] Skipping DrawText replay because the captured TextStyleSetting is missing.
[14:52:51.804] [1] [WARNING] [BetterInfoCards] Skipping DrawText replay because the captured TextStyleSetting is missing.
[14:52:51.821] [1] [WARNING] [BetterInfoCards] Skipping DrawText replay because the captured TextStyleSetting is missing.
[14:52:51.839] [1] [WARNING] [BetterInfoCards] Skipping DrawText replay because the captured TextStyleSetting is missing.
[14:52:51.854] [1] [WARNING] [BetterInfoCards] Skipping DrawText replay because the captured TextStyleSetting is missing.
[14:52:51.872] [1] [WARNING] [BetterInfoCards] Skipping DrawText replay because the captured TextStyleSetting is missing.
[14:52:51.888] [1] [WARNING] [BetterInfoCards] Skipping DrawText replay because the captured TextStyleSetting is missing.
[14:52:51.905] [1] [WARNING] [BetterInfoCards] Skipping DrawText replay because the captured TextStyleSetting is missing.
[14:52:51.924] [1] [WARNING] [BetterInfoCards] Skipping DrawText replay because the captured TextStyleSetting is missing.
[14:52:51.938] [1] [WARNING] [BetterInfoCards] Skipping DrawText replay because the captured TextStyleSetting is missing.
[14:52:51.954] [1] [WARNING] [BetterInfoCards] Skipping DrawText replay because the captured TextStyleSetting is missing.
[14:52:51.974] [1] [WARNING] [BetterInfoCards] Skipping DrawText replay because the captured TextStyleSetting is missing.
[14:52:51.988] [1] [WARNING] [BetterInfoCards] Skipping DrawText replay because the captured TextStyleSetting is missing.
[14:52:52.005] [1] [WARNING] [BetterInfoCards] Skipping DrawText replay because the captured TextStyleSetting is missing.
[14:52:52.021] [1] [WARNING] [BetterInfoCards] Skipping DrawText replay because the captured TextStyleSetting is missing.
[14:52:52.040] [1] [WARNING] [BetterInfoCards] Skipping DrawText replay because the captured TextStyleSetting is missing.
[14:52:52.055] [1] [WARNING] [BetterInfoCards] Skipping DrawText replay because the captured TextStyleSetting is missing.
[14:52:52.071] [1] [WARNING] [BetterInfoCards] Skipping DrawText replay because the captured TextStyleSetting is missing.
[14:52:52.088] [1] [WARNING] [BetterInfoCards] Skipping DrawText replay because the captured TextStyleSetting is missing.
[14:52:52.106] [1] [WARNING] [BetterInfoCards] Skipping DrawText replay because the captured TextStyleSetting is missing.
[14:52:52.121] [1] [WARNING] [BetterInfoCards] Skipping DrawText replay because the captured TextStyleSetting is missing.
[14:52:52.138] [1] [WARNING] [BetterInfoCards] Skipping DrawText replay because the captured TextStyleSetting is missing.
[14:52:52.155] [1] [WARNING] [BetterInfoCards] Skipping DrawText replay because the captured TextStyleSetting is missing.
[14:52:52.172] [1] [WARNING] [BetterInfoCards] Skipping DrawText replay because the captured TextStyleSetting is missing.
[14:52:52.188] [1] [WARNING] [BetterInfoCards] Skipping DrawText replay because the captured TextStyleSetting is missing.
[14:52:52.204] [1] [WARNING] [BetterInfoCards] Skipping DrawText replay because the captured TextStyleSetting is missing.
[14:52:52.221] [1] [WARNING] [BetterInfoCards] Skipping DrawText replay because the captured TextStyleSetting is missing.
[14:52:52.242] [1] [WARNING] [BetterInfoCards] Skipping DrawText replay because the captured TextStyleSetting is missing.
[14:52:52.255] [1] [WARNING] [BetterInfoCards] Skipping DrawText replay because the captured TextStyleSetting is missing.
[14:52:52.270] [1] [WARNING] [BetterInfoCards] Skipping DrawText replay because the captured TextStyleSetting is missing.
[14:52:52.288] [1] [WARNING] [BetterInfoCards] Skipping DrawText replay because the captured TextStyleSetting is missing.
[14:52:52.306] [1] [WARNING] [BetterInfoCards] Skipping DrawText replay because the captured TextStyleSetting is missing.
[14:52:52.321] [1] [WARNING] [BetterInfoCards] Skipping DrawText replay because the captured TextStyleSetting is missing.
[14:52:52.337] [1] [WARNING] [BetterInfoCards] Skipping DrawText replay because the captured TextStyleSetting is missing.
[14:52:52.354] [1] [WARNING] [BetterInfoCards] Skipping DrawText replay because the captured TextStyleSetting is missing.
[14:52:52.372] [1] [WARNING] [BetterInfoCards] Skipping DrawText replay because the captured TextStyleSetting is missing.
[14:52:52.387] [1] [WARNING] [BetterInfoCards] Skipping DrawText replay because the captured TextStyleSetting is missing.
[14:52:52.404] [1] [WARNING] [BetterInfoCards] Skipping DrawText replay because the captured TextStyleSetting is missing.
[14:52:52.420] [1] [WARNING] [BetterInfoCards] Skipping DrawText replay because the captured TextStyleSetting is missing.
[14:52:52.439] [1] [WARNING] [BetterInfoCards] Skipping DrawText replay because the captured TextStyleSetting is missing.
[14:52:52.454] [1] [WARNING] [BetterInfoCards] Skipping DrawText replay because the captured TextStyleSetting is missing.
[14:52:52.473] [1] [WARNING] [BetterInfoCards] Skipping DrawText replay because the captured TextStyleSetting is missing.
[14:52:52.488] [1] [WARNING] [BetterInfoCards] Skipping DrawText replay because the captured TextStyleSetting is missing.
[14:52:52.506] [1] [WARNING] [BetterInfoCards] Skipping DrawText replay because the captured TextStyleSetting is missing.
[14:52:52.521] [1] [WARNING] [BetterInfoCards] Skipping DrawText replay because the captured TextStyleSetting is missing.
[14:52:52.537] [1] [WARNING] [BetterInfoCards] Skipping DrawText replay because the captured TextStyleSetting is missing.
[14:52:52.555] [1] [WARNING] [BetterInfoCards] Skipping DrawText replay because the captured TextStyleSetting is missing.
[14:52:52.572] [1] [WARNING] [BetterInfoCards] Skipping DrawText replay because the captured TextStyleSetting is missing.
[14:52:52.587] [1] [WARNING] [BetterInfoCards] Skipping DrawText replay because the captured TextStyleSetting is missing.
[14:52:52.603] [1] [WARNING] [BetterInfoCards] Skipping DrawText replay because the captured TextStyleSetting is missing.
[14:52:52.621] [1] [WARNING] [BetterInfoCards] Skipping DrawText replay because the captured TextStyleSetting is missing.
[14:52:52.639] [1] [WARNING] [BetterInfoCards] Skipping DrawText replay because the captured TextStyleSetting is missing.
[14:52:52.654] [1] [WARNING] [BetterInfoCards] Skipping DrawText replay because the captured TextStyleSetting is missing.
[14:52:52.670] [1] [WARNING] [BetterInfoCards] Skipping DrawText replay because the captured TextStyleSetting is missing.
[14:52:52.687] [1] [WARNING] [BetterInfoCards] Skipping DrawText replay because the captured TextStyleSetting is missing.
[14:52:52.705] [1] [WARNING] [BetterInfoCards] Skipping DrawText replay because the captured TextStyleSetting is missing.
[14:52:52.722] [1] [WARNING] [BetterInfoCards] Skipping DrawText replay because the captured TextStyleSetting is missing.
[14:52:52.737] [1] [WARNING] [BetterInfoCards] Skipping DrawText replay because the captured TextStyleSetting is missing.
[14:52:52.754] [1] [WARNING] [BetterInfoCards] Skipping DrawText replay because the captured TextStyleSetting is missing.
[14:52:52.771] [1] [WARNING] [BetterInfoCards] Skipping DrawText replay because the captured TextStyleSetting is missing.
[14:52:52.787] [1] [WARNING] [BetterInfoCards] Skipping DrawText replay because the captured TextStyleSetting is missing.
[14:52:52.804] [1] [WARNING] [BetterInfoCards] Skipping DrawText replay because the captured TextStyleSetting is missing.
[14:52:52.822] [1] [WARNING] [BetterInfoCards] Skipping DrawText replay because the captured TextStyleSetting is missing.
[14:52:52.839] [1] [WARNING] [BetterInfoCards] Skipping DrawText replay because the captured TextStyleSetting is missing.
[14:52:52.853] [1] [WARNING] [BetterInfoCards] Skipping DrawText replay because the captured TextStyleSetting is missing.
[14:52:52.871] [1] [WARNING] [BetterInfoCards] Skipping DrawText replay because the captured TextStyleSetting is missing.
[14:52:52.887] [1] [WARNING] [BetterInfoCards] Skipping DrawText replay because the captured TextStyleSetting is missing.
[14:52:52.906] [1] [WARNING] [BetterInfoCards] Skipping DrawText replay because the captured TextStyleSetting is missing.
[14:52:52.921] [1] [WARNING] [BetterInfoCards] Skipping DrawText replay because the captured TextStyleSetting is missing.
[14:52:52.938] [1] [WARNING] [BetterInfoCards] Skipping DrawText replay because the captured TextStyleSetting is missing.
[14:52:52.954] [1] [WARNING] [BetterInfoCards] Skipping DrawText replay because the captured TextStyleSetting is missing.
[14:52:52.972] [1] [WARNING] [BetterInfoCards] Skipping DrawText replay because the captured TextStyleSetting is missing.
[14:52:52.988] [1] [WARNING] [BetterInfoCards] Skipping DrawText replay because the captured TextStyleSetting is missing.
[14:52:53.005] [1] [WARNING] [BetterInfoCards] Skipping DrawText replay because the captured TextStyleSetting is missing.
[14:52:53.021] [1] [WARNING] [BetterInfoCards] Skipping DrawText replay because the captured TextStyleSetting is missing.
[14:52:53.038] [1] [WARNING] [BetterInfoCards] Skipping DrawText replay because the captured TextStyleSetting is missing.
[14:52:53.054] [1] [WARNING] [BetterInfoCards] Skipping DrawText replay because the captured TextStyleSetting is missing.
[14:52:53.071] [1] [WARNING] [BetterInfoCards] Skipping DrawText replay because the captured TextStyleSetting is missing.
[14:52:53.088] [1] [WARNING] [BetterInfoCards] Skipping DrawText replay because the captured TextStyleSetting is missing.
[14:52:53.106] [1] [WARNING] [BetterInfoCards] Skipping DrawText replay because the captured TextStyleSetting is missing.
[14:52:53.122] [1] [WARNING] [BetterInfoCards] Skipping DrawText replay because the captured TextStyleSetting is missing.
[14:52:53.138] [1] [WARNING] [BetterInfoCards] Skipping DrawText replay because the captured TextStyleSetting is missing.
[14:52:53.155] [1] [WARNING] [BetterInfoCards] Skipping DrawText replay because the captured TextStyleSetting is missing.
[14:52:53.172] [1] [WARNING] [BetterInfoCards] Skipping DrawText replay because the captured TextStyleSetting is missing.
[14:52:53.188] [1] [WARNING] [BetterInfoCards] Skipping DrawText replay because the captured TextStyleSetting is missing.
[14:52:53.204] [1] [WARNING] [BetterInfoCards] Skipping DrawText replay because the captured TextStyleSetting is missing.
[14:52:53.221] [1] [WARNING] [BetterInfoCards] Skipping DrawText replay because the captured TextStyleSetting is missing.
[14:52:53.238] [1] [WARNING] [BetterInfoCards] Skipping DrawText replay because the captured TextStyleSetting is missing.
[14:52:53.254] [1] [WARNING] [BetterInfoCards] Skipping DrawText replay because the captured TextStyleSetting is missing.
[14:52:53.271] [1] [WARNING] [BetterInfoCards] Skipping DrawText replay because the captured TextStyleSetting is missing.
[14:52:53.287] [1] [WARNING] [BetterInfoCards] Skipping DrawText replay because the captured TextStyleSetting is missing.
[14:52:53.306] [1] [WARNING] [BetterInfoCards] Skipping DrawText replay because the captured TextStyleSetting is missing.
[14:52:53.321] [1] [WARNING] [BetterInfoCards] Skipping DrawText replay because the captured TextStyleSetting is missing.
[14:52:53.337] [1] [WARNING] [BetterInfoCards] Skipping DrawText replay because the captured TextStyleSetting is missing.
[14:52:53.354] [1] [WARNING] [BetterInfoCards] Skipping DrawText replay because the captured TextStyleSetting is missing.
[14:52:53.372] [1] [WARNING] [BetterInfoCards] Skipping DrawText replay because the captured TextStyleSetting is missing.
[14:52:53.388] [1] [WARNING] [BetterInfoCards] Skipping DrawText replay because the captured TextStyleSetting is missing.
[14:52:53.403] [1] [WARNING] [BetterInfoCards] Skipping DrawText replay because the captured TextStyleSetting is missing.
[14:52:53.421] [1] [WARNING] [BetterInfoCards] Skipping DrawText replay because the captured TextStyleSetting is missing.
[14:52:53.438] [1] [WARNING] [BetterInfoCards] Skipping DrawText replay because the captured TextStyleSetting is missing.
[14:52:53.454] [1] [WARNING] [BetterInfoCards] Skipping DrawText replay because the captured TextStyleSetting is missing.
[14:52:53.470] [1] [WARNING] [BetterInfoCards] Skipping DrawText replay because the captured TextStyleSetting is missing.
[14:52:53.488] [1] [WARNING] [BetterInfoCards] Skipping DrawText replay because the captured TextStyleSetting is missing.
[14:52:53.510] [1] [WARNING] [BetterInfoCards] Skipping DrawText replay because the captured TextStyleSetting is missing.
[14:52:53.521] [1] [WARNING] [BetterInfoCards] Skipping DrawText replay because the captured TextStyleSetting is missing.
[14:52:53.537] [1] [WARNING] [BetterInfoCards] Skipping DrawText replay because the captured TextStyleSetting is missing.
[14:52:53.554] [1] [WARNING] [BetterInfoCards] Skipping DrawText replay because the captured TextStyleSetting is missing.
[14:52:53.573] [1] [WARNING] [BetterInfoCards] Skipping DrawText replay because the captured TextStyleSetting is missing.
[14:52:53.588] [1] [WARNING] [BetterInfoCards] Skipping DrawText replay because the captured TextStyleSetting is missing.
[14:52:53.604] [1] [WARNING] [BetterInfoCards] Skipping DrawText replay because the captured TextStyleSetting is missing.
[14:52:53.620] [1] [WARNING] [BetterInfoCards] Skipping DrawText replay because the captured TextStyleSetting is missing.
[14:52:53.639] [1] [WARNING] [BetterInfoCards] Skipping DrawText replay because the captured TextStyleSetting is missing.
[14:52:53.654] [1] [WARNING] [BetterInfoCards] Skipping DrawText replay because the captured TextStyleSetting is missing.
[14:52:53.671] [1] [WARNING] [BetterInfoCards] Skipping DrawText replay because the captured TextStyleSetting is missing.
[14:52:53.689] [1] [WARNING] [BetterInfoCards] Skipping DrawText replay because the captured TextStyleSetting is missing.
[14:52:53.707] [1] [WARNING] [BetterInfoCards] Skipping DrawText replay because the captured TextStyleSetting is missing.
[14:52:53.721] [1] [WARNING] [BetterInfoCards] Skipping DrawText replay because the captured TextStyleSetting is missing.
[14:52:53.737] [1] [WARNING] [BetterInfoCards] Skipping DrawText replay because the captured TextStyleSetting is missing.
[14:52:53.754] [1] [WARNING] [BetterInfoCards] Skipping DrawText replay because the captured TextStyleSetting is missing.
[14:52:53.772] [1] [WARNING] [BetterInfoCards] Skipping DrawText replay because the captured TextStyleSetting is missing.
[14:52:53.788] [1] [WARNING] [BetterInfoCards] Skipping DrawText replay because the captured TextStyleSetting is missing.
[14:52:53.804] [1] [WARNING] [BetterInfoCards] Skipping DrawText replay because the captured TextStyleSetting is missing.
[14:52:53.822] [1] [WARNING] [BetterInfoCards] Skipping DrawText replay because the captured TextStyleSetting is missing.
[14:52:53.838] [1] [WARNING] [BetterInfoCards] Skipping DrawText replay because the captured TextStyleSetting is missing.
[14:52:53.855] [1] [WARNING] [BetterInfoCards] Skipping DrawText replay because the captured TextStyleSetting is missing.
[14:52:53.870] [1] [WARNING] [BetterInfoCards] Skipping DrawText replay because the captured TextStyleSetting is missing.
[14:52:53.888] [1] [WARNING] [BetterInfoCards] Skipping DrawText replay because the captured TextStyleSetting is missing.
[14:52:53.905] [1] [WARNING] [BetterInfoCards] Skipping DrawText replay because the captured TextStyleSetting is missing.
[14:52:53.921] [1] [WARNING] [BetterInfoCards] Skipping DrawText replay because the captured TextStyleSetting is missing.
[14:52:53.938] [1] [WARNING] [BetterInfoCards] Skipping DrawText replay because the captured TextStyleSetting is missing.
[14:52:53.954] [1] [WARNING] [BetterInfoCards] Skipping DrawText replay because the captured TextStyleSetting is missing.
[14:52:53.971] [1] [WARNING] [BetterInfoCards] Skipping DrawText replay because the captured TextStyleSetting is missing.
[14:52:53.987] [1] [WARNING] [BetterInfoCards] Skipping DrawText replay because the captured TextStyleSetting is missing.
[14:52:54.004] [1] [WARNING] [BetterInfoCards] Skipping DrawText replay because the captured TextStyleSetting is missing.
[14:52:54.021] [1] [WARNING] [BetterInfoCards] Skipping DrawText replay because the captured TextStyleSetting is missing.
[14:52:54.038] [1] [WARNING] [BetterInfoCards] Skipping DrawText replay because the captured TextStyleSetting is missing.
[14:52:54.054] [1] [WARNING] [BetterInfoCards] Skipping DrawText replay because the captured TextStyleSetting is missing.
[14:52:54.071] [1] [WARNING] [BetterInfoCards] Skipping DrawText replay because the captured TextStyleSetting is missing.
[14:52:54.088] [1] [WARNING] [BetterInfoCards] Skipping DrawText replay because the captured TextStyleSetting is missing.
[14:52:54.104] [1] [WARNING] [BetterInfoCards] Skipping DrawText replay because the captured TextStyleSetting is missing.
[14:52:54.121] [1] [WARNING] [BetterInfoCards] Skipping DrawText replay because the captured TextStyleSetting is missing.
[14:52:54.138] [1] [WARNING] [BetterInfoCards] Skipping DrawText replay because the captured TextStyleSetting is missing.
[14:52:54.155] [1] [WARNING] [BetterInfoCards] Skipping DrawText replay because the captured TextStyleSetting is missing.
[14:52:54.172] [1] [WARNING] [BetterInfoCards] Skipping DrawText replay because the captured TextStyleSetting is missing.
[14:52:54.190] [1] [WARNING] [BetterInfoCards] Skipping DrawText replay because the captured TextStyleSetting is missing.
[14:52:54.207] [1] [WARNING] [BetterInfoCards] Skipping DrawText replay because the captured TextStyleSetting is missing.
[14:52:54.221] [1] [WARNING] [BetterInfoCards] Skipping DrawText replay because the captured TextStyleSetting is missing.
[14:52:54.240] [1] [WARNING] [BetterInfoCards] Skipping DrawText replay because the captured TextStyleSetting is missing.
[14:52:54.253] [1] [WARNING] [BetterInfoCards] Skipping DrawText replay because the captured TextStyleSetting is missing.
[14:52:54.270] [1] [WARNING] [BetterInfoCards] Skipping DrawText replay because the captured TextStyleSetting is missing.
[14:52:54.288] [1] [WARNING] [BetterInfoCards] Skipping DrawText replay because the captured TextStyleSetting is missing.
[14:52:54.306] [1] [WARNING] [BetterInfoCards] Skipping DrawText replay because the captured TextStyleSetting is missing.
[14:52:54.323] [1] [WARNING] [BetterInfoCards] Skipping DrawText replay because the captured TextStyleSetting is missing.
[14:52:54.337] [1] [WARNING] [BetterInfoCards] Skipping DrawText replay because the captured TextStyleSetting is missing.
[14:52:54.354] [1] [WARNING] [BetterInfoCards] Skipping DrawText replay because the captured TextStyleSetting is missing.
[14:52:54.372] [1] [WARNING] [BetterInfoCards] Skipping DrawText replay because the captured TextStyleSetting is missing.
[14:52:54.388] [1] [WARNING] [BetterInfoCards] Skipping DrawText replay because the captured TextStyleSetting is missing.
[14:52:54.404] [1] [WARNING] [BetterInfoCards] Skipping DrawText replay because the captured TextStyleSetting is missing.
[14:52:54.420] [1] [WARNING] [BetterInfoCards] Skipping DrawText replay because the captured TextStyleSetting is missing.
[14:52:54.438] [1] [WARNING] [BetterInfoCards] Skipping DrawText replay because the captured TextStyleSetting is missing.
[14:52:54.455] [1] [WARNING] [BetterInfoCards] Skipping DrawText replay because the captured TextStyleSetting is missing.
[14:52:54.471] [1] [WARNING] [BetterInfoCards] Skipping DrawText replay because the captured TextStyleSetting is missing.
[14:52:54.487] [1] [WARNING] [BetterInfoCards] Skipping DrawText replay because the captured TextStyleSetting is missing.
[14:52:54.504] [1] [WARNING] [BetterInfoCards] Skipping DrawText replay because the captured TextStyleSetting is missing.
[14:52:54.522] [1] [WARNING] [BetterInfoCards] Skipping DrawText replay because the captured TextStyleSetting is missing.
[14:52:54.537] [1] [WARNING] [BetterInfoCards] Skipping DrawText replay because the captured TextStyleSetting is missing.
[14:52:54.554] [1] [WARNING] [BetterInfoCards] Skipping DrawText replay because the captured TextStyleSetting is missing.
[14:52:54.572] [1] [WARNING] [BetterInfoCards] Skipping DrawText replay because the captured TextStyleSetting is missing.
[14:52:54.588] [1] [WARNING] [BetterInfoCards] Skipping DrawText replay because the captured TextStyleSetting is missing.
[14:52:54.603] [1] [WARNING] [BetterInfoCards] Skipping DrawText replay because the captured TextStyleSetting is missing.
[14:52:54.621] [1] [WARNING] [BetterInfoCards] Skipping DrawText replay because the captured TextStyleSetting is missing.
[14:52:54.638] [1] [WARNING] [BetterInfoCards] Skipping DrawText replay because the captured TextStyleSetting is missing.
[14:52:54.654] [1] [WARNING] [BetterInfoCards] Skipping DrawText replay because the captured TextStyleSetting is missing.
[14:52:54.671] [1] [WARNING] [BetterInfoCards] Skipping DrawText replay because the captured TextStyleSetting is missing.
[14:52:54.687] [1] [WARNING] [BetterInfoCards] Skipping DrawText replay because the captured TextStyleSetting is missing.
[14:52:54.705] [1] [WARNING] [BetterInfoCards] Skipping DrawText replay because the captured TextStyleSetting is missing.
[14:52:54.721] [1] [WARNING] [BetterInfoCards] Skipping DrawText replay because the captured TextStyleSetting is missing.
[14:52:54.738] [1] [WARNING] [BetterInfoCards] Skipping DrawText replay because the captured TextStyleSetting is missing.
[14:52:54.755] [1] [WARNING] [BetterInfoCards] Skipping DrawText replay because the captured TextStyleSetting is missing.
[14:52:54.771] [1] [WARNING] [BetterInfoCards] Skipping DrawText replay because the captured TextStyleSetting is missing.
[14:52:54.787] [1] [WARNING] [BetterInfoCards] Skipping DrawText replay because the captured TextStyleSetting is missing.
[14:52:54.804] [1] [WARNING] [BetterInfoCards] Skipping DrawText replay because the captured TextStyleSetting is missing.
[14:52:54.821] [1] [WARNING] [BetterInfoCards] Skipping DrawText replay because the captured TextStyleSetting is missing.
[14:52:54.838] [1] [WARNING] [BetterInfoCards] Skipping DrawText replay because the captured TextStyleSetting is missing.
[14:52:54.853] [1] [WARNING] [BetterInfoCards] Skipping DrawText replay because the captured TextStyleSetting is missing.
[14:52:54.870] [1] [WARNING] [BetterInfoCards] Skipping DrawText replay because the captured TextStyleSetting is missing.
[14:52:54.888] [1] [WARNING] [BetterInfoCards] Skipping DrawText replay because the captured TextStyleSetting is missing.
[14:52:54.905] [1] [WARNING] [BetterInfoCards] Skipping DrawText replay because the captured TextStyleSetting is missing.
[14:52:54.921] [1] [WARNING] [BetterInfoCards] Skipping DrawText replay because the captured TextStyleSetting is missing.
[14:52:54.936] [1] [WARNING] [BetterInfoCards] Skipping DrawText replay because the captured TextStyleSetting is missing.
[14:52:54.956] [1] [WARNING] [BetterInfoCards] Skipping DrawText replay because the captured TextStyleSetting is missing.
[14:52:54.972] [1] [WARNING] [BetterInfoCards] Skipping DrawText replay because the captured TextStyleSetting is missing.
[14:52:54.987] [1] [WARNING] [BetterInfoCards] Skipping DrawText replay because the captured TextStyleSetting is missing.
[14:52:55.004] [1] [WARNING] [BetterInfoCards] Skipping DrawText replay because the captured TextStyleSetting is missing.
[14:52:55.020] [1] [WARNING] [BetterInfoCards] Skipping DrawText replay because the captured TextStyleSetting is missing.
[14:52:55.040] [1] [WARNING] [BetterInfoCards] Skipping DrawText replay because the captured TextStyleSetting is missing.
[14:52:55.053] [1] [WARNING] [BetterInfoCards] Skipping DrawText replay because the captured TextStyleSetting is missing.
[14:52:55.070] [1] [WARNING] [BetterInfoCards] Skipping DrawText replay because the captured TextStyleSetting is missing.
[14:52:55.087] [1] [WARNING] [BetterInfoCards] Skipping DrawText replay because the captured TextStyleSetting is missing.
[14:52:55.107] [1] [WARNING] [BetterInfoCards] Skipping DrawText replay because the captured TextStyleSetting is missing.
[14:52:55.121] [1] [WARNING] [BetterInfoCards] Skipping DrawText replay because the captured TextStyleSetting is missing.
[14:52:55.137] [1] [WARNING] [BetterInfoCards] Skipping DrawText replay because the captured TextStyleSetting is missing.
[14:52:55.154] [1] [WARNING] [BetterInfoCards] Skipping DrawText replay because the captured TextStyleSetting is missing.
[14:52:55.174] [1] [WARNING] [BetterInfoCards] Skipping DrawText replay because the captured TextStyleSetting is missing.
[14:52:55.188] [1] [WARNING] [BetterInfoCards] Skipping DrawText replay because the captured TextStyleSetting is missing.
[14:52:55.203] [1] [WARNING] [BetterInfoCards] Skipping DrawText replay because the captured TextStyleSetting is missing.
[14:52:55.221] [1] [WARNING] [BetterInfoCards] Skipping DrawText replay because the captured TextStyleSetting is missing.
[14:52:55.238] [1] [WARNING] [BetterInfoCards] Skipping DrawText replay because the captured TextStyleSetting is missing.
[14:52:55.255] [1] [WARNING] [BetterInfoCards] Skipping DrawText replay because the captured TextStyleSetting is missing.
[14:52:55.272] [1] [WARNING] [BetterInfoCards] Skipping DrawText replay because the captured TextStyleSetting is missing.
[14:52:55.287] [1] [WARNING] [BetterInfoCards] Skipping DrawText replay because the captured TextStyleSetting is missing.
[14:52:55.306] [1] [WARNING] [BetterInfoCards] Skipping DrawText replay because the captured TextStyleSetting is missing.
[14:52:55.322] [1] [WARNING] [BetterInfoCards] Skipping DrawText replay because the captured TextStyleSetting is missing.
[14:52:55.337] [1] [WARNING] [BetterInfoCards] Skipping DrawText replay because the captured TextStyleSetting is missing.
[14:52:55.354] [1] [WARNING] [BetterInfoCards] Skipping DrawText replay because the captured TextStyleSetting is missing.
[14:52:55.371] [1] [WARNING] [BetterInfoCards] Skipping DrawText replay because the captured TextStyleSetting is missing.
[14:52:55.388] [1] [WARNING] [BetterInfoCards] Skipping DrawText replay because the captured TextStyleSetting is missing.
[14:52:55.404] [1] [WARNING] [BetterInfoCards] Skipping DrawText replay because the captured TextStyleSetting is missing.
[14:52:55.421] [1] [WARNING] [BetterInfoCards] Skipping DrawText replay because the captured TextStyleSetting is missing.
[14:52:55.438] [1] [WARNING] [BetterInfoCards] Skipping DrawText replay because the captured TextStyleSetting is missing.
[14:52:55.454] [1] [WARNING] [BetterInfoCards] Skipping DrawText replay because the captured TextStyleSetting is missing.
[14:52:55.470] [1] [WARNING] [BetterInfoCards] Skipping DrawText replay because the captured TextStyleSetting is missing.
[14:52:55.487] [1] [WARNING] [BetterInfoCards] Skipping DrawText replay because the captured TextStyleSetting is missing.
[14:52:55.506] [1] [WARNING] [BetterInfoCards] Skipping DrawText replay because the captured TextStyleSetting is missing.
[14:52:55.522] [1] [WARNING] [BetterInfoCards] Skipping DrawText replay because the captured TextStyleSetting is missing.
[14:52:55.539] [1] [WARNING] [BetterInfoCards] Skipping DrawText replay because the captured TextStyleSetting is missing.
[14:52:55.555] [1] [WARNING] [BetterInfoCards] Skipping DrawText replay because the captured TextStyleSetting is missing.
[14:52:55.572] [1] [WARNING] [BetterInfoCards] Skipping DrawText replay because the captured TextStyleSetting is missing.
[14:52:55.588] [1] [WARNING] [BetterInfoCards] Skipping DrawText replay because the captured TextStyleSetting is missing.
[14:52:55.604] [1] [WARNING] [BetterInfoCards] Skipping DrawText replay because the captured TextStyleSetting is missing.
[14:52:55.622] [1] [WARNING] [BetterInfoCards] Skipping DrawText replay because the captured TextStyleSetting is missing.
[14:52:55.639] [1] [WARNING] [BetterInfoCards] Skipping DrawText replay because the captured TextStyleSetting is missing.
[14:52:55.653] [1] [WARNING] [BetterInfoCards] Skipping DrawText replay because the captured TextStyleSetting is missing.
[14:52:55.671] [1] [WARNING] [BetterInfoCards] Skipping DrawText replay because the captured TextStyleSetting is missing.
[14:52:55.688] [1] [WARNING] [BetterInfoCards] Skipping DrawText replay because the captured TextStyleSetting is missing.
[14:52:55.705] [1] [WARNING] [BetterInfoCards] Skipping DrawText replay because the captured TextStyleSetting is missing.
[14:52:55.721] [1] [WARNING] [BetterInfoCards] Skipping DrawText replay because the captured TextStyleSetting is missing.
[14:52:55.738] [1] [WARNING] [BetterInfoCards] Skipping DrawText replay because the captured TextStyleSetting is missing.
[14:52:55.754] [1] [WARNING] [BetterInfoCards] Skipping DrawText replay because the captured TextStyleSetting is missing.
[14:52:55.772] [1] [WARNING] [BetterInfoCards] Skipping DrawText replay because the captured TextStyleSetting is missing.
[14:52:55.787] [1] [WARNING] [BetterInfoCards] Skipping DrawText replay because the captured TextStyleSetting is missing.
[14:52:55.804] [1] [WARNING] [BetterInfoCards] Skipping DrawText replay because the captured TextStyleSetting is missing.
[14:52:55.821] [1] [WARNING] [BetterInfoCards] Skipping DrawText replay because the captured TextStyleSetting is missing.
[14:52:55.840] [1] [WARNING] [BetterInfoCards] Skipping DrawText replay because the captured TextStyleSetting is missing.
[14:52:55.854] [1] [WARNING] [BetterInfoCards] Skipping DrawText replay because the captured TextStyleSetting is missing.
[14:52:55.870] [1] [WARNING] [BetterInfoCards] Skipping DrawText replay because the captured TextStyleSetting is missing.
[14:52:55.887] [1] [WARNING] [BetterInfoCards] Skipping DrawText replay because the captured TextStyleSetting is missing.
[14:52:55.908] [1] [WARNING] [BetterInfoCards] Skipping DrawText replay because the captured TextStyleSetting is missing.
[14:52:55.920] [1] [WARNING] [BetterInfoCards] Skipping DrawText replay because the captured TextStyleSetting is missing.
[14:52:55.936] [1] [WARNING] [BetterInfoCards] Skipping DrawText replay because the captured TextStyleSetting is missing.
[14:52:55.953] [1] [WARNING] [BetterInfoCards] Skipping DrawText replay because the captured TextStyleSetting is missing.
[14:52:55.972] [1] [WARNING] [BetterInfoCards] Skipping DrawText replay because the captured TextStyleSetting is missing.
[14:52:55.987] [1] [WARNING] [BetterInfoCards] Skipping DrawText replay because the captured TextStyleSetting is missing.
[14:52:56.004] [1] [WARNING] [BetterInfoCards] Skipping DrawText replay because the captured TextStyleSetting is missing.
[14:52:56.020] [1] [WARNING] [BetterInfoCards] Skipping DrawText replay because the captured TextStyleSetting is missing.
[14:52:56.039] [1] [WARNING] [BetterInfoCards] Skipping DrawText replay because the captured TextStyleSetting is missing.
[14:52:56.056] [1] [WARNING] [BetterInfoCards] Skipping DrawText replay because the captured TextStyleSetting is missing.
[14:52:56.071] [1] [WARNING] [BetterInfoCards] Skipping DrawText replay because the captured TextStyleSetting is missing.
[14:52:56.087] [1] [WARNING] [BetterInfoCards] Skipping DrawText replay because the captured TextStyleSetting is missing.
[14:52:56.105] [1] [WARNING] [BetterInfoCards] Skipping DrawText replay because the captured TextStyleSetting is missing.
[14:52:56.122] [1] [WARNING] [BetterInfoCards] Skipping DrawText replay because the captured TextStyleSetting is missing.
[14:52:56.138] [1] [WARNING] [BetterInfoCards] Skipping DrawText replay because the captured TextStyleSetting is missing.
[14:52:56.156] [1] [WARNING] [BetterInfoCards] Skipping DrawText replay because the captured TextStyleSetting is missing.
[14:52:56.172] [1] [WARNING] [BetterInfoCards] Skipping DrawText replay because the captured TextStyleSetting is missing.
[14:52:56.188] [1] [WARNING] [BetterInfoCards] Skipping DrawText replay because the captured TextStyleSetting is missing.
[14:52:56.204] [1] [WARNING] [BetterInfoCards] Skipping DrawText replay because the captured TextStyleSetting is missing.
[14:52:56.220] [1] [WARNING] [BetterInfoCards] Skipping DrawText replay because the captured TextStyleSetting is missing.
[14:52:56.239] [1] [WARNING] [BetterInfoCards] Skipping DrawText replay because the captured TextStyleSetting is missing.
[14:52:56.255] [1] [WARNING] [BetterInfoCards] Skipping DrawText replay because the captured TextStyleSetting is missing.
[14:52:56.272] [1] [WARNING] [BetterInfoCards] Skipping DrawText replay because the captured TextStyleSetting is missing.
[14:52:56.289] [1] [WARNING] [BetterInfoCards] Skipping DrawText replay because the captured TextStyleSetting is missing.
[14:52:56.306] [1] [WARNING] [BetterInfoCards] Skipping DrawText replay because the captured TextStyleSetting is missing.
[14:52:56.321] [1] [WARNING] [BetterInfoCards] Skipping DrawText replay because the captured TextStyleSetting is missing.
[14:52:56.338] [1] [WARNING] [BetterInfoCards] Skipping DrawText replay because the captured TextStyleSetting is missing.
[14:52:56.355] [1] [WARNING] [BetterInfoCards] Skipping DrawText replay because the captured TextStyleSetting is missing.
[14:52:56.373] [1] [WARNING] [BetterInfoCards] Skipping DrawText replay because the captured TextStyleSetting is missing.
[14:52:56.392] [1] [WARNING] [BetterInfoCards] Skipping DrawText replay because the captured TextStyleSetting is missing.
[14:52:56.408] [1] [WARNING] [BetterInfoCards] Skipping DrawText replay because the captured TextStyleSetting is missing.
[14:52:56.424] [1] [WARNING] [BetterInfoCards] Skipping DrawText replay because the captured TextStyleSetting is missing.
[14:52:56.439] [1] [WARNING] [BetterInfoCards] Skipping DrawText replay because the captured TextStyleSetting is missing.
[14:53:04.268] [1] [ERROR] Builder Ruby Exception in: (Minion).ReactionMonitor.root.reacting. 
System.MissingMethodException: Method not found: void .KAnimControllerBase.Play(HashedString,KAnim/PlayMode,single,single)
  at Reactable.Begin (UnityEngine.GameObject reactor) [0x00018] in /home/build/workspace/game/Assets/scripts/ai/reactions/Reactable.cs:91 
  at ReactionMonitor.<InitializeStates>b__5_3 (ReactionMonitor+Instance smi) [0x00000] in /home/build/workspace/game/Assets/scripts/ai/reactions/ReactionMonitor.cs:31 
  at StateMachine`4+GenericInstance[StateMachineType,StateMachineInstanceType,MasterType,DefType].ExecuteActions (StateMachine`4+State[StateMachineType,StateMachineInstanceType,MasterType,DefType] state, System.Collections.Generic.List`1[T] actions) [0x00057] in /home/build/workspace/game/Assets/scripts/ai/statemachine/StateMachine.cs:957 
Exception in: (Minion).ReactionMonitor.root.reacting. 
System.MissingMethodException: Method not found: void .KAnimControllerBase.Play(HashedString,KAnim/PlayMode,single,single)
  at Reactable.Begin (UnityEngine.GameObject reactor) [0x00018] in /home/build/workspace/game/Assets/scripts/ai/reactions/Reactable.cs:91 
  at ReactionMonitor.<InitializeStates>b__5_3 (ReactionMonitor+Instance smi) [0x00000] in /home/build/workspace/game/Assets/scripts/ai/reactions/ReactionMonitor.cs:31 
  at StateMachine`4+GenericInstance[StateMachineType,StateMachineInstanceType,MasterType,DefType].ExecuteActions (StateMachine`4+State[StateMachineType,StateMachineInstanceType,MasterType,DefType] state, System.Collections.Generic.List`1[T] actions) [0x00057] in /home/build/workspace/game/Assets/scripts/ai/statemachine/StateMachine.cs:957 
UnityEngine.StackTraceUtility:ExtractStackTrace () (at C:/build/output/unity/unity/Runtime/Export/Scripting/StackTrace.cs:37)
UnityEngine.DebugLogHandler:LogFormat (UnityEngine.LogType,UnityEngine.Object,string,object[])
LogCatcher:UnityEngine.ILogHandler.LogFormat (UnityEngine.LogType,UnityEngine.Object,string,object[]) (at /home/build/workspace/game/Assets/scripts/game/Game.cs:51)
UnityEngine.Logger:Log (UnityEngine.LogType,object,UnityEngine.Object)
UnityEngine.Debug:LogError (object,UnityEngine.Object)
Debug:LogError (object,UnityEngine.Object) (at /home/build/workspace/game/Assets/Plugins/Debug.cs:163)
DebugUtil:LogErrorArgs (UnityEngine.Object,object[]) (at /home/build/workspace/game/Assets/Plugins/Klei/util/DebugUtil.cs:219)
DebugUtil:LogException (UnityEngine.Object,string,System.Exception) (at /home/build/workspace/game/Assets/Plugins/Klei/util/DebugUtil.cs:229)
StateMachine`4/GenericInstance<ReactionMonitor, ReactionMonitor/Instance, IStateMachineTarget, ReactionMonitor/Def>:ExecuteActions (StateMachine`4/State<ReactionMonitor, ReactionMonitor/Instance, IStateMachineTarget, ReactionMonitor/Def>,System.Collections.Generic.List`1<StateMachine/Action>) (at /home/build/workspace/game/Assets/scripts/ai/statemachine/StateMachine.cs:991)
StateMachine`4/GenericInstance<ReactionMonitor, ReactionMonitor/Instance, IStateMachineTarget, ReactionMonitor/Def>:PushState (StateMachine/BaseState) (at /home/build/workspace/game/Assets/scripts/ai/statemachine/StateMachine.cs:922)
StateMachine`4/GenericInstance<ReactionMonitor, ReactionMonitor/Instance, IStateMachineTarget, ReactionMonitor/Def>:GoTo (StateMachine/BaseState) (at /home/build/workspace/game/Assets/scripts/ai/statemachine/StateMachine.cs:1208)
ReactionMonitor/Instance:TryReact (Reactable,single,Navigator/ActiveTransition) (at /home/build/workspace/game/Assets/scripts/ai/reactions/ReactionMonitor.cs:114)
ReactionMonitor/Instance:PollForReactables (Navigator/ActiveTransition) (at /home/build/workspace/game/Assets/scripts/ai/reactions/ReactionMonitor.cs:152)
ReactableTransitionLayer:BeginTransition (Navigator,Navigator/ActiveTransition) (at /home/build/workspace/game/Assets/scripts/components/TransitionDriver.cs:528)
TransitionDriver:BeginTransition (Navigator,Navigator/ActiveTransition) (at /home/build/workspace/game/Assets/scripts/components/TransitionDriver.cs:634)
TransitionDriver:BeginTransition (Navigator,NavGrid/Transition,single) (at /home/build/workspace/game/Assets/scripts/components/TransitionDriver.cs:618)
Navigator:BeginTransition (NavGrid/Transition) (at /home/build/workspace/game/Assets/scripts/components/Navigator.cs:386)
Navigator:AdvancePath (bool) (at /home/build/workspace/game/Assets/scripts/components/Navigator.cs:480)
TransitionDriver:UpdateTransition (single) (at /home/build/workspace/game/Assets/scripts/components/TransitionDriver.cs:861)
Navigator:SimEveryTick (single) (at /home/build/workspace/game/Assets/scripts/components/Navigator.cs:551)
Navigator/States/<>c:<InitializeStates>b__5_1 (Navigator/StatesInstance,single) (at /home/build/workspace/game/Assets/scripts/components/Navigator.cs:103)
BucketUpdater`1<Navigator/StatesInstance>:Update (Navigator/StatesInstance,single) (at /home/build/workspace/game/Assets/Plugins/Klei/util/StateMachineUpdater.cs:96)
UpdateBucketWithUpdater`1<Navigator/StatesInstance>:Update (single) (at /home/build/workspace/game/Assets/Plugins/Klei/util/StateMachineUpdater.cs:79)
StateMachineUpdater/BucketGroup:AdvanceOneSubTick (single) (at /home/build/workspace/game/Assets/Plugins/Klei/util/StateMachineUpdater.cs:164)
StateMachineUpdater:AdvanceOneSimSubTick () (at /home/build/workspace/game/Assets/Plugins/Klei/util/StateMachineUpdater.cs:263)
Game:SimEveryTick (single) (at /home/build/workspace/game/Assets/scripts/game/Game.cs:1508)
Game:Update () (at /home/build/workspace/game/Assets/scripts/game/Game.cs:1481)

(Filename: /home/build/workspace/game/Assets/Plugins/Debug.cs Line: 163)

[14:53:04.741] [1] [INFO] Checking which steam branch we're on. Got: [public_testing]
Game.OnApplicationQuit()
[15:03:54.115] [1] [INFO] [PLib/FallingSand] Stopped tracking 0 diggables, 0 queued digs
Input System module state changed to: ShutdownInProgress.
Input System polling thread exited.
Input System module state changed to: Shutdown.
PlayerConnection::CleanupMemory Statistics:
[ALLOC_TEMP_TLS] TLS Allocator
  StackAllocators : 
    [ALLOC_TEMP_MAIN]
      Peak usage frame count: [4.0 KB-8.0 KB]: 914 frames, [8.0 KB-16.0 KB]: 2 frames, [16.0 KB-32.0 KB]: 35035 frames, [256.0 KB-0.5 MB]: 8381 frames, [0.5 MB-1.0 MB]: 1 frames, [1.0 MB-2.0 MB]: 1 frames, [2.0 MB-4.0 MB]: 1 frames, [4.0 MB-8.0 MB]: 3 frames
      Initial Block Size 4.0 MB
      Current Block Size 7.9 MB
      Peak Allocated Bytes 7.9 MB
      Overflow Count 51
    [ALLOC_TEMP_Background Job.Worker 9]
      Initial Block Size 32.0 KB
      Current Block Size 32.0 KB
      Peak Allocated Bytes 54 B
      Overflow Count 0
    [ALLOC_TEMP_Background Job.Worker 8]
      Initial Block Size 32.0 KB
      Current Block Size 32.0 KB
      Peak Allocated Bytes 54 B
      Overflow Count 0
    [ALLOC_TEMP_Background Job.Worker 10]
      Initial Block Size 32.0 KB
      Current Block Size 32.0 KB
      Peak Allocated Bytes 54 B
      Overflow Count 0
    [ALLOC_TEMP_Job.Worker 4]
      Initial Block Size 256.0 KB
      Current Block Size 256.0 KB
      Peak Allocated Bytes 25.4 KB
      Overflow Count 0
    [ALLOC_TEMP_Background Job.Worker 6]
      Initial Block Size 32.0 KB
      Current Block Size 32.0 KB
      Peak Allocated Bytes 54 B
      Overflow Count 0
    [ALLOC_TEMP_Background Job.Worker 1]
      Initial Block Size 32.0 KB
      Current Block Size 32.0 KB
      Peak Allocated Bytes 1.5 KB
      Overflow Count 0
    [ALLOC_TEMP_Background Job.Worker 11]
      Initial Block Size 32.0 KB
      Current Block Size 32.0 KB
      Peak Allocated Bytes 54 B
      Overflow Count 0
    [ALLOC_TEMP_Background Job.Worker 3]
      Initial Block Size 32.0 KB
      Current Block Size 32.0 KB
      Peak Allocated Bytes 54 B
      Overflow Count 0
    [ALLOC_TEMP_BatchDeleteObjects]
      Initial Block Size 64.0 KB
      Current Block Size 64.0 KB
      Peak Allocated Bytes 54 B
      Overflow Count 0
    [ALLOC_TEMP_Job.Worker 13]
      Initial Block Size 256.0 KB
      Current Block Size 256.0 KB
      Peak Allocated Bytes 5.8 KB
      Overflow Count 0
    [ALLOC_TEMP_Background Job.Worker 2]
      Initial Block Size 32.0 KB
      Current Block Size 32.0 KB
      Peak Allocated Bytes 54 B
      Overflow Count 0
    [ALLOC_TEMP_Background Job.Worker 7]
      Initial Block Size 32.0 KB
      Current Block Size 32.0 KB
      Peak Allocated Bytes 54 B
      Overflow Count 0
    [ALLOC_TEMP_Job.Worker 8]
      Initial Block Size 256.0 KB
      Current Block Size 256.0 KB
      Peak Allocated Bytes 19.0 KB
      Overflow Count 0
    [ALLOC_TEMP_Job.Worker 1]
      Initial Block Size 256.0 KB
      Current Block Size 256.0 KB
      Peak Allocated Bytes 29.7 KB
      Overflow Count 0
    [ALLOC_TEMP_Job.Worker 10]
      Initial Block Size 256.0 KB
      Current Block Size 256.0 KB
      Peak Allocated Bytes 5.8 KB
      Overflow Count 0
    [ALLOC_TEMP_Job.Worker 12]
      Initial Block Size 256.0 KB
      Current Block Size 256.0 KB
      Peak Allocated Bytes 8.6 KB
      Overflow Count 0
    [ALLOC_TEMP_Loading.PreloadManager]
      Initial Block Size 256.0 KB
      Current Block Size 444.0 KB
      Peak Allocated Bytes 405.7 KB
      Overflow Count 102
    [ALLOC_TEMP_Background Job.Worker 15]
      Initial Block Size 32.0 KB
      Current Block Size 32.0 KB
      Peak Allocated Bytes 54 B
      Overflow Count 0
    [ALLOC_TEMP_Profiler.Dispatcher]
      Initial Block Size 64.0 KB
      Current Block Size 64.0 KB
      Peak Allocated Bytes 456 B
      Overflow Count 0
    [ALLOC_TEMP_Job.Worker 14]
      Initial Block Size 256.0 KB
      Current Block Size 256.0 KB
      Peak Allocated Bytes 5.8 KB
      Overflow Count 0
    [ALLOC_TEMP_Job.Worker 3]
      Initial Block Size 256.0 KB
      Current Block Size 256.0 KB
      Peak Allocated Bytes 29.9 KB
      Overflow Count 0
    [ALLOC_TEMP_Background Job.Worker 12]
      Initial Block Size 32.0 KB
      Current Block Size 32.0 KB
      Peak Allocated Bytes 54 B
      Overflow Count 0
    [ALLOC_TEMP_AssetGarbageCollectorHelper] x 15
      Initial Block Size 64.0 KB
      Current Block Size 64.0 KB
      Peak Allocated Bytes 138 B
      Overflow Count 0
    [ALLOC_TEMP_Background Job.Worker 5]
      Initial Block Size 32.0 KB
      Current Block Size 32.0 KB
      Peak Allocated Bytes 54 B
      Overflow Count 0
    [ALLOC_TEMP_Background Job.Worker 13]
      Initial Block Size 32.0 KB
      Current Block Size 32.0 KB
      Peak Allocated Bytes 54 B
      Overflow Count 0
    [ALLOC_TEMP_Job.Worker 2]
      Initial Block Size 256.0 KB
      Current Block Size 256.0 KB
      Peak Allocated Bytes 68.4 KB
      Overflow Count 0
    [ALLOC_TEMP_Background Job.Worker 0]
      Initial Block Size 32.0 KB
      Current Block Size 32.0 KB
      Peak Allocated Bytes 54 B
      Overflow Count 0
    [ALLOC_TEMP_Job.Worker 11]
      Initial Block Size 256.0 KB
      Current Block Size 256.0 KB
      Peak Allocated Bytes 5.8 KB
      Overflow Count 0
    [ALLOC_TEMP_Background Job.Worker 4]
      Initial Block Size 32.0 KB
      Current Block Size 32.0 KB
      Peak Allocated Bytes 54 B
      Overflow Count 0
    [ALLOC_TEMP_Job.Worker 0]
      Initial Block Size 256.0 KB
      Current Block Size 256.0 KB
      Peak Allocated Bytes 5.8 KB
      Overflow Count 0
    [ALLOC_TEMP_Job.Worker 5]
      Initial Block Size 256.0 KB
      Current Block Size 256.0 KB
      Peak Allocated Bytes 23.8 KB
      Overflow Count 0
    [ALLOC_TEMP_Background Job.Worker 14]
      Initial Block Size 32.0 KB
      Current Block Size 32.0 KB
      Peak Allocated Bytes 54 B
      Overflow Count 0
    [ALLOC_TEMP_ReadCacheIndex]
      Initial Block Size 64.0 KB
      Current Block Size 64.0 KB
      Peak Allocated Bytes 0.5 KB
      Overflow Count 0
    [ALLOC_TEMP_EnlightenWorker] x 4
      Initial Block Size 64.0 KB
      Current Block Size 64.0 KB
      Peak Allocated Bytes 54 B
      Overflow Count 0
    [ALLOC_TEMP_UnityGfxDeviceWorker]
      Initial Block Size 256.0 KB
      Current Block Size 256.0 KB
      Peak Allocated Bytes 35.1 KB
      Overflow Count 1
    [ALLOC_TEMP_Job.Worker 9]
      Initial Block Size 256.0 KB
      Current Block Size 256.0 KB
      Peak Allocated Bytes 25.4 KB
      Overflow Count 0
    [ALLOC_TEMP_Job.Worker 6]
      Initial Block Size 256.0 KB
      Current Block Size 256.0 KB
      Peak Allocated Bytes 19.0 KB
      Overflow Count 0
    [ALLOC_TEMP_Job.Worker 7]
      Initial Block Size 256.0 KB
      Current Block Size 256.0 KB
      Peak Allocated Bytes 25.4 KB
      Overflow Count 0
    [ALLOC_TEMP_Loading.AsyncRead]
      Initial Block Size 64.0 KB
      Current Block Size 128.0 KB
      Peak Allocated Bytes 127.7 KB
      Overflow Count 0
[ALLOC_MEMORYPROFILER]
  Peak usage frame count: [1.0 MB-2.0 MB]: 1 frames, [4.0 MB-8.0 MB]: 924 frames, [8.0 MB-16.0 MB]: 21920 frames, [16.0 MB-32.0 MB]: 21493 frames
  Requested Block Size 1.0 MB
  Peak Block count 17
  Peak Allocated memory 16.7 MB
  Peak Large allocation bytes 1.1 MB
[ALLOC_DEFAULT] Dual Thread Allocator
  Peak main deferred allocation count 72537
    [ALLOC_BUCKET]
      Large Block size 4.0 MB
      Used Block count 1
      Peak Allocated bytes 2.1 MB
      Failed Allocations. Bucket layout:
        16B: 18 Subsections = 6144 buckets. Failed count: 5878727
        32B: 41 Subsections = 10496 buckets. Failed count: 510728
        48B: 93 Subsections = 19046 buckets. Failed count: 2701708
        64B: 29 Subsections = 4949 buckets. Failed count: 37533
        80B: 46 Subsections = 6729 buckets. Failed count: 15805
        96B: 17 Subsections = 2176 buckets. Failed count: 61967
        112B: 11 Subsections = 1251 buckets. Failed count: 15237
        128B: 1 Subsections = 102 buckets. Failed count: 37861
    [ALLOC_DEFAULT_MAIN]
      Peak usage frame count: [16.0 MB-32.0 MB]: 1 frames, [64.0 MB-128.0 MB]: 922 frames, [128.0 MB-256.0 MB]: 43415 frames
      Requested Block Size 16.0 MB
      Peak Block count 14
      Peak Allocated memory 217.9 MB
      Peak Large allocation bytes 20.0 MB
    [ALLOC_DEFAULT_THREAD]
      Peak usage frame count: [16.0 MB-32.0 MB]: 922 frames, [32.0 MB-64.0 MB]: 43412 frames, [64.0 MB-128.0 MB]: 1 frames, [256.0 MB-0.50 GB]: 3 frames
      Requested Block Size 16.0 MB
      Peak Block count 21
      Peak Allocated memory 331.6 MB
      Peak Large allocation bytes 42.7 MB
[ALLOC_TEMP_JOB_1_FRAME]
  Initial Block Size 2.0 MB
  Used Block Count 0
  Overflow Count (too large) 0
  Overflow Count (full) 0
[ALLOC_TEMP_JOB_2_FRAMES]
  Initial Block Size 2.0 MB
  Used Block Count 0
  Overflow Count (too large) 0
  Overflow Count (full) 0
[ALLOC_TEMP_JOB_4_FRAMES (JobTemp)]
  Initial Block Size 2.0 MB
  Used Block Count 1
  Overflow Count (too large) 0
  Overflow Count (full) 0
[ALLOC_TEMP_JOB_ASYNC (Background)]
  Initial Block Size 1.0 MB
  Used Block Count 1
  Overflow Count (too large) 1
  Overflow Count (full) 0
[ALLOC_GFX] Dual Thread Allocator
  Peak main deferred allocation count 60
    [ALLOC_BUCKET]
      Large Block size 4.0 MB
      Used Block count 1
      Peak Allocated bytes 2.1 MB
      Failed Allocations. Bucket layout:
        16B: 18 Subsections = 6144 buckets. Failed count: 5878727
        32B: 41 Subsections = 10496 buckets. Failed count: 510728
        48B: 93 Subsections = 19046 buckets. Failed count: 2701708
        64B: 29 Subsections = 4949 buckets. Failed count: 37533
        80B: 46 Subsections = 6729 buckets. Failed count: 15805
        96B: 17 Subsections = 2176 buckets. Failed count: 61967
        112B: 11 Subsections = 1251 buckets. Failed count: 15237
        128B: 1 Subsections = 102 buckets. Failed count: 37861
    [ALLOC_GFX_MAIN]
      Peak usage frame count: [256.0 KB-0.5 MB]: 1 frames, [8.0 MB-16.0 MB]: 2 frames, [16.0 MB-32.0 MB]: 99 frames, [32.0 MB-64.0 MB]: 290 frames, [64.0 MB-128.0 MB]: 532 frames, [128.0 MB-256.0 MB]: 7942 frames, [256.0 MB-0.50 GB]: 35472 frames
      Requested Block Size 16.0 MB
      Peak Block count 43
      Peak Allocated memory 394.1 MB
      Peak Large allocation bytes 360.0 MB
    [ALLOC_GFX_THREAD]
      Peak usage frame count: [64.0 MB-128.0 MB]: 44338 frames
      Requested Block Size 16.0 MB
      Peak Block count 2
      Peak Allocated memory 67.7 MB
      Peak Large allocation bytes 48.0 MB
[ALLOC_CACHEOBJECTS] Dual Thread Allocator
  Peak main deferred allocation count 1765
    [ALLOC_BUCKET]
      Large Block size 4.0 MB
      Used Block count 1
      Peak Allocated bytes 2.1 MB
      Failed Allocations. Bucket layout:
        16B: 18 Subsections = 6144 buckets. Failed count: 5878727
        32B: 41 Subsections = 10496 buckets. Failed count: 510728
        48B: 93 Subsections = 19046 buckets. Failed count: 2701708
        64B: 29 Subsections = 4949 buckets. Failed count: 37533
        80B: 46 Subsections = 6729 buckets. Failed count: 15805
        96B: 17 Subsections = 2176 buckets. Failed count: 61967
        112B: 11 Subsections = 1251 buckets. Failed count: 15237
        128B: 1 Subsections = 102 buckets. Failed count: 37861
    [ALLOC_CACHEOBJECTS_MAIN]
      Peak usage frame count: [4.0 MB-8.0 MB]: 1 frames, [128.0 MB-256.0 MB]: 44337 frames
      Requested Block Size 4.0 MB
      Peak Block count 49
      Peak Allocated memory 193.2 MB
      Peak Large allocation bytes 0 B
    [ALLOC_CACHEOBJECTS_THREAD]
      Peak usage frame count: [16.0 MB-32.0 MB]: 925 frames, [64.0 MB-128.0 MB]: 43413 frames
      Requested Block Size 4.0 MB
      Peak Block count 8
      Peak Allocated memory 72.2 MB
      Peak Large allocation bytes 46.7 MB
[ALLOC_TYPETREE] Dual Thread Allocator
  Peak main deferred allocation count 2
    [ALLOC_BUCKET]
      Large Block size 4.0 MB
      Used Block count 1
      Peak Allocated bytes 2.1 MB
      Failed Allocations. Bucket layout:
        16B: 18 Subsections = 6144 buckets. Failed count: 5878727
        32B: 41 Subsections = 10496 buckets. Failed count: 510728
        48B: 93 Subsections = 19046 buckets. Failed count: 2701708
        64B: 29 Subsections = 4949 buckets. Failed count: 37533
        80B: 46 Subsections = 6729 buckets. Failed count: 15805
        96B: 17 Subsections = 2176 buckets. Failed count: 61967
        112B: 11 Subsections = 1251 buckets. Failed count: 15237
        128B: 1 Subsections = 102 buckets. Failed count: 37861
    [ALLOC_TYPETREE_MAIN]
      Peak usage frame count: [4.0 KB-8.0 KB]: 1 frames, [0.5 MB-1.0 MB]: 44337 frames
      Requested Block Size 2.0 MB
      Peak Block count 1
      Peak Allocated memory 0.9 MB
      Peak Large allocation bytes 0 B
    [ALLOC_TYPETREE_THREAD]
      Peak usage frame count: [32.0 KB-64.0 KB]: 925 frames, [64.0 KB-128.0 KB]: 43413 frames
      Requested Block Size 2.0 MB
      Peak Block count 1
      Peak Allocated memory 77.5 KB
      Peak Large allocation bytes 0 B
[ALLOC_PROFILER]
  Peak usage frame count: [256.0 KB-0.5 MB]: 924 frames, [0.5 MB-1.0 MB]: 43413 frames, [32.0 MB-64.0 MB]: 1 frames
  Requested Block Size 16.0 MB
  Peak Block count 3
  Peak Allocated memory 33.3 MB
  Peak Large allocation bytes 0 B
    [ALLOC_PROFILER_BUCKET]
      Large Block size 4.0 MB
      Used Block count 1
      Peak Allocated bytes 66.0 KB
##utp:{"type":"MemoryLeaks","version":2,"phase":"Immediate","time":1762182235390,"processId":35016,"allocatedMemory":686704,"memoryLabels":[{"Default":-128},{"NewDelete":1400},{"Thread":2160},{"Manager":533678},{"GfxDevice":72},{"GfxThread":10560},{"Serialization":508},{"JobScheduler":84424},{"String":382},{"DynamicArray":16},{"HashMap":51456},{"PoolAlloc":168},{"VR":1784},{"Subsystems":96},{"CoreBusinessMetrics":128}]}
