Mono path[0] = 'F:/SteamLibrary/steamapps/common/OxygenNotIncluded/OxygenNotIncluded_Data/Managed'
Mono config path = 'F:/SteamLibrary/steamapps/common/OxygenNotIncluded/MonoBleedingEdge/etc'
Found 3 interfaces on host : 0) 192.168.0.14 1) 172.26.192.1 2) 172.31.80.1
Player connection [16376]  Target information:

Player connection [16376]  * "[IP] 192.168.0.14 [Port] 55000 [Flags] 2 [Guid] 2416785759 [EditorId] 917078058 [Version] 1048832 [Id] WindowsPlayer(2,DESKTOP-SPCCJVG) [Debug] 0 [PackageName] WindowsPlayer [ProjectName] Oxygen Not Included" 

Player connection [16376]  * "[IP] 172.26.192.1 [Port] 55000 [Flags] 2 [Guid] 2416785759 [EditorId] 917078058 [Version] 1048832 [Id] WindowsPlayer(2,DESKTOP-SPCCJVG) [Debug] 0 [PackageName] WindowsPlayer [ProjectName] Oxygen Not Included" 

Player connection [16376]  * "[IP] 172.31.80.1 [Port] 55000 [Flags] 2 [Guid] 2416785759 [EditorId] 917078058 [Version] 1048832 [Id] WindowsPlayer(2,DESKTOP-SPCCJVG) [Debug] 0 [PackageName] WindowsPlayer [ProjectName] Oxygen Not Included" 

Player connection [16376] Started UDP target info broadcast (1) on [225.0.0.222:54997].

Input System module state changed to: Initialized.
[PhysX] Initialized MultithreadedTaskDispatcher with 16 workers.
Initialize engine version: 2022.3.62f2 (7670c08855a9)
[Subsystems] Discovering subsystems at path F:/SteamLibrary/steamapps/common/OxygenNotIncluded/OxygenNotIncluded_Data/UnitySubsystems
GfxDevice: creating device client; threaded=1; jobified=1
Direct3D:
    Version:  Direct3D 11.0 [level 11.1]
    Renderer: NVIDIA GeForce RTX 3060 (ID=0x2504)
    Vendor:   NVIDIA
    VRAM:     12115 MB
    Driver:   32.0.15.8115
Begin MonoManager ReloadAssembly
- Loaded All Assemblies, in  0.172 seconds
- Finished resetting the current domain, in  0.001 seconds
<RI> Initializing input.
<RI> Input initialized.
<RI> Initialized touch support.
[PhysX] Initialized MultithreadedTaskDispatcher with 16 workers.
UnloadTime: 0.525800 ms
[15:18:53.320] [1] [INFO] Applying resolution 1920x1080 @1hz (fullscreen: MaximizedWindow)
[15:18:53.329] [1] [INFO] Low Res Textures? No
[15:18:53.349] [1] [INFO] Date: 11/03/2025 15:18:53
[15:18:53.349] [1] [INFO] Build: ??-697712-? (preview)
[15:18:53.351] [1] [INFO] Creating SteamManager.
[15:18:53.453] [1] [INFO] DistributionPlatform initialized.
[15:18:53.453] [1] [INFO] -----------------------------------------------------------
[15:18:53.457] [1] [INFO] Build: U57-697712-SCRP (preview)
[15:18:53.459] [1] [INFO] -----------------------------------------------------------
[15:18:53.459] [1] [INFO] DLC Information
[15:18:53.462] [1] [INFO] - DLC4_ID loaded: True
[15:18:53.462] [1] [INFO] - DLC3_ID loaded: True
[15:18:53.462] [1] [INFO] - DLC2_ID loaded: True
[15:18:53.462] [1] [INFO] - EXPANSION1_ID loaded: True
[15:18:53.462] [1] [INFO] -----------------------------------------------------------
The referenced script on this Behaviour (Game Object '<null>') is missing!
UnityEngine.StackTraceUtility:ExtractStackTrace () (at C:/build/output/unity/unity/Runtime/Export/Scripting/StackTrace.cs:37)
UnityEngine.ResourcesAPI:LoadAll (string,System.Type) (at C:/build/output/unity/unity/Runtime/Export/Resources/Resources.bindings.cs:103)
UnityEngine.Resources:LoadAll (string,System.Type) (at C:/build/output/unity/unity/Runtime/Export/Resources/Resources.bindings.cs:174)
UnityEngine.Resources:LoadAll<FMODUnity.Platform> (string) (at C:/build/output/unity/unity/Runtime/Export/Resources/Resources.bindings.cs:186)
FMODUnity.Settings:PopulatePlatformsFromAsset () (at /home/build/workspace/game/Assets/Plugins/FMOD/src/Settings.cs:661)
FMODUnity.Settings:OnEnable () (at /home/build/workspace/game/Assets/Plugins/FMOD/src/Settings.cs:604)
UnityEngine.ResourcesAPI:Load (string,System.Type) (at C:/build/output/unity/unity/Runtime/Export/Resources/Resources.bindings.cs:102)
UnityEngine.Resources:Load (string,System.Type) (at C:/build/output/unity/unity/Runtime/Export/Resources/Resources.bindings.cs:153)
UnityEngine.Resources:Load (string) (at C:/build/output/unity/unity/Runtime/Export/Resources/Resources.bindings.cs:143)
FMODUnity.Settings:Initialize () (at /home/build/workspace/game/Assets/Plugins/FMOD/src/Settings.cs:282)
FMODUnity.Settings:get_Instance () (at /home/build/workspace/game/Assets/Plugins/FMOD/src/Settings.cs:270)
KFMOD:Initialize () (at /home/build/workspace/game/Assets/Plugins/Klei/audio/KFMOD.cs:76)
LaunchInitializer:Update () (at /home/build/workspace/game/Assets/scripts/game/LaunchInitializer.cs:81)

[/home/build/workspace/game/Assets/Plugins/FMOD/src/Settings.cs line 282]

[15:18:56.113] [1] [INFO] Loading Expansion1 assets from bundle
[15:18:58.756] [1] [INFO] Loading DLC DLC2_ID assets from bundle
[15:18:59.404] [1] [INFO] Loading DLC DLC3_ID assets from bundle
[15:19:00.026] [1] [INFO] Loading DLC DLC4_ID assets from bundle
SYSTEM INFO:
    Platform=WindowsPlayer
    OSname=Windows 11  (10.0.26200) 64bit
    OSversion=10.0.26200.0
    CPUmodel=System Product Name (ASUS)
    CPUdeviceType=Desktop
    CPUarch=AMD64
    ProcBits=64
    CPUcount=16
    CPUtype=AMD Ryzen 7 5800X 8-Core Processor 
    SystemMemoryMegs=32681
    GPUgraphicsDeviceID=9476
    GPUname=NVIDIA GeForce RTX 3060
    GPUgraphicsDeviceType=Direct3D11
    GPUgraphicsDeviceVendor=NVIDIA
    GPUgraphicsDeviceVendorID=4318
    GPUgraphicsDeviceVersion=Direct3D 11.0 [level 11.1]
    GPUmemoryMegs=12115
    GPUgraphicsMultiThreaded=False
    GPUgraphicsShaderLevel=50
    GPUmaxTextureSize=16384
    GPUnpotSupport=Full
    GPUsupportedRenderTargetCount=8
    GPUsupports2DArrayTextures=True
    GPUsupports3DTextures=True
    GPUsupportsComputeShaders=True
    GPUsupportsImageEffects=True
    GPUsupportsInstancing=True
    GPUsupportsRenderToCubemap=True
    GPUsupportsShadows=True
    GPUsupportsSparseTextures=True
    GPUcopyTextureSupport=Basic, Copy3D, DifferentTypes, TextureToRT, RTToTexture
    System Language=English
[15:19:00.703] [1] [INFO] Initializing at 2025-11-03 15:19:00.703
[15:19:00.704] [1] [INFO] Save path: C:\Users\actep\OneDrive\Documents\Klei\OxygenNotIncluded
[15:19:01.369] [1] [INFO] Latent reinstall of mod Blueprints Expanded
[15:19:01.373] [1] [INFO] 	Mod Manager // by @Ony 👾 has a mod.yaml with a staticID `ModManager`, using that from now on.
[15:19:01.387] [1] [INFO] Mod Manager // by @Ony 👾: Successfully loaded from path 'root' with content 'DLL'.
[15:19:01.387] [1] [INFO] Better Info Cards (BetterInfoCards): Setting up mod.
[15:19:01.387] [1] [INFO] 	Better Info Cards has a mod.yaml with a staticID `Aze.BetterInfoCards`, using that from now on.
[15:19:01.389] [1] [INFO] 	Better Info Cards: Found valid mod_info.yaml in folder 'root': requiredDlcIds='', forbiddenDlcIds='' at 469369
[15:19:01.390] [1] [INFO] 	Better Info Cards: No archived_versions for this mod, using root version directly.
[15:19:01.390] [1] [INFO] Better Info Cards: Successfully loaded from path 'root' with content 'DLL'.
[15:19:01.391] [1] [INFO] 	Preset Manager has a mod.yaml with a staticID `DupePrioPresetManager`, using that from now on.
[15:19:01.394] [1] [INFO] Preset Manager: Successfully loaded from path 'root' with content 'DLL'.
[15:19:01.395] [1] [INFO] Blueprints Expanded: Is missing a mod_info.yaml file and will not be loaded, which is required. See the stickied post in the Mods and Tools section on the Klei forums.
[15:19:01.395] [1] [WARNING] Blueprints Expanded: No archive supports this game version, skipping content.
[15:19:01.395] [1] [INFO] 	Show Building Ranges has a mod.yaml with a staticID `PeterHan.ShowRange`, using that from now on.
[15:19:01.399] [1] [INFO] Show Building Ranges: Successfully loaded from path 'root' with content 'DLL'.
[15:19:01.399] [1] [INFO] 	Popup Control has a mod.yaml with a staticID `PeterHan.ToastControl`, using that from now on.
[15:19:01.399] [1] [INFO] Popup Control: Successfully loaded from path 'root' with content 'DLL'.
[15:19:01.400] [1] [INFO] 	Pip Plant Overlay has a mod.yaml with a staticID `PeterHan.PipPlantOverlay`, using that from now on.
[15:19:01.401] [1] [INFO] Pip Plant Overlay: Successfully loaded from path 'root' with content 'DLL'.
[15:19:01.402] [1] [INFO] 	Instant Switch has a mod.yaml with a staticID `InstantSwitchToggle`, using that from now on.
[15:19:01.403] [1] [INFO] Instant Switch: Successfully loaded from path 'root' with content 'DLL'.
[15:19:01.403] [1] [INFO] 	[Vanilla + DLC] Rooms Expanded has a mod.yaml with a staticID `pether-pg.RoomsExpanded`, using that from now on.
[15:19:01.410] [1] [INFO] [Vanilla + DLC] Rooms Expanded: Successfully loaded from path 'root' with content 'DLL'.
[15:19:01.411] [1] [INFO] 	Cluster Generation Manager [CGM] has a mod.yaml with a staticID `ClusterTraitGenerationManager`, using that from now on.
[15:19:01.412] [1] [INFO] Cluster Generation Manager [CGM]: Successfully loaded from path 'root' with content 'DLL'.
[15:19:01.413] [1] [INFO] 	AI Improvements has a mod.yaml with a staticID `PeterHan.AIImprovements`, using that from now on.
[15:19:01.414] [1] [INFO] AI Improvements: Successfully loaded from path 'root' with content 'DLL'.
[15:19:01.414] [1] [INFO] 	No Long Commutes has a mod.yaml with a staticID `Cairath.NoLongCommutes`, using that from now on.
[15:19:01.416] [1] [INFO] No Long Commutes: Successfully loaded from path 'root' with content 'DLL'.
[15:19:01.417] [1] [INFO] 	True Tiles has a mod.yaml with a staticID `TrueTiles`, using that from now on.
[15:19:01.417] [1] [INFO] True Tiles: Successfully loaded from path 'root' with content 'DLL'.
[15:19:01.419] [1] [INFO] 	Suppress Notifications has a mod.yaml with a staticID `Aze.SuppressNotifications`, using that from now on.
[15:19:01.419] [1] [INFO] Suppress Notifications: Successfully loaded from path 'root' with content 'DLL'.
[15:19:01.420] [1] [INFO] 	Better Automation Overlay has a mod.yaml with a staticID `Aze.BetterLogicOverlay`, using that from now on.
[15:19:01.420] [1] [INFO] Better Automation Overlay: Successfully loaded from path 'root' with content 'DLL'.
[15:19:01.421] [1] [INFO] 	Research Queue has a mod.yaml with a staticID `PeterHan.ResearchQueue`, using that from now on.
[15:19:01.422] [1] [INFO] Research Queue: Successfully loaded from path 'root' with content 'DLL'.
[15:19:01.423] [1] [INFO] 	Mod Updater has a mod.yaml with a staticID `PeterHan.ModUpdateDate`, using that from now on.
[15:19:01.423] [1] [INFO] Mod Updater: Successfully loaded from path 'root' with content 'DLL'.
[15:19:01.424] [1] [INFO] 	Geyser Calculated Average Output Tooltip has a mod.yaml with a staticID `Cairath.GeyserCalculatedAvgOutputTooltip`, using that from now on.
[15:19:01.426] [1] [INFO] Geyser Calculated Average Output Tooltip: Successfully loaded from path 'root' with content 'DLL'.
[15:19:01.426] [1] [INFO] 	Falling Sand has a mod.yaml with a staticID `PeterHan.FallingSand`, using that from now on.
[15:19:01.427] [1] [INFO] Falling Sand: Successfully loaded from path 'root' with content 'DLL'.
[15:19:01.429] [1] [INFO] 	DGSM  - Duplicants Generation Settings Manager // by @Ony 👾 has a mod.yaml with a staticID `DGSM2`, using that from now on.
[15:19:01.429] [1] [INFO] DGSM  - Duplicants Generation Settings Manager // by @Ony 👾: Successfully loaded from path 'root' with content 'DLL'.
[15:19:01.430] [1] [INFO] 	Queue For Sinks has a mod.yaml with a staticID `PeterHan.QueueForSink`, using that from now on.
[15:19:01.431] [1] [INFO] Queue For Sinks: Successfully loaded from path 'root' with content 'DLL'.
[15:19:01.431] [1] [INFO] 	Critical Notification Pauser has a mod.yaml with a staticID `NotificationPauser`, using that from now on.
[15:19:01.432] [1] [INFO] Critical Notification Pauser: Successfully loaded from path 'root' with content 'DLL'.
[15:19:01.434] [1] [INFO] ChainedDeconstruction: Successfully loaded from path 'root' with content 'DLL'.
[15:19:01.435] [1] [INFO] Build Over Plants: Successfully loaded from path 'root' with content 'DLL'.
[15:19:01.435] [1] [INFO] 	Bigger Building Menu has a mod.yaml with a staticID `Cairath.BiggerBuildingMenu`, using that from now on.
[15:19:01.437] [1] [INFO] Bigger Building Menu: Successfully loaded from path 'root' with content 'DLL'.
[15:19:01.437] [1] [INFO] 	Better Deselect has a mod.yaml with a staticID `Aze.BetterDeselect`, using that from now on.
[15:19:01.439] [1] [INFO] Better Deselect: Successfully loaded from path 'root' with content 'DLL'.
[15:19:01.439] [1] [INFO] 	Bigger Camera Zoom Out has a mod.yaml with a staticID `Cairath.BiggerCameraZoomOut`, using that from now on.
[15:19:01.441] [1] [INFO] Bigger Camera Zoom Out: Successfully loaded from path 'root' with content 'DLL'.
[15:19:01.442] [1] [INFO] 	Mods Presets Organizer (MPOrganizer) // by @Ony 👾 has a mod.yaml with a staticID `ModsPresetsOrganizer`, using that from now on.
[15:19:01.442] [1] [INFO] Mods Presets Organizer (MPOrganizer) // by @Ony 👾: Successfully loaded from path 'root' with content 'DLL'.
[15:19:01.443] [1] [INFO] 	Build Menu Search Hotkey has a mod.yaml with a staticID `Aze.BuildMenuSearchHotkey`, using that from now on.
[15:19:01.444] [1] [INFO] Build Menu Search Hotkey: Successfully loaded from path 'root' with content 'DLL'.
[15:19:01.445] [1] [INFO] 	Speed Control 202107 has a mod.yaml with a staticID `hustlion_dev_speed_control`, using that from now on.
[15:19:01.445] [1] [INFO] Speed Control 202107: Successfully loaded from path 'root' with content 'DLL'.
[15:19:01.446] [1] [WARNING] Recoverable parse error in C:/Users/actep/OneDrive/Documents/Klei/OxygenNotIncluded/mods/Steam/1722760223\mod.yaml
Found a property '﻿title' on a type 'KMod.KModHeader', but that type doesn't have that property!
[15:19:01.446] [1] [INFO] 	Reset Build Priority has a mod.yaml with a staticID `Hein.ResetBuildPriority`, using that from now on.
[15:19:01.447] [1] [INFO] Reset Build Priority: Successfully loaded from path 'root' with content 'DLL'.
[15:19:01.448] [1] [INFO] 	Drag Area More Visible has a mod.yaml with a staticID `DragAreaMoreVisible`, using that from now on.
[15:19:01.449] [1] [INFO] Drag Area More Visible: Successfully loaded from path 'root' with content 'DLL'.
[15:19:01.449] [1] [INFO] 	Wounded Go To Med Bed has a mod.yaml with a staticID `Cairath.WoundedGoToMedBed`, using that from now on.
[15:19:01.450] [1] [INFO] Wounded Go To Med Bed: Successfully loaded from path 'root' with content 'DLL'.
[15:19:01.451] [1] [INFO] 	Pipe Flow Overlay has a mod.yaml with a staticID `sjPipeFlowOverlay`, using that from now on.
[15:19:01.452] [1] [INFO] Pipe Flow Overlay: Successfully loaded from path 'root' with content 'DLL'.
[15:19:01.452] [1] [INFO] 	Map Overlay has a mod.yaml with a staticID `MapOverlay`, using that from now on.
[15:19:01.453] [1] [INFO] Map Overlay: Successfully loaded from path 'root' with content 'DLL'.
[15:19:01.454] [1] [INFO] 	Demolish Neutronium has a mod.yaml with a staticID `lv.modo.DemolishNeutronium`, using that from now on.
[15:19:01.455] [1] [INFO] Demolish Neutronium: Successfully loaded from path 'root' with content 'DLL'.
[15:19:01.455] [1] [INFO] 	No Drop // by @Ony  has a mod.yaml with a staticID `NoDrop`, using that from now on.
[15:19:01.456] [1] [INFO] No Drop // by @Ony : Successfully loaded from path 'root' with content 'DLL'.
[15:19:01.457] [1] [INFO] 	Skills Master // by @Ony  has a mod.yaml with a staticID `SkillsMaster`, using that from now on.
[15:19:01.457] [1] [INFO] Skills Master // by @Ony : Successfully loaded from path 'root' with content 'DLL'.
[15:19:01.459] [1] [INFO] 	Debug Console // by @Ony  has a mod.yaml with a staticID `DebugConsole`, using that from now on.
[15:19:01.459] [1] [INFO] Debug Console // by @Ony : Successfully loaded from path 'root' with content 'DLL'.
[15:19:01.460] [1] [INFO] 	Mass Move Tool has a mod.yaml with a staticID `MassMoveTo`, using that from now on.
[15:19:01.461] [1] [INFO] Mass Move Tool: Successfully loaded from path 'root' with content 'DLL'.
[15:19:01.461] [1] [INFO] Container Tooltips (ContainerTooltips): Setting up mod.
[15:19:01.461] [1] [INFO] 	Container Tooltips has a mod.yaml with a staticID `Aze.ContainerTooltips`, using that from now on.
[15:19:01.462] [1] [INFO] 	Container Tooltips: Found valid mod_info.yaml in folder 'root': requiredDlcIds='', forbiddenDlcIds='' at 469369
[15:19:01.462] [1] [INFO] 	Container Tooltips: No archived_versions for this mod, using root version directly.
[15:19:01.462] [1] [INFO] Container Tooltips: Successfully loaded from path 'root' with content 'DLL'.
[15:19:01.463] [1] [INFO] Using builtin mod system.
[15:19:01.464] [1] [INFO] Loading mod content DLL [Mod Manager // by @Ony 👾:1843965353] (provides DLL)
[15:19:01.466] [1] [INFO] Loading MOD dll: NickBuhro.Translit.dll
[15:19:01.467] [1] [INFO] Loading MOD dll: Release.Mod.ModManager.dll
Fallback handler could not load library F:/SteamLibrary/steamapps/common/OxygenNotIncluded/OxygenNotIncluded_Data/MonoBleedingEdge/data-000002806AB4E020.dll
Fallback handler could not load library F:/SteamLibrary/steamapps/common/OxygenNotIncluded/OxygenNotIncluded_Data/MonoBleedingEdge/data-000002806AE58130.dll
[48;5;21m  [Mod Manager][1]: Version: 2.3.5.1032 initialized [48;5;0m
[15:19:01.793] [1] [INFO] Loading mod content DLL [Better Info Cards:BetterInfoCards] (provides DLL)
[15:19:01.793] [1] [INFO] Loading MOD dll: BetterInfoCards.dll
[15:19:01.800] [1] [INFO]     - version: 2025.11.3.2
[15:19:01.816] [1] [INFO] [PLib/BetterInfoCards] Registered mod options class BetterInfoCards.Options for Aze.BetterInfoCards
Fallback handler could not load library F:/SteamLibrary/steamapps/common/OxygenNotIncluded/OxygenNotIncluded_Data/MonoBleedingEdge/data-000002806AC4D030.dll
[15:19:02.111] [1] [INFO] Loading mod content DLL [Preset Manager:2977728791] (provides DLL)
[15:19:02.111] [1] [INFO] Loading MOD dll: DupePrioPresetManager.dll
[15:19:02.143] [1] [INFO] [DupePrioPresetManager]: Initializing file paths..
[15:19:02.144] [1] [INFO] [DupePrioPresetManager]: Initializing folders..
[15:19:02.145] [1] [INFO] [DupePrioPresetManager]: Folders succesfully initialized
[15:19:02.197] [1] [INFO] [DupePrioPresetManager]: patching MainMenu.OnPrefabInit
[15:19:02.207] [1] [INFO] [PLib/DupePrioPresetManager] Registered mod ID DupePrioPresetManager for automatic version checking
[15:19:02.207] [1] [INFO] [DupePrioPresetManager]: DupePrioPresetManager - Mod Version: 1.2.0.0 
[15:19:02.211] [6] [INFO] [SgtImalas_VersionCheck]: Mod Version Data was null, trying to fetch it
[15:19:02.240] [1] [INFO] Loading mod content DLL [Show Building Ranges:1960996649] (provides DLL)
[15:19:02.241] [1] [INFO] Loading MOD dll: ShowRange.dll
[15:19:02.265] [1] [INFO] [PLib] Mod ShowRange initialized, version 3.6.0.0
[15:19:02.268] [1] [INFO] [PLib/ShowRange] Registered mod ID PeterHan.ShowRange for automatic version checking
[15:19:02.269] [1] [INFO] Loading mod content DLL [Pip Plant Overlay:2493100777] (provides DLL)
[15:19:02.269] [1] [INFO] Loading MOD dll: PipPlantOverlay.dll
[15:19:02.292] [6] [INFO] [SgtImalas_VersionCheck]: mod version data fetched from github
[15:19:02.300] [1] [INFO] [PLib] Mod PipPlantOverlay initialized, version 2.6.0.0
[15:19:02.303] [1] [INFO] [PLibPatches] Registered 1 handler(s) for PipPlantOverlay
[15:19:02.321] [1] [INFO] [PLib/PipPlantOverlay] Registered mod ID PeterHan.PipPlantOverlay for automatic version checking
[15:19:02.323] [1] [INFO] Loading mod content DLL [[Vanilla + DLC] Rooms Expanded:2348079481] (provides DLL)
[15:19:02.323] [1] [INFO] Loading MOD dll: RoomsExpandedMerged.dll
[15:19:02.477] [1] [INFO] RoomsExpanded: Loaded from: C:/Users/actep/OneDrive/Documents/Klei/OxygenNotIncluded/mods/Steam/2348079481
[15:19:02.477] [1] [INFO] RoomsExpanded: Mod version: 2025.06.22.1325 supporting game build 675600 (ALL)
[15:19:02.480] [1] [INFO] [PLib] Mod RoomsExpandedMerged initialized, version 2025.6.22.1325
[15:19:02.482] [1] [INFO] [PLib/RoomsExpandedMerged] Registered mod options class RoomsExpanded.Settings for pether-pg.RoomsExpanded
[15:19:02.496] [1] [INFO] RoomsExpanded: POptions registered!
[15:19:02.500] [1] [INFO] Loading mod content DLL [Cluster Generation Manager [CGM]:2947429297] (provides DLL)
[15:19:02.500] [1] [INFO] Loading MOD dll: ClusterTraitGenerationManager.dll
[15:19:02.516] [9] [INFO] [SgtImalas_VersionCheck]: parsing version data
[15:19:02.519] [9] [INFO] [SgtImalas_VersionCheck]: version data recieved
[15:19:02.522] [1] [INFO] [PLib/ClusterTraitGenerationManager] Registered mod options class ClusterTraitGenerationManager.Config for ClusterTraitGenerationManager
The referenced script (UnityEngine.UI.Extensions.MinMaxSlider) on this Behaviour is missing!
UnityEngine.StackTraceUtility:ExtractStackTrace () (at C:/build/output/unity/unity/Runtime/Export/Scripting/StackTrace.cs:37)
UnityEngine.AssetBundle:LoadAsset (string,System.Type) (at C:/build/output/unity/unity/Modules/AssetBundle/Managed/AssetBundle.bindings.cs:243)
UnityEngine.AssetBundle:LoadAsset<UnityEngine.GameObject> (string) (at C:/build/output/unity/unity/Modules/AssetBundle/Managed/AssetBundle.bindings.cs:224)
ClusterTraitGenerationManager.ModAssets:LoadAssets ()
ClusterTraitGenerationManager.Mod:OnLoad (HarmonyLib.Harmony)
KMod.DLLLoader:LoadDLLs (KMod.Mod,string,string,bool) (at /home/build/workspace/game/Assets/scripts/Mods/ModDLLLoader.cs:170)
KMod.Mod:Load (KMod.Content) (at /home/build/workspace/game/Assets/scripts/Mods/Mods.cs:967)
KMod.Manager:Load (KMod.Content) (at /home/build/workspace/game/Assets/scripts/Mods/Mods.cs:1654)
Global:Awake () (at /home/build/workspace/game/Assets/scripts/game/Global.cs:430)
UnityEngine.Object:Internal_InstantiateSingleWithParent (UnityEngine.Object,UnityEngine.Transform,UnityEngine.Vector3,UnityEngine.Quaternion)
UnityEngine.Object:Instantiate (UnityEngine.Object,UnityEngine.Vector3,UnityEngine.Quaternion,UnityEngine.Transform) (at C:/build/output/unity/unity/Runtime/Export/Scripting/UnityEngineObject.bindings.cs:353)
UnityEngine.Object:Instantiate<UnityEngine.GameObject> (UnityEngine.GameObject,UnityEngine.Vector3,UnityEngine.Quaternion,UnityEngine.Transform) (at C:/build/output/unity/unity/Runtime/Export/Scripting/UnityEngineObject.bindings.cs:450)
Util:KInstantiate (UnityEngine.GameObject,UnityEngine.Vector3,UnityEngine.Quaternion,UnityEngine.GameObject,string,bool,int) (at /home/build/workspace/game/Assets/Plugins/Klei/util/Util.cs:324)
Util:KInstantiate (UnityEngine.GameObject,UnityEngine.GameObject,string) (at /home/build/workspace/game/Assets/Plugins/Klei/util/Util.cs:296)
LaunchInitializer:Update () (at /home/build/workspace/game/Assets/scripts/game/LaunchInitializer.cs:90)

[/home/build/workspace/game/Assets/scripts/game/LaunchInitializer.cs line 90]

The referenced script on this Behaviour (Game Object '') is missing!
UnityEngine.StackTraceUtility:ExtractStackTrace () (at C:/build/output/unity/unity/Runtime/Export/Scripting/StackTrace.cs:37)
UnityEngine.AssetBundle:LoadAsset (string,System.Type) (at C:/build/output/unity/unity/Modules/AssetBundle/Managed/AssetBundle.bindings.cs:243)
UnityEngine.AssetBundle:LoadAsset<UnityEngine.GameObject> (string) (at C:/build/output/unity/unity/Modules/AssetBundle/Managed/AssetBundle.bindings.cs:224)
ClusterTraitGenerationManager.ModAssets:LoadAssets ()
ClusterTraitGenerationManager.Mod:OnLoad (HarmonyLib.Harmony)
KMod.DLLLoader:LoadDLLs (KMod.Mod,string,string,bool) (at /home/build/workspace/game/Assets/scripts/Mods/ModDLLLoader.cs:170)
KMod.Mod:Load (KMod.Content) (at /home/build/workspace/game/Assets/scripts/Mods/Mods.cs:967)
KMod.Manager:Load (KMod.Content) (at /home/build/workspace/game/Assets/scripts/Mods/Mods.cs:1654)
Global:Awake () (at /home/build/workspace/game/Assets/scripts/game/Global.cs:430)
UnityEngine.Object:Internal_InstantiateSingleWithParent (UnityEngine.Object,UnityEngine.Transform,UnityEngine.Vector3,UnityEngine.Quaternion)
UnityEngine.Object:Instantiate (UnityEngine.Object,UnityEngine.Vector3,UnityEngine.Quaternion,UnityEngine.Transform) (at C:/build/output/unity/unity/Runtime/Export/Scripting/UnityEngineObject.bindings.cs:353)
UnityEngine.Object:Instantiate<UnityEngine.GameObject> (UnityEngine.GameObject,UnityEngine.Vector3,UnityEngine.Quaternion,UnityEngine.Transform) (at C:/build/output/unity/unity/Runtime/Export/Scripting/UnityEngineObject.bindings.cs:450)
Util:KInstantiate (UnityEngine.GameObject,UnityEngine.Vector3,UnityEngine.Quaternion,UnityEngine.GameObject,string,bool,int) (at /home/build/workspace/game/Assets/Plugins/Klei/util/Util.cs:324)
Util:KInstantiate (UnityEngine.GameObject,UnityEngine.GameObject,string) (at /home/build/workspace/game/Assets/Plugins/Klei/util/Util.cs:296)
LaunchInitializer:Update () (at /home/build/workspace/game/Assets/scripts/game/LaunchInitializer.cs:90)

[/home/build/workspace/game/Assets/scripts/game/LaunchInitializer.cs line 90]

The referenced script (HexGrid) on this Behaviour is missing!
UnityEngine.StackTraceUtility:ExtractStackTrace () (at C:/build/output/unity/unity/Runtime/Export/Scripting/StackTrace.cs:37)
UnityEngine.AssetBundle:LoadAsset (string,System.Type) (at C:/build/output/unity/unity/Modules/AssetBundle/Managed/AssetBundle.bindings.cs:243)
UnityEngine.AssetBundle:LoadAsset<UnityEngine.GameObject> (string) (at C:/build/output/unity/unity/Modules/AssetBundle/Managed/AssetBundle.bindings.cs:224)
ClusterTraitGenerationManager.ModAssets:LoadAssets ()
ClusterTraitGenerationManager.Mod:OnLoad (HarmonyLib.Harmony)
KMod.DLLLoader:LoadDLLs (KMod.Mod,string,string,bool) (at /home/build/workspace/game/Assets/scripts/Mods/ModDLLLoader.cs:170)
KMod.Mod:Load (KMod.Content) (at /home/build/workspace/game/Assets/scripts/Mods/Mods.cs:967)
KMod.Manager:Load (KMod.Content) (at /home/build/workspace/game/Assets/scripts/Mods/Mods.cs:1654)
Global:Awake () (at /home/build/workspace/game/Assets/scripts/game/Global.cs:430)
UnityEngine.Object:Internal_InstantiateSingleWithParent (UnityEngine.Object,UnityEngine.Transform,UnityEngine.Vector3,UnityEngine.Quaternion)
UnityEngine.Object:Instantiate (UnityEngine.Object,UnityEngine.Vector3,UnityEngine.Quaternion,UnityEngine.Transform) (at C:/build/output/unity/unity/Runtime/Export/Scripting/UnityEngineObject.bindings.cs:353)
UnityEngine.Object:Instantiate<UnityEngine.GameObject> (UnityEngine.GameObject,UnityEngine.Vector3,UnityEngine.Quaternion,UnityEngine.Transform) (at C:/build/output/unity/unity/Runtime/Export/Scripting/UnityEngineObject.bindings.cs:450)
Util:KInstantiate (UnityEngine.GameObject,UnityEngine.Vector3,UnityEngine.Quaternion,UnityEngine.GameObject,string,bool,int) (at /home/build/workspace/game/Assets/Plugins/Klei/util/Util.cs:324)
Util:KInstantiate (UnityEngine.GameObject,UnityEngine.GameObject,string) (at /home/build/workspace/game/Assets/Plugins/Klei/util/Util.cs:296)
LaunchInitializer:Update () (at /home/build/workspace/game/Assets/scripts/game/LaunchInitializer.cs:90)

[/home/build/workspace/game/Assets/scripts/game/LaunchInitializer.cs line 90]

The referenced script on this Behaviour (Game Object '') is missing!
UnityEngine.StackTraceUtility:ExtractStackTrace () (at C:/build/output/unity/unity/Runtime/Export/Scripting/StackTrace.cs:37)
UnityEngine.AssetBundle:LoadAsset (string,System.Type) (at C:/build/output/unity/unity/Modules/AssetBundle/Managed/AssetBundle.bindings.cs:243)
UnityEngine.AssetBundle:LoadAsset<UnityEngine.GameObject> (string) (at C:/build/output/unity/unity/Modules/AssetBundle/Managed/AssetBundle.bindings.cs:224)
ClusterTraitGenerationManager.ModAssets:LoadAssets ()
ClusterTraitGenerationManager.Mod:OnLoad (HarmonyLib.Harmony)
KMod.DLLLoader:LoadDLLs (KMod.Mod,string,string,bool) (at /home/build/workspace/game/Assets/scripts/Mods/ModDLLLoader.cs:170)
KMod.Mod:Load (KMod.Content) (at /home/build/workspace/game/Assets/scripts/Mods/Mods.cs:967)
KMod.Manager:Load (KMod.Content) (at /home/build/workspace/game/Assets/scripts/Mods/Mods.cs:1654)
Global:Awake () (at /home/build/workspace/game/Assets/scripts/game/Global.cs:430)
UnityEngine.Object:Internal_InstantiateSingleWithParent (UnityEngine.Object,UnityEngine.Transform,UnityEngine.Vector3,UnityEngine.Quaternion)
UnityEngine.Object:Instantiate (UnityEngine.Object,UnityEngine.Vector3,UnityEngine.Quaternion,UnityEngine.Transform) (at C:/build/output/unity/unity/Runtime/Export/Scripting/UnityEngineObject.bindings.cs:353)
UnityEngine.Object:Instantiate<UnityEngine.GameObject> (UnityEngine.GameObject,UnityEngine.Vector3,UnityEngine.Quaternion,UnityEngine.Transform) (at C:/build/output/unity/unity/Runtime/Export/Scripting/UnityEngineObject.bindings.cs:450)
Util:KInstantiate (UnityEngine.GameObject,UnityEngine.Vector3,UnityEngine.Quaternion,UnityEngine.GameObject,string,bool,int) (at /home/build/workspace/game/Assets/Plugins/Klei/util/Util.cs:324)
Util:KInstantiate (UnityEngine.GameObject,UnityEngine.GameObject,string) (at /home/build/workspace/game/Assets/Plugins/Klei/util/Util.cs:296)
LaunchInitializer:Update () (at /home/build/workspace/game/Assets/scripts/game/LaunchInitializer.cs:90)

[/home/build/workspace/game/Assets/scripts/game/LaunchInitializer.cs line 90]

The referenced script (HexGrid) on this Behaviour is missing!
UnityEngine.StackTraceUtility:ExtractStackTrace () (at C:/build/output/unity/unity/Runtime/Export/Scripting/StackTrace.cs:37)
UnityEngine.AssetBundle:LoadAsset (string,System.Type) (at C:/build/output/unity/unity/Modules/AssetBundle/Managed/AssetBundle.bindings.cs:243)
UnityEngine.AssetBundle:LoadAsset<UnityEngine.GameObject> (string) (at C:/build/output/unity/unity/Modules/AssetBundle/Managed/AssetBundle.bindings.cs:224)
ClusterTraitGenerationManager.ModAssets:LoadAssets ()
ClusterTraitGenerationManager.Mod:OnLoad (HarmonyLib.Harmony)
KMod.DLLLoader:LoadDLLs (KMod.Mod,string,string,bool) (at /home/build/workspace/game/Assets/scripts/Mods/ModDLLLoader.cs:170)
KMod.Mod:Load (KMod.Content) (at /home/build/workspace/game/Assets/scripts/Mods/Mods.cs:967)
KMod.Manager:Load (KMod.Content) (at /home/build/workspace/game/Assets/scripts/Mods/Mods.cs:1654)
Global:Awake () (at /home/build/workspace/game/Assets/scripts/game/Global.cs:430)
UnityEngine.Object:Internal_InstantiateSingleWithParent (UnityEngine.Object,UnityEngine.Transform,UnityEngine.Vector3,UnityEngine.Quaternion)
UnityEngine.Object:Instantiate (UnityEngine.Object,UnityEngine.Vector3,UnityEngine.Quaternion,UnityEngine.Transform) (at C:/build/output/unity/unity/Runtime/Export/Scripting/UnityEngineObject.bindings.cs:353)
UnityEngine.Object:Instantiate<UnityEngine.GameObject> (UnityEngine.GameObject,UnityEngine.Vector3,UnityEngine.Quaternion,UnityEngine.Transform) (at C:/build/output/unity/unity/Runtime/Export/Scripting/UnityEngineObject.bindings.cs:450)
Util:KInstantiate (UnityEngine.GameObject,UnityEngine.Vector3,UnityEngine.Quaternion,UnityEngine.GameObject,string,bool,int) (at /home/build/workspace/game/Assets/Plugins/Klei/util/Util.cs:324)
Util:KInstantiate (UnityEngine.GameObject,UnityEngine.GameObject,string) (at /home/build/workspace/game/Assets/Plugins/Klei/util/Util.cs:296)
LaunchInitializer:Update () (at /home/build/workspace/game/Assets/scripts/game/LaunchInitializer.cs:90)

[/home/build/workspace/game/Assets/scripts/game/LaunchInitializer.cs line 90]

The referenced script on this Behaviour (Game Object '') is missing!
UnityEngine.StackTraceUtility:ExtractStackTrace () (at C:/build/output/unity/unity/Runtime/Export/Scripting/StackTrace.cs:37)
UnityEngine.AssetBundle:LoadAsset (string,System.Type) (at C:/build/output/unity/unity/Modules/AssetBundle/Managed/AssetBundle.bindings.cs:243)
UnityEngine.AssetBundle:LoadAsset<UnityEngine.GameObject> (string) (at C:/build/output/unity/unity/Modules/AssetBundle/Managed/AssetBundle.bindings.cs:224)
ClusterTraitGenerationManager.ModAssets:LoadAssets ()
ClusterTraitGenerationManager.Mod:OnLoad (HarmonyLib.Harmony)
KMod.DLLLoader:LoadDLLs (KMod.Mod,string,string,bool) (at /home/build/workspace/game/Assets/scripts/Mods/ModDLLLoader.cs:170)
KMod.Mod:Load (KMod.Content) (at /home/build/workspace/game/Assets/scripts/Mods/Mods.cs:967)
KMod.Manager:Load (KMod.Content) (at /home/build/workspace/game/Assets/scripts/Mods/Mods.cs:1654)
Global:Awake () (at /home/build/workspace/game/Assets/scripts/game/Global.cs:430)
UnityEngine.Object:Internal_InstantiateSingleWithParent (UnityEngine.Object,UnityEngine.Transform,UnityEngine.Vector3,UnityEngine.Quaternion)
UnityEngine.Object:Instantiate (UnityEngine.Object,UnityEngine.Vector3,UnityEngine.Quaternion,UnityEngine.Transform) (at C:/build/output/unity/unity/Runtime/Export/Scripting/UnityEngineObject.bindings.cs:353)
UnityEngine.Object:Instantiate<UnityEngine.GameObject> (UnityEngine.GameObject,UnityEngine.Vector3,UnityEngine.Quaternion,UnityEngine.Transform) (at C:/build/output/unity/unity/Runtime/Export/Scripting/UnityEngineObject.bindings.cs:450)
Util:KInstantiate (UnityEngine.GameObject,UnityEngine.Vector3,UnityEngine.Quaternion,UnityEngine.GameObject,string,bool,int) (at /home/build/workspace/game/Assets/Plugins/Klei/util/Util.cs:324)
Util:KInstantiate (UnityEngine.GameObject,UnityEngine.GameObject,string) (at /home/build/workspace/game/Assets/Plugins/Klei/util/Util.cs:296)
LaunchInitializer:Update () (at /home/build/workspace/game/Assets/scripts/game/LaunchInitializer.cs:90)

[/home/build/workspace/game/Assets/scripts/game/LaunchInitializer.cs line 90]

[15:19:02.967] [1] [INFO] [ClusterTraitGenerationManager]: Initializing file paths..
[15:19:02.969] [1] [INFO] [ClusterTraitGenerationManager]: Initializing folders..
[15:19:02.969] [1] [INFO] [ClusterTraitGenerationManager]: Folders succesfully initialized
[15:19:02.995] [1] [INFO] [ClusterTraitGenerationManager]: patching MainMenu.OnPrefabInit
[15:19:03.000] [1] [INFO] [PLib/ClusterTraitGenerationManager] Registered mod ID ClusterTraitGenerationManager for automatic version checking
[15:19:03.001] [1] [INFO] [ClusterTraitGenerationManager]: ClusterTraitGenerationManager - Mod Version: 5.7.0.0 
[15:19:03.005] [1] [INFO] Loading mod content DLL [No Long Commutes:1725950119] (provides DLL)
[15:19:03.006] [1] [INFO] Loading MOD dll: NoLongCommutes.dll
[15:19:03.007] <<-- CaiLib -->> Loaded [ No Long Commutes ] with version 2022.10.7.0
[15:19:03.013] [1] [INFO] Loading mod content DLL [True Tiles:2815406414] (provides DLL)
[15:19:03.013] [1] [INFO] Loading MOD dll: TrueTiles.dll
[15:19:03.019] [1] [INFO] [TrueTiles]:  (debug) external path set to, C:\Users\actep\OneDrive\Documents\Klei\OxygenNotIncluded\mods\settings\akismods\truetiles\settings.json
[15:19:03.020] [1] [INFO] [TrueTiles]:  (debug) Reading configurations from , C:\Users\actep\OneDrive\Documents\Klei\OxygenNotIncluded\mods\settings\akismods\truetiles\settings.json
[15:19:03.023] [1] [INFO] [TrueTiles]:  (debug) saved config to C:/Users/actep/OneDrive/Documents/Klei/OxygenNotIncluded/mods/Steam/2815406414\settings.json
[15:19:03.023] [1] [INFO] [TrueTiles]: Loaded True Tiles, v1.3.1.0
[15:19:03.023] [1] [INFO] [TrueTiles]:  (debug) True Tiles loaded in DEBUG MODE.
[15:19:03.099] [1] [INFO] Loading mod content DLL [Suppress Notifications:1832319118] (provides DLL)
[15:19:03.100] [1] [INFO] Loading MOD dll: SuppressNotifications.dll
[15:19:03.104] [1] [INFO]     - version: 2024.11.25.0
[15:19:03.147] [1] [INFO] Loading mod content DLL [Better Automation Overlay:1878896484] (provides DLL)
[15:19:03.147] [1] [INFO] Loading MOD dll: BetterLogicOverlay.dll
[15:19:03.151] [1] [INFO]     - version: 2025.3.13.2
[15:19:03.157] [1] [INFO] [PLib/BetterLogicOverlay] Registered mod options class BetterLogicOverlay.Options for Aze.BetterLogicOverlay
[15:19:03.222] [1] [INFO] Loading mod content DLL [Research Queue:1893887916] (provides DLL)
[15:19:03.223] [1] [INFO] Loading MOD dll: ResearchQueue.dll
[15:19:03.263] [1] [INFO] [PLib] Mod ResearchQueue initialized, version 3.5.0.0
[15:19:03.265] [1] [INFO] [PLib/ResearchQueue] Registered mod ID PeterHan.ResearchQueue for automatic version checking
[15:19:03.270] [1] [INFO] Loading mod content DLL [Mod Updater:2018291283] (provides DLL)
[15:19:03.270] [1] [INFO] Loading MOD dll: ModUpdateDate.dll
[15:19:03.276] [1] [INFO] [PLib] Mod ModUpdateDate initialized, version 2.16.0.0
[15:19:03.279] [1] [INFO] [PLibPatches] Registered 1 handler(s) for ModUpdateDate
[15:19:03.279] [1] [INFO] [PLib/ModUpdateDate] Registered mod options class PeterHan.ModUpdateDate.ModUpdateInfo for PeterHan.ModUpdateDate
[15:19:03.349] [1] [INFO] Loading mod content DLL [Geyser Calculated Average Output Tooltip:1706181611] (provides DLL)
[15:19:03.350] [1] [INFO] Loading MOD dll: GeyserCalculatedAvgOutputTooltip.dll
[15:19:03.351] <<-- CaiLib -->> Loaded [ Geyser Calculated Average Output Tooltip ] with version 2022.10.7.0
[15:19:03.370] [1] [INFO] Loading mod content DLL [Falling Sand:1855163252] (provides DLL)
[15:19:03.371] [1] [INFO] Loading MOD dll: FallingSand.dll
[15:19:03.387] [1] [INFO] [PLib] Mod FallingSand initialized, version 3.2.0.0
[15:19:03.391] [1] [INFO] [PLibPatches] Registered 1 handler(s) for FallingSand
[15:19:03.393] [1] [INFO] [PLib/FallingSand] Registered mod ID PeterHan.FallingSand for automatic version checking
[15:19:03.397] [1] [INFO] Loading mod content DLL [DGSM  - Duplicants Generation Settings Manager // by @Ony 👾:1838445101] (provides DLL)
[15:19:03.399] [1] [INFO] Loading MOD dll: DGSM_Scripts.dll
[15:19:03.399] [1] [INFO] Loading MOD dll: Ony.OxygenNotIncluded.Scripts.dll
[15:19:03.400] [1] [INFO] Loading MOD dll: Release.Mod.DGSM2.dll
[48;5;21m  [DGSM2][1]: Version: 3.8.10.712 initialized [48;5;0m
[15:19:03.534] [1] [INFO] Loading mod content DLL [Queue For Sinks:1881925531] (provides DLL)
[15:19:03.534] [1] [INFO] Loading MOD dll: QueueForSink.dll
[15:19:03.542] [1] [INFO] [PLib] Mod QueueForSink initialized, version 3.14.0.0
[15:19:03.545] [1] [INFO] [PLib/QueueForSink] Registered mod ID PeterHan.QueueForSink for automatic version checking
[15:19:03.550] [1] [INFO] Loading mod content DLL [ChainedDeconstruction:1737893485] (provides DLL)
[15:19:03.550] [1] [INFO] Loading MOD dll: ChainedDeconstruction.dll
[15:19:03.551] [1] [INFO] Loading MOD dll: Common.dll
[15:19:03.556] [1] [INFO] ChainedDeconstruction: Initialized successfully. Version: 3.0.3.0, Path: C:\Users\actep\OneDrive\Documents\Klei\OxygenNotIncluded\mods\Steam\1737893485, Config root: C:\Users\actep\OneDrive\Documents\Klei\OxygenNotIncluded\mods\Steam\1737893485
[15:19:03.562] [1] [INFO] Common: Set FileWatcher on C:\Users\actep\OneDrive\Documents\Klei\OxygenNotIncluded\mods\Steam\1737893485\Chainables.json
[15:19:03.564] [1] [INFO] ChainedDeconstruction: Set chainables:
all
[15:19:03.569] [1] [INFO] Loading mod content DLL [Bigger Building Menu:1703611962] (provides DLL)
[15:19:03.569] [1] [INFO] Loading MOD dll: BiggerBuildingMenu.dll
[15:19:03.570] <<-- CaiLib -->> Loaded [ Bigger Building Menu ] with version 2022.11.16.1
[15:19:03.571] [1] [INFO] C:/Users/actep/OneDrive/Documents/Klei/OxygenNotIncluded/mods/Steam/1703611962\Config.json
[15:19:03.571] <<-- Bigger Building Menu -->> Failed to read config file Config.json with exception: Could not find file "C:\Users\actep\OneDrive\Documents\Klei\OxygenNotIncluded\mods\Steam\1703611962\Config.json"
[15:19:03.582] [1] [INFO] Loading mod content DLL [Better Deselect:1870696175] (provides DLL)
[15:19:03.582] [1] [INFO] Loading MOD dll: BetterDeselect.dll
[15:19:03.586] [1] [INFO]     - version: 2024.2.15.1
[15:19:03.593] [1] [INFO] [PLib/BetterDeselect] Registered mod options class BetterDeselect.Options for Aze.BetterDeselect
[15:19:03.626] [1] [INFO] Loading mod content DLL [Bigger Camera Zoom Out:1717463209] (provides DLL)
[15:19:03.627] [1] [INFO] Loading MOD dll: BiggerCameraZoomOut.dll
[15:19:03.629] <<-- CaiLib -->> Loaded [ Bigger Camera Zoom Out ] with version 2022.10.7.0
[15:19:03.680] [1] [INFO] Loading mod content DLL [Mods Presets Organizer (MPOrganizer) // by @Ony 👾:3284635963] (provides DLL)
[15:19:03.680] [1] [INFO] Loading MOD dll: Release.Mod.ModsPresetsOrganizer.dll
[48;5;21m  [ModsPresetsOrganizer][1]: Version: 1.3.6.670 initialized [48;5;0m
[15:19:03.742] [1] [INFO] Loading mod content DLL [Build Menu Search Hotkey:3164212090] (provides DLL)
[15:19:03.743] [1] [INFO] Loading MOD dll: BuildMenuSearchHotkey.dll
[15:19:03.747] [1] [INFO]     - version: 2024.8.19.1
[15:19:03.755] [1] [INFO] [PLib/BuildMenuSearchHotkey] Registered mod options class BuildMenuSearchHotkey.Options for Aze.BuildMenuSearchHotkey
[15:19:03.774] [1] [INFO] Loading mod content DLL [Speed Control 202107:2552175137] (provides DLL)
[15:19:03.775] [1] [INFO] Loading MOD dll: SpeedControl.dll
[15:19:03.812] [1] [INFO] Loading mod content DLL [Drag Area More Visible:2844843044] (provides DLL)
[15:19:03.813] [1] [INFO] Loading MOD dll: DragAreaMoreVisible.dll
[15:19:03.825] [1] [INFO] Loading mod content DLL [Wounded Go To Med Bed:1822160024] (provides DLL)
[15:19:03.825] [1] [INFO] Loading MOD dll: WoundedGoToMedBed.dll
[15:19:03.827] <<-- CaiLib -->> Loaded [ Wounded Go To Med Bed ] with version 2022.10.10.0
[15:19:03.943] [1] [INFO] Loading mod content DLL [Pipe Flow Overlay:2968583663] (provides DLL)
[15:19:03.944] [1] [INFO] Loading MOD dll: PipeFlowOverlay.dll
[15:19:03.964] [1] [INFO] [PLib] Mod PipeFlowOverlay initialized, version 2021.6.29.0
[15:19:03.967] [1] [INFO] [PLib/PipeFlowOverlay] Registered mod options class PipeFlowOverlay.PipeFlowOverlaySettings for sjPipeFlowOverlay
[15:19:03.969] [1] [INFO] Generated C:/Users/actep/OneDrive/Documents/Klei/OxygenNotIncluded/mods/Steam/2968583663/translations/pipeflowoverlay_template.pot
[15:19:03.975] [1] [INFO] Loading mod content DLL [Map Overlay:3555374847] (provides DLL)
[15:19:03.975] [1] [INFO] Loading MOD dll: MapOverlayMod.dll
[15:19:03.979] [1] [INFO] [PLib] Mod MapOverlayMod initialized, version 2025.1.04.0
[15:19:03.981] [1] [INFO] [PLib/MapOverlayMod] Registered mod options class MapOverlay.MapOverlaySettings for MapOverlay
[15:19:04.003] [1] [INFO] Loading mod content DLL [Demolish Neutronium:2721654252] (provides DLL)
[15:19:04.004] [1] [INFO] Loading MOD dll: DemolishNeutronium.dll
[15:19:04.039] [1] [INFO] [Demolish Neutronium] Loading settings...
[15:19:04.041] [1] [INFO] [Demolish Neutronium] Settings loaded: {"DigTimeMultiplier":5.0,"DustEnabled":true,"DustAmount":0.01,"DustMultiplier":2.0,"DebugLogging":false}
[15:19:04.057] [1] [INFO] [PLib] Mod DemolishNeutronium initialized, version Unknown
[15:19:04.059] [1] [INFO] [PLib/DemolishNeutronium] Registered mod options class DemolishNeutronium.Models.Settings for lv.modo.DemolishNeutronium
[15:19:04.065] [1] [INFO] Loading mod content DLL [No Drop // by @Ony :1868454866] (provides DLL)
[15:19:04.065] [1] [INFO] Loading MOD dll: Release.Mod.NoDrop.dll
[15:19:04.107] [1] [INFO] PATCHED BeginDrawing: callvirt HoverTextDrawer BeginDrawing() BeginDrawing
[48;5;21m  [NoDrop][1]: Version: 1.3.2.45 initialized [48;5;0m
[15:19:04.208] [1] [INFO] Loading mod content DLL [Skills Master // by @Ony :2965547030] (provides DLL)
[15:19:04.209] [1] [INFO] Loading MOD dll: Release.Mod.SkillsMaster.dll
True
[48;5;21m  [SkillsMaster][1]: Version: 1.1.3.50 initialized [48;5;0m
[15:19:04.289] [1] [INFO] Loading mod content DLL [Mass Move Tool:3301490799] (provides DLL)
[15:19:04.290] [1] [INFO] Loading MOD dll: MassMoveTo.dll
[15:19:04.363] [1] [INFO] [MassMoveTo]: patching MainMenu.OnPrefabInit
[15:19:04.370] [1] [INFO] [PLib/MassMoveTo] Registered mod ID MassMoveTo for automatic version checking
[15:19:04.370] [1] [INFO] [MassMoveTo]: MassMoveTo - Mod Version: 1.4.0 
[15:19:04.379] [1] [INFO] Loading mod content DLL [Container Tooltips:ContainerTooltips] (provides DLL)
[15:19:04.380] [1] [INFO] Loading MOD dll: ContainerTooltips.dll
[15:19:04.383] [1] [ERROR] Found more than one class inheriting `UserMod2` in ContainerTooltips, Version=2025.11.3.3, Culture=neutral, PublicKeyToken=null, only one per assembly is allowed. Aborting load.
Found more than one class inheriting `UserMod2` in ContainerTooltips, Version=2025.11.3.3, Culture=neutral, PublicKeyToken=null, only one per assembly is allowed. Aborting load.
UnityEngine.StackTraceUtility:ExtractStackTrace () (at C:/build/output/unity/unity/Runtime/Export/Scripting/StackTrace.cs:37)
UnityEngine.DebugLogHandler:LogFormat (UnityEngine.LogType,UnityEngine.Object,string,object[])
UnityEngine.Logger:Log (UnityEngine.LogType,object)
UnityEngine.Debug:LogError (object)
Debug:LogError (object) (at /home/build/workspace/game/Assets/Plugins/Debug.cs:153)
KMod.DLLLoader:LoadDLLs (KMod.Mod,string,string,bool) (at /home/build/workspace/game/Assets/scripts/Mods/ModDLLLoader.cs:140)
KMod.Mod:Load (KMod.Content) (at /home/build/workspace/game/Assets/scripts/Mods/Mods.cs:967)
KMod.Manager:Load (KMod.Content) (at /home/build/workspace/game/Assets/scripts/Mods/Mods.cs:1654)
Global:Awake () (at /home/build/workspace/game/Assets/scripts/game/Global.cs:430)
UnityEngine.Object:Internal_InstantiateSingleWithParent (UnityEngine.Object,UnityEngine.Transform,UnityEngine.Vector3,UnityEngine.Quaternion)
UnityEngine.Object:Instantiate (UnityEngine.Object,UnityEngine.Vector3,UnityEngine.Quaternion,UnityEngine.Transform) (at C:/build/output/unity/unity/Runtime/Export/Scripting/UnityEngineObject.bindings.cs:353)
UnityEngine.Object:Instantiate<UnityEngine.GameObject> (UnityEngine.GameObject,UnityEngine.Vector3,UnityEngine.Quaternion,UnityEngine.Transform) (at C:/build/output/unity/unity/Runtime/Export/Scripting/UnityEngineObject.bindings.cs:450)
Util:KInstantiate (UnityEngine.GameObject,UnityEngine.Vector3,UnityEngine.Quaternion,UnityEngine.GameObject,string,bool,int) (at /home/build/workspace/game/Assets/Plugins/Klei/util/Util.cs:324)
Util:KInstantiate (UnityEngine.GameObject,UnityEngine.GameObject,string) (at /home/build/workspace/game/Assets/Plugins/Klei/util/Util.cs:296)
LaunchInitializer:Update () (at /home/build/workspace/game/Assets/scripts/game/LaunchInitializer.cs:90)

(Filename: /home/build/workspace/game/Assets/Plugins/Debug.cs Line: 153)

[15:19:04.539] [1] [INFO] [ClusterTraitGenerationManager]: Initializing Moonlet.ModAPI integration
[15:19:04.541] [1] [INFO] [ClusterTraitGenerationManager]: Moonlet.ModAPI not found, Moonlet Integration going to sleep. zzzzz
[15:19:04.556] [1] [INFO] Failed to load mod Container Tooltips...disabling
[15:19:04.581] [1] [INFO] [PKeyBinding] Registering 1 key bind(s) for mod BuildMenuSearchHotkey
[15:19:04.582] [1] [INFO] [PKeyBinding] Registering 1 key bind(s) for mod PipPlantOverlay
[15:19:04.583] [1] [INFO] [PKeyBinding] Registering 1 key bind(s) for mod MassMoveTo
[15:19:04.599] [1] [INFO] Localization.Initialize!
[15:19:04.607] [1] [INFO] Generated C:/Users/actep/OneDrive/Documents/Klei/OxygenNotIncluded/mods/strings_templates/dupepriopresetmanager_template.pot
[15:19:04.609] [1] [INFO] Generated C:\Users\actep\OneDrive\Documents\Klei\OxygenNotIncluded\mods\Steam\2977728791\translation_template.pot
[15:19:04.614] [1] [INFO] RoomsExpanded: Loading translation file: C:\Users\actep\OneDrive\Documents\Klei\OxygenNotIncluded\mods\Steam\2348079481\Translations\en.po
[15:19:04.614] [1] [INFO] RoomsExpanded: Translation file not found, using default strings.
[15:19:04.617] [1] [INFO] Generated C:/Users/actep/OneDrive/Documents/Klei/OxygenNotIncluded/mods/Steam/2348079481/Translations/roomsexpanded_template.pot
[15:19:04.617] [1] [INFO] RoomsExpanded: using translation done by pether.pg
[15:19:04.629] [1] [INFO] Generated C:/Users/actep/OneDrive/Documents/Klei/OxygenNotIncluded/mods/strings_templates/clustertraitgenerationmanager_template.pot
[15:19:04.633] [1] [INFO] Generated C:\Users\actep\OneDrive\Documents\Klei\OxygenNotIncluded\mods\Steam\2947429297\translation_template.pot
[15:19:04.639] [1] [INFO] Generated C:\Users\actep\OneDrive\Documents\Klei\OxygenNotIncluded\mods\Steam\2947429297\translations\translation_template.pot
[15:19:04.643] [1] [INFO] [TrueTiles]: Generated C:/Users/actep/OneDrive/Documents/Klei/OxygenNotIncluded/mods/strings_templates/truetiles_template.pot
[15:19:04.650] [1] [INFO] Generated C:/Users/actep/OneDrive/Documents/Klei/OxygenNotIncluded/mods/strings_templates/massmoveto_template.pot
[15:19:04.650] [1] [INFO] Generated C:\Users\actep\OneDrive\Documents\Klei\OxygenNotIncluded\mods\Steam\3301490799\translation_template.pot
[15:19:04.653] [1] [INFO] Generated C:\Users\actep\OneDrive\Documents\Klei\OxygenNotIncluded\mods\Steam\3301490799\translations\translation_template.pot
[15:19:04.656] [1] [INFO] Better Info Cards (BetterInfoCards): Setting up mod.
[15:19:04.656] [1] [INFO] 	Better Info Cards has a mod.yaml with a staticID `Aze.BetterInfoCards`, using that from now on.
[15:19:04.656] [1] [INFO] 	Better Info Cards: Found valid mod_info.yaml in folder 'root': requiredDlcIds='', forbiddenDlcIds='' at 469369
[15:19:04.656] [1] [INFO] 	Better Info Cards: No archived_versions for this mod, using root version directly.
[15:19:04.656] [1] [INFO] Better Info Cards: Successfully loaded from path 'root' with content 'DLL'.
[15:19:04.656] [1] [INFO] C:\Users\actep\OneDrive\Documents\Klei\OxygenNotIncluded\mods\Dev\BetterInfoCards
[15:19:04.657] [1] [INFO] Subscribe to mod Better Info Cards
[15:19:04.663] [1] [INFO] Container Tooltips (ContainerTooltips): Setting up mod.
[15:19:04.663] [1] [INFO] 	Container Tooltips has a mod.yaml with a staticID `Aze.ContainerTooltips`, using that from now on.
[15:19:04.664] [1] [INFO] 	Container Tooltips: Found valid mod_info.yaml in folder 'root': requiredDlcIds='', forbiddenDlcIds='' at 469369
[15:19:04.664] [1] [INFO] 	Container Tooltips: No archived_versions for this mod, using root version directly.
[15:19:04.664] [1] [INFO] Container Tooltips: Successfully loaded from path 'root' with content 'DLL'.
[15:19:04.664] [1] [INFO] C:\Users\actep\OneDrive\Documents\Klei\OxygenNotIncluded\mods\Dev\ContainerTooltips
[15:19:04.664] [1] [INFO] Subscribe to mod Container Tooltips
[15:19:04.699] [1] [INFO] Test Data Location / docs / C:\Users\actep\OneDrive\Documents\Klei\OxygenNotIncluded
[15:19:04.699] [1] [INFO] Test Data Location / local / C:\Users\actep\AppData\Local\Klei\OxygenNotIncluded
[15:19:04.702] [1] [INFO] Test Data Locations / C:\Users\actep\OneDrive\Documents\Klei\OxygenNotIncluded\test / write True / read True / removed True
[15:19:04.702] [1] [INFO] Test Data Locations / C:\Users\actep\AppData\Local\Klei\OxygenNotIncluded\test / write True / read True / removed True
[15:19:04.704] [1] [INFO] Logged into Steam with ID:76561198064607706, NAME:AcTePuKc
[15:19:04.704] [1] [INFO] [Account] Requesting auth ticket from Steam
[15:19:04.762] [8] [INFO] [ClusterTraitGenerationManager]: checking if any moonlets should be added
[15:19:04.804] [8] [WARNING] Couldn't get trait []
[15:19:04.804] [8] [WARNING] Couldn't get trait []
[15:19:05.479] [8] [INFO] [ClusterTraitGenerationManager]: checking if any moonlets should be added
[15:19:05.480] [8] [INFO] [ClusterTraitGenerationManager]: adding additional world: expansion1::worlds/MiniMetallicSwampyWarp
[15:19:05.941] [14] [INFO] [Account] Got login for user KU_Zkth_oLM
[15:19:05.989] [8] [WARNING] Couldn't get trait []
[15:19:05.989] [8] [WARNING] Couldn't get trait []
[15:19:06.729] [8] [INFO] [ClusterTraitGenerationManager]: checking if any moonlets should be added
[15:19:06.729] [8] [INFO] [ClusterTraitGenerationManager]: adding additional world: expansion1::worlds/MiniMetallicSwampyWarp
[15:19:06.807] [8] [WARNING] Couldn't get trait []
[15:19:06.807] [8] [WARNING] Couldn't get trait []
[15:19:06.913] [8] [INFO] [ClusterTraitGenerationManager]: checking if any moonlets should be added
[15:19:06.914] [8] [INFO] [ClusterTraitGenerationManager]: adding additional world: expansion1::worlds/MiniMetallicSwampyWarp
[15:19:06.914] [8] [WARNING] Couldn't get trait []
[15:19:06.914] [8] [WARNING] Couldn't get trait []
[15:19:06.999] [8] [INFO] [ClusterTraitGenerationManager]: checking if any moonlets should be added
[15:19:07.001] [8] [INFO] [ClusterTraitGenerationManager]: adding additional world: expansion1::worlds/MiniMetallicSwampyWarp
[15:19:07.395] [8] [WARNING] Couldn't get trait []
[15:19:07.395] [8] [WARNING] Couldn't get trait []
[15:19:07.544] [8] [INFO] World settings reload complete!
[15:19:08.842] [1] [INFO] RoomsExpanded: Trying to get RoomTypes type...
[15:19:08.862] [1] [INFO] [TrueTiles]: Loading a pack from TrueTiles C:/Users/actep/OneDrive/Documents/Klei/OxygenNotIncluded/mods/Steam/2815406414\true_tiles_addon\AltAirflow
[15:19:08.862] [1] [INFO] [TrueTiles]: Loading a pack from TrueTiles C:/Users/actep/OneDrive/Documents/Klei/OxygenNotIncluded/mods/Steam/2815406414\true_tiles_addon\CutesyCarpet
[15:19:08.862] [1] [INFO] [TrueTiles]: Loading a pack from TrueTiles C:/Users/actep/OneDrive/Documents/Klei/OxygenNotIncluded/mods/Steam/2815406414\true_tiles_addon\Default
[15:19:08.876] [1] [INFO] [TrueTiles]:  (debug) LOADING C:/Users/actep/OneDrive/Documents/Klei/OxygenNotIncluded/mods/Steam/2815406414\true_tiles_addon\AltAirflow
[15:19:08.879] [1] [INFO] [TrueTiles]:  (debug) asset bundle pack
[15:19:08.879] [1] [INFO] [TrueTiles]:  (debug) has asset data: True C:/Users/actep/OneDrive/Documents/Klei/OxygenNotIncluded/mods/Steam/2815406414\true_tiles_addon\AltAirflow\truetiles_altairflow
[15:19:08.880] [1] [INFO] [TrueTiles]:  (debug) LOADING C:/Users/actep/OneDrive/Documents/Klei/OxygenNotIncluded/mods/Steam/2815406414\true_tiles_addon\CutesyCarpet
[15:19:08.880] [1] [INFO] [TrueTiles]:  (debug) asset bundle pack
[15:19:08.880] [1] [INFO] [TrueTiles]:  (debug) has asset data: True C:/Users/actep/OneDrive/Documents/Klei/OxygenNotIncluded/mods/Steam/2815406414\true_tiles_addon\CutesyCarpet\truetiles_cutesy_carpets
[15:19:08.881] [1] [INFO] [TrueTiles]:  (debug) LOADING C:/Users/actep/OneDrive/Documents/Klei/OxygenNotIncluded/mods/Steam/2815406414\true_tiles_addon\Default
[15:19:08.881] [1] [INFO] [TrueTiles]:  (debug) asset bundle pack
[15:19:08.881] [1] [INFO] [TrueTiles]:  (debug) has asset data: True C:/Users/actep/OneDrive/Documents/Klei/OxygenNotIncluded/mods/Steam/2815406414\true_tiles_addon\Default\truetiles_default
[15:19:08.882] [1] [INFO] [TrueTiles]:  (debug) LOADING C:\Users\actep\OneDrive\Documents\Klei\OxygenNotIncluded\mods\tile_texture_packs\AltAirflow
[15:19:08.883] [1] [INFO] [TrueTiles]:  (debug) asset bundle pack
[15:19:08.883] [1] [INFO] [TrueTiles]:  (debug) has asset data: True C:/Users/actep/OneDrive/Documents/Klei/OxygenNotIncluded/mods/Steam/2815406414\true_tiles_addon\AltAirflow\truetiles_altairflow
[15:19:08.883] [1] [INFO] [TrueTiles]:  (debug) LOADING C:\Users\actep\OneDrive\Documents\Klei\OxygenNotIncluded\mods\tile_texture_packs\CutesyCarpet
[15:19:08.884] [1] [INFO] [TrueTiles]:  (debug) asset bundle pack
[15:19:08.884] [1] [INFO] [TrueTiles]:  (debug) has asset data: True C:/Users/actep/OneDrive/Documents/Klei/OxygenNotIncluded/mods/Steam/2815406414\true_tiles_addon\CutesyCarpet\truetiles_cutesy_carpets
[15:19:08.884] [1] [INFO] [TrueTiles]:  (debug) LOADING C:\Users\actep\OneDrive\Documents\Klei\OxygenNotIncluded\mods\tile_texture_packs\Default
[15:19:08.885] [1] [INFO] [TrueTiles]:  (debug) asset bundle pack
[15:19:08.885] [1] [INFO] [TrueTiles]:  (debug) has asset data: True C:/Users/actep/OneDrive/Documents/Klei/OxygenNotIncluded/mods/Steam/2815406414\true_tiles_addon\Default\truetiles_default
[15:19:08.893] [1] [INFO] [TrueTiles]:  (debug) Loaded json 8 C:/Users/actep/OneDrive/Documents/Klei/OxygenNotIncluded/mods/Steam/2815406414\true_tiles_addon\Default\tiles.json
[15:19:08.894] [1] [INFO] [TrueTiles]: Loaded tile art overrides from C:/Users/actep/OneDrive/Documents/Klei/OxygenNotIncluded/mods/Steam/2815406414\true_tiles_addon\Default\tiles.json
[15:19:08.895] [1] [INFO] [TrueTiles]:  (debug) Loaded json 8 C:/Users/actep/OneDrive/Documents/Klei/OxygenNotIncluded/mods/Steam/2815406414\true_tiles_addon\CutesyCarpet\tiles.json
[15:19:08.895] [1] [INFO] [TrueTiles]: Loaded tile art overrides from C:/Users/actep/OneDrive/Documents/Klei/OxygenNotIncluded/mods/Steam/2815406414\true_tiles_addon\CutesyCarpet\tiles.json
[15:19:08.895] [1] [INFO] [TrueTiles]:  (debug) Loaded json 8 C:/Users/actep/OneDrive/Documents/Klei/OxygenNotIncluded/mods/Steam/2815406414\true_tiles_addon\AltAirflow\tiles.json
[15:19:08.895] [1] [INFO] [TrueTiles]: Loaded tile art overrides from C:/Users/actep/OneDrive/Documents/Klei/OxygenNotIncluded/mods/Steam/2815406414\true_tiles_addon\AltAirflow\tiles.json
[15:19:09.053] [1] [INFO] RoomsExpanded: RoomTypes_Constructor_Patch Postfix
[15:19:09.092] [1] [INFO] RoomsExpanded: VARIETY_OF_ROOMS - removed Farm requirement
[15:19:09.161] [1] [WARNING] squirrel_kanim ui placeSymbol [ ui ] is missing
[15:19:10.550] [1] [INFO] [PLib/ShowRange] Visualizer added to AirFilter, range 3
[15:19:10.552] [1] [INFO] [PLib/ShowRange] Visualizer added to AlgaeHabitat, range 3
[15:19:10.552] [1] [INFO] [PLib/ShowRange] Visualizer added to AlgaeHabitat, range 1
[15:19:10.552] [1] [INFO] [PLib/ShowRange] Visualizer added to CO2Scrubber, range 3
[15:19:10.552] [1] [INFO] [PLib/ShowRange] Visualizer added to DevLifeSupport, range 10
[15:19:10.552] [1] [INFO] [PLib/ShowRange] Visualizer added to GasMiniPump, range 2
[15:19:10.552] [1] [INFO] [PLib/ShowRange] Visualizer added to GasPump, range 2
[15:19:10.552] [1] [INFO] [PLib/ShowRange] Visualizer added to LiquidCooledFan, range 8
[15:19:10.552] [1] [INFO] [PLib/ShowRange] Visualizer added to LiquidMiniPump, range 2
[15:19:10.552] [1] [INFO] [PLib/ShowRange] Visualizer added to LiquidPump, range 2
[15:19:10.553] [1] [INFO] [PLib/ShowRange] Visualizer added to OxygenMaskStation, range 2
[15:19:10.553] [1] [INFO] [PLib/ShowRange] Visualizer added to VerticalWindTunnel, range 2
[15:19:10.553] [1] [INFO] [PLib/ShowRange] Visualizer added to VerticalWindTunnel, range 2
[15:19:11.503] [1] [INFO] [ClusterTraitGenerationManager]: creating geyser data entry: GeyserGeneric_molten_aluminum, isGeneric: True
[15:19:11.504] [1] [INFO] [ClusterTraitGenerationManager]: creating geyser data entry: GeyserGeneric_liquid_co2, isGeneric: True
[15:19:11.504] [1] [INFO] [ClusterTraitGenerationManager]: creating geyser data entry: GeyserGeneric_hot_co2, isGeneric: True
[15:19:11.504] [1] [INFO] [ClusterTraitGenerationManager]: creating geyser data entry: GeyserGeneric_chlorine_gas, isGeneric: True
[15:19:11.504] [1] [INFO] [ClusterTraitGenerationManager]: creating geyser data entry: GeyserGeneric_molten_cobalt, isGeneric: True
[15:19:11.504] [1] [INFO] [ClusterTraitGenerationManager]: creating geyser data entry: GeyserGeneric_chlorine_gas_cool, isGeneric: False
[15:19:11.504] [1] [INFO] [ClusterTraitGenerationManager]: creating geyser data entry: GeyserGeneric_slush_salt_water, isGeneric: True
[15:19:11.504] [1] [INFO] [ClusterTraitGenerationManager]: creating geyser data entry: GeyserGeneric_slush_water, isGeneric: True
[15:19:11.504] [1] [INFO] [ClusterTraitGenerationManager]: creating geyser data entry: GeyserGeneric_steam, isGeneric: True
[15:19:11.504] [1] [INFO] [ClusterTraitGenerationManager]: creating geyser data entry: GeyserGeneric_molten_copper, isGeneric: True
[15:19:11.505] [1] [INFO] [ClusterTraitGenerationManager]: creating geyser data entry: GeyserGeneric_molten_gold, isGeneric: True
[15:19:11.505] [1] [INFO] [ClusterTraitGenerationManager]: creating geyser data entry: GeyserGeneric_hot_po2, isGeneric: True
[15:19:11.505] [1] [INFO] [ClusterTraitGenerationManager]: creating geyser data entry: GeyserGeneric_hot_hydrogen, isGeneric: True
[15:19:11.505] [1] [INFO] [ClusterTraitGenerationManager]: creating geyser data entry: GeyserGeneric_slimy_po2, isGeneric: True
[15:19:11.505] [1] [INFO] [ClusterTraitGenerationManager]: creating geyser data entry: GeyserGeneric_molten_iron, isGeneric: True
[15:19:11.505] [1] [INFO] [ClusterTraitGenerationManager]: creating geyser data entry: GeyserGeneric_oil_drip, isGeneric: True
[15:19:11.505] [1] [INFO] [ClusterTraitGenerationManager]: creating geyser data entry: GeyserGeneric_liquid_sulfur, isGeneric: True
[15:19:11.505] [1] [INFO] [ClusterTraitGenerationManager]: creating geyser data entry: GeyserGeneric_small_volcano, isGeneric: True
[15:19:11.505] [1] [INFO] [ClusterTraitGenerationManager]: creating geyser data entry: GeyserGeneric_methane, isGeneric: True
[15:19:11.505] [1] [INFO] [ClusterTraitGenerationManager]: creating geyser data entry: GeyserGeneric_molten_niobium, isGeneric: False
[15:19:11.505] [1] [INFO] [ClusterTraitGenerationManager]: creating geyser data entry: GeyserGeneric_filthy_water, isGeneric: True
[15:19:11.505] [1] [INFO] [ClusterTraitGenerationManager]: creating geyser data entry: GeyserGeneric_salt_water, isGeneric: True
[15:19:11.505] [1] [INFO] [ClusterTraitGenerationManager]: creating geyser data entry: GeyserGeneric_hot_steam, isGeneric: True
[15:19:11.505] [1] [INFO] [ClusterTraitGenerationManager]: creating geyser data entry: GeyserGeneric_molten_tungsten, isGeneric: False
[15:19:11.505] [1] [INFO] [ClusterTraitGenerationManager]: creating geyser data entry: GeyserGeneric_big_volcano, isGeneric: True
[15:19:11.505] [1] [INFO] [ClusterTraitGenerationManager]: creating geyser data entry: GeyserGeneric_hot_water, isGeneric: True
[15:19:11.505] [1] [INFO] [ClusterTraitGenerationManager]: AllGeysersCount: 26
[15:19:11.505] [1] [INFO] [ClusterTraitGenerationManager]: GenericGeysersCount: 23
[15:19:12.110] [1] [INFO] [TrueTiles]:  (debug) Loading tile: Tile
[15:19:12.110] [1] [INFO] [TrueTiles]:  (debug)    Ceramic
[15:19:12.113] [1] [INFO] [TrueTiles]:  (debug)    Fossil
[15:19:12.114] [1] [INFO] [TrueTiles]:  (debug)    Granite
[15:19:12.115] [1] [INFO] [TrueTiles]:  (debug)    Graphite
[15:19:12.116] [1] [INFO] [TrueTiles]:  (debug)    IgneousRock
[15:19:12.116] [1] [INFO] [TrueTiles]:  (debug)    Isoresin
[15:19:12.117] [1] [INFO] [TrueTiles]:  (debug)    MaficRock
[15:19:12.117] [1] [INFO] [TrueTiles]:  (debug)    Obsidian
[15:19:12.119] [1] [INFO] [TrueTiles]:  (debug)    SandStone
[15:19:12.119] [1] [INFO] [TrueTiles]:  (debug)    SedimentaryRock
[15:19:12.120] [1] [INFO] [TrueTiles]:  (debug)    SuperInsulator
[15:19:12.121] [1] [INFO] [TrueTiles]:  (debug) Loading tile: CarpetTile
[15:19:12.121] [1] [INFO] [TrueTiles]:  (debug)    Ceramic
[15:19:12.122] [1] [INFO] [TrueTiles]:  (debug)    Fossil
[15:19:12.123] [1] [INFO] [TrueTiles]:  (debug)    Granite
[15:19:12.124] [1] [INFO] [TrueTiles]:  (debug)    Graphite
[15:19:12.124] [1] [INFO] [TrueTiles]:  (debug)    IgneousRock
[15:19:12.125] [1] [INFO] [TrueTiles]:  (debug)    Isoresin
[15:19:12.126] [1] [INFO] [TrueTiles]:  (debug)    MaficRock
[15:19:12.126] [1] [INFO] [TrueTiles]:  (debug)    Obsidian
[15:19:12.127] [1] [INFO] [TrueTiles]:  (debug)    SedimentaryRock
[15:19:12.127] [1] [INFO] [TrueTiles]:  (debug)    SuperInsulator
[15:19:12.129] [1] [INFO] [TrueTiles]:  (debug)    SandStone
[15:19:12.129] [1] [INFO] [TrueTiles]:  (debug) Loading tile: InsulationTile
[15:19:12.129] [1] [INFO] [TrueTiles]:  (debug)    Ceramic
[15:19:12.130] [1] [INFO] [TrueTiles]:  (debug)    Fossil
[15:19:12.130] [1] [INFO] [TrueTiles]:  (debug)    Granite
[15:19:12.131] [1] [INFO] [TrueTiles]:  (debug)    Graphite
[15:19:12.131] [1] [INFO] [TrueTiles]:  (debug)    IgneousRock
[15:19:12.132] [1] [INFO] [TrueTiles]:  (debug)    Isoresin
[15:19:12.132] [1] [INFO] [TrueTiles]:  (debug)    MaficRock
[15:19:12.133] [1] [INFO] [TrueTiles]:  (debug)    Obsidian
[15:19:12.133] [1] [INFO] [TrueTiles]:  (debug)    SandStone
[15:19:12.134] [1] [INFO] [TrueTiles]:  (debug)    SedimentaryRock
[15:19:12.134] [1] [INFO] [TrueTiles]:  (debug)    SuperInsulator
[15:19:12.135] [1] [INFO] [TrueTiles]:  (debug) Loading tile: PlasticTile
[15:19:12.135] [1] [INFO] [TrueTiles]:  (debug)    HardPolypropylene
[15:19:12.136] [1] [INFO] [TrueTiles]:  (debug) Loading tile: MeshTile
[15:19:12.136] [1] [INFO] [TrueTiles]:  (debug)    AluminumOre
[15:19:12.137] [1] [INFO] [TrueTiles]:  (debug)    Cinnabar
[15:19:12.139] [1] [INFO] [TrueTiles]:  (debug)    Cobaltite
[15:19:12.141] [1] [INFO] [TrueTiles]:  (debug)    Cuprite
[15:19:12.143] [1] [INFO] [TrueTiles]:  (debug)    Electrum
[15:19:12.145] [1] [INFO] [TrueTiles]:  (debug)    GoldAmalgam
[15:19:12.147] [1] [INFO] [TrueTiles]:  (debug)    IronOre
[15:19:12.147] [1] [INFO] [TrueTiles]:  (debug)    Niobium
[15:19:12.149] [1] [INFO] [TrueTiles]:  (debug)    Steel
[15:19:12.151] [1] [INFO] [TrueTiles]:  (debug)    TempConductorSolid
[15:19:12.153] [1] [INFO] [TrueTiles]:  (debug)    UraniumOre
[15:19:12.155] [1] [INFO] [TrueTiles]:  (debug)    Wolframite
[15:19:12.156] [1] [INFO] [TrueTiles]:  (debug)    Aluminum
[15:19:12.156] [1] [INFO] [TrueTiles]:  (debug)    Cobalt
[15:19:12.156] [1] [INFO] [TrueTiles]:  (debug)    Copper
[15:19:12.156] [1] [INFO] [TrueTiles]:  (debug)    Gold
[15:19:12.156] [1] [INFO] [TrueTiles]:  (debug)    FoolsGold
[15:19:12.156] [1] [INFO] [TrueTiles]:  (debug)    Iron
[15:19:12.156] [1] [INFO] [TrueTiles]:  (debug)    Lead
[15:19:12.159] [1] [INFO] [TrueTiles]:  (debug)    DepletedUranium
[15:19:12.159] [1] [INFO] [TrueTiles]:  (debug)    EnrichedUranium
[15:19:12.159] [1] [INFO] [TrueTiles]:  (debug)    SolidMercury
[15:19:12.159] [1] [INFO] [TrueTiles]:  (debug)    Tungsten
[15:19:12.159] [1] [INFO] [TrueTiles]:  (debug) Loading tile: GasPermeableMembrane
[15:19:12.159] [1] [INFO] [TrueTiles]:  (debug)    AluminumOre
[15:19:12.160] [1] [INFO] [TrueTiles]:  (debug)    Cinnabar
[15:19:12.160] [1] [INFO] [TrueTiles]:  (debug)    Cobaltite
[15:19:12.162] [1] [INFO] [TrueTiles]:  (debug)    Cuprite
[15:19:12.163] [1] [INFO] [TrueTiles]:  (debug)    Electrum
[15:19:12.164] [1] [INFO] [TrueTiles]:  (debug)    GoldAmalgam
[15:19:12.166] [1] [INFO] [TrueTiles]:  (debug)    IronOre
[15:19:12.167] [1] [INFO] [TrueTiles]:  (debug)    Niobium
[15:19:12.169] [1] [INFO] [TrueTiles]:  (debug)    Steel
[15:19:12.170] [1] [INFO] [TrueTiles]:  (debug)    TempConductorSolid
[15:19:12.172] [1] [INFO] [TrueTiles]:  (debug)    UraniumOre
[15:19:12.174] [1] [INFO] [TrueTiles]:  (debug)    Wolframite
[15:19:12.175] [1] [INFO] [TrueTiles]:  (debug)    Aluminum
[15:19:12.175] [1] [INFO] [TrueTiles]:  (debug)    SolidMercury
[15:19:12.175] [1] [INFO] [TrueTiles]:  (debug)    Cobalt
[15:19:12.175] [1] [INFO] [TrueTiles]:  (debug)    Copper
[15:19:12.175] [1] [INFO] [TrueTiles]:  (debug)    Gold
[15:19:12.175] [1] [INFO] [TrueTiles]:  (debug)    FoolsGold
[15:19:12.175] [1] [INFO] [TrueTiles]:  (debug)    Iron
[15:19:12.175] [1] [INFO] [TrueTiles]:  (debug)    Lead
[15:19:12.176] [1] [INFO] [TrueTiles]:  (debug)    DepletedUranium
[15:19:12.176] [1] [INFO] [TrueTiles]:  (debug)    EnrichedUranium
[15:19:12.176] [1] [INFO] [TrueTiles]:  (debug)    Tungsten
[15:19:12.176] [1] [INFO] [TrueTiles]:  (debug) Loading tile: MetalTile
[15:19:12.176] [1] [INFO] [TrueTiles]:  (debug)    Aluminum
[15:19:12.177] [1] [INFO] [TrueTiles]:  (debug)    Cobalt
[15:19:12.179] [1] [INFO] [TrueTiles]:  (debug)    Copper
[15:19:12.182] [1] [INFO] [TrueTiles]:  (debug)    DepletedUranium
[15:19:12.184] [1] [INFO] [TrueTiles]:  (debug)    Gold
[15:19:12.186] [1] [INFO] [TrueTiles]:  (debug)    Iron
[15:19:12.186] [1] [INFO] [TrueTiles]:  (debug)    Lead
[15:19:12.187] [1] [INFO] [TrueTiles]:  (debug)    Niobium
[15:19:12.189] [1] [INFO] [TrueTiles]:  (debug)    Steel
[15:19:12.190] [1] [INFO] [TrueTiles]:  (debug)    TempConductorSolid
[15:19:12.193] [1] [INFO] [TrueTiles]:  (debug)    SolidMercury
[15:19:12.194] [1] [INFO] [TrueTiles]:  (debug)    Tungsten
[15:19:12.196] [1] [INFO] [TrueTiles]:  (debug) Loading tile: GlassTile
[15:19:12.196] [1] [INFO] [TrueTiles]:  (debug)    Diamond
[15:19:12.197] [1] [INFO] [TrueTiles]: Loaded texture assets. Loading took 00:00:00.86
[15:19:12.236] [1] [INFO] Checking which steam branch we're on. Got: [public_testing]
Unloading 5 Unused Serialized files (Serialized files now loaded: 10)
MaximizedWindow is not currently supported on Windows, setting to FullsceenWindow instead
Unloading 6779 unused Assets / (225.0 MB). Loaded Objects now: 86806.
Memory consumption went from 0.81 GB to 0.59 GB.
Total: 87.328000 ms (FindLiveObjects: 6.459400 ms CreateObjectMapping: 3.844600 ms MarkObjects: 71.879000 ms  DeleteObjects: 5.144300 ms)

Unloading 3 Unused Serialized files (Serialized files now loaded: 10)
[PhysX] Initialized MultithreadedTaskDispatcher with 16 workers.
UnloadTime: 8.112200 ms
[15:19:13.508] [1] [INFO] C:/Users/actep/OneDrive/Documents/Klei/OxygenNotIncluded/mods/Steam/3284635963
[15:19:13.510] [1] [INFO] C:/Users/actep/OneDrive/Documents/Klei/OxygenNotIncluded/mods/Steam/3284635963
[15:19:13.513] [1] [INFO] C:/Users/actep/OneDrive/Documents/Klei/OxygenNotIncluded/mods/Steam/2348079481
[15:19:13.514] [1] [INFO] C:/Users/actep/OneDrive/Documents/Klei/OxygenNotIncluded/mods/Steam/2348079481
[15:19:13.516] [1] [INFO] C:/Users/actep/OneDrive/Documents/Klei/OxygenNotIncluded/mods/Steam/1878896484
[15:19:13.517] [1] [INFO] C:/Users/actep/OneDrive/Documents/Klei/OxygenNotIncluded/mods/Steam/1878896484
[15:19:13.520] [1] [INFO] C:/Users/actep/OneDrive/Documents/Klei/OxygenNotIncluded/mods/Steam/1870696175
[15:19:13.522] [1] [INFO] C:/Users/actep/OneDrive/Documents/Klei/OxygenNotIncluded/mods/Steam/1870696175
[15:19:13.525] [1] [INFO] C:/Users/actep/OneDrive/Documents/Klei/OxygenNotIncluded/mods/Dev/BetterInfoCards
[15:19:13.526] [1] [INFO] C:/Users/actep/OneDrive/Documents/Klei/OxygenNotIncluded/mods/Dev/BetterInfoCards
[15:19:13.529] [1] [INFO] C:/Users/actep/OneDrive/Documents/Klei/OxygenNotIncluded/mods/Steam/1703611962
[15:19:13.531] [1] [INFO] C:/Users/actep/OneDrive/Documents/Klei/OxygenNotIncluded/mods/Steam/1703611962
[15:19:13.535] [1] [INFO] C:/Users/actep/OneDrive/Documents/Klei/OxygenNotIncluded/mods/Steam/1717463209
[15:19:13.536] [1] [INFO] C:/Users/actep/OneDrive/Documents/Klei/OxygenNotIncluded/mods/Steam/1717463209
[15:19:13.540] [1] [INFO] C:/Users/actep/OneDrive/Documents/Klei/OxygenNotIncluded/mods/Steam/3164212090
[15:19:13.541] [1] [INFO] C:/Users/actep/OneDrive/Documents/Klei/OxygenNotIncluded/mods/Steam/3164212090
[15:19:13.546] [1] [INFO] C:/Users/actep/OneDrive/Documents/Klei/OxygenNotIncluded/mods/Steam/1737893485
[15:19:13.547] [1] [INFO] C:/Users/actep/OneDrive/Documents/Klei/OxygenNotIncluded/mods/Steam/1737893485
[15:19:13.551] [1] [INFO] C:/Users/actep/OneDrive/Documents/Klei/OxygenNotIncluded/mods/Steam/2947429297
[15:19:13.553] [1] [INFO] C:/Users/actep/OneDrive/Documents/Klei/OxygenNotIncluded/mods/Steam/2947429297
[15:19:13.620] [1] [INFO] C:/Users/actep/OneDrive/Documents/Klei/OxygenNotIncluded/mods/Dev/ContainerTooltips
[15:19:13.621] [1] [INFO] C:/Users/actep/OneDrive/Documents/Klei/OxygenNotIncluded/mods/Dev/ContainerTooltips
[15:19:13.627] [1] [INFO] C:/Users/actep/OneDrive/Documents/Klei/OxygenNotIncluded/mods/Steam/2721654252
[15:19:13.628] [1] [INFO] C:/Users/actep/OneDrive/Documents/Klei/OxygenNotIncluded/mods/Steam/2721654252
[15:19:13.634] [1] [INFO] C:/Users/actep/OneDrive/Documents/Klei/OxygenNotIncluded/mods/Steam/1838445101
[15:19:13.635] [1] [INFO] C:/Users/actep/OneDrive/Documents/Klei/OxygenNotIncluded/mods/Steam/1838445101
[15:19:13.641] [1] [INFO] C:/Users/actep/OneDrive/Documents/Klei/OxygenNotIncluded/mods/Steam/2844843044
[15:19:13.643] [1] [INFO] C:/Users/actep/OneDrive/Documents/Klei/OxygenNotIncluded/mods/Steam/2844843044
[15:19:13.649] [1] [INFO] C:/Users/actep/OneDrive/Documents/Klei/OxygenNotIncluded/mods/Steam/1855163252
[15:19:13.651] [1] [INFO] C:/Users/actep/OneDrive/Documents/Klei/OxygenNotIncluded/mods/Steam/1855163252
[15:19:13.658] [1] [INFO] C:/Users/actep/OneDrive/Documents/Klei/OxygenNotIncluded/mods/Steam/1706181611
[15:19:13.659] [1] [INFO] C:/Users/actep/OneDrive/Documents/Klei/OxygenNotIncluded/mods/Steam/1706181611
[15:19:13.666] [1] [INFO] C:/Users/actep/OneDrive/Documents/Klei/OxygenNotIncluded/mods/Steam/3555374847
[15:19:13.667] [1] [INFO] C:/Users/actep/OneDrive/Documents/Klei/OxygenNotIncluded/mods/Steam/3555374847
[15:19:13.675] [1] [INFO] C:/Users/actep/OneDrive/Documents/Klei/OxygenNotIncluded/mods/Steam/3301490799
[15:19:13.676] [1] [INFO] C:/Users/actep/OneDrive/Documents/Klei/OxygenNotIncluded/mods/Steam/3301490799
[15:19:13.684] [1] [INFO] C:/Users/actep/OneDrive/Documents/Klei/OxygenNotIncluded/mods/Steam/1843965353
[15:19:13.685] [1] [INFO] C:/Users/actep/OneDrive/Documents/Klei/OxygenNotIncluded/mods/Steam/1843965353
[15:19:13.693] [1] [INFO] C:/Users/actep/OneDrive/Documents/Klei/OxygenNotIncluded/mods/Steam/2018291283
[15:19:13.695] [1] [INFO] C:/Users/actep/OneDrive/Documents/Klei/OxygenNotIncluded/mods/Steam/2018291283
[15:19:13.703] [1] [INFO] C:/Users/actep/OneDrive/Documents/Klei/OxygenNotIncluded/mods/Steam/1868454866
[15:19:13.704] [1] [INFO] C:/Users/actep/OneDrive/Documents/Klei/OxygenNotIncluded/mods/Steam/1868454866
[15:19:13.713] [1] [INFO] C:/Users/actep/OneDrive/Documents/Klei/OxygenNotIncluded/mods/Steam/1725950119
[15:19:13.715] [1] [INFO] C:/Users/actep/OneDrive/Documents/Klei/OxygenNotIncluded/mods/Steam/1725950119
[15:19:13.725] [1] [INFO] C:/Users/actep/OneDrive/Documents/Klei/OxygenNotIncluded/mods/Steam/2493100777
[15:19:13.726] [1] [INFO] C:/Users/actep/OneDrive/Documents/Klei/OxygenNotIncluded/mods/Steam/2493100777
[15:19:13.736] [1] [INFO] C:/Users/actep/OneDrive/Documents/Klei/OxygenNotIncluded/mods/Steam/2968583663
[15:19:13.737] [1] [INFO] C:/Users/actep/OneDrive/Documents/Klei/OxygenNotIncluded/mods/Steam/2968583663
[15:19:13.747] [1] [INFO] C:/Users/actep/OneDrive/Documents/Klei/OxygenNotIncluded/mods/Steam/2977728791
[15:19:13.747] [1] [INFO] C:/Users/actep/OneDrive/Documents/Klei/OxygenNotIncluded/mods/Steam/2977728791
[15:19:13.759] [1] [INFO] C:/Users/actep/OneDrive/Documents/Klei/OxygenNotIncluded/mods/Steam/1881925531
[15:19:13.760] [1] [INFO] C:/Users/actep/OneDrive/Documents/Klei/OxygenNotIncluded/mods/Steam/1881925531
[15:19:13.771] [1] [INFO] C:/Users/actep/OneDrive/Documents/Klei/OxygenNotIncluded/mods/Steam/1893887916
[15:19:13.772] [1] [INFO] C:/Users/actep/OneDrive/Documents/Klei/OxygenNotIncluded/mods/Steam/1893887916
[15:19:13.784] [1] [INFO] C:/Users/actep/OneDrive/Documents/Klei/OxygenNotIncluded/mods/Steam/1960996649
[15:19:13.785] [1] [INFO] C:/Users/actep/OneDrive/Documents/Klei/OxygenNotIncluded/mods/Steam/1960996649
[15:19:13.797] [1] [INFO] C:/Users/actep/OneDrive/Documents/Klei/OxygenNotIncluded/mods/Steam/2965547030
[15:19:13.797] [1] [INFO] C:/Users/actep/OneDrive/Documents/Klei/OxygenNotIncluded/mods/Steam/2965547030
[15:19:13.810] [1] [INFO] C:/Users/actep/OneDrive/Documents/Klei/OxygenNotIncluded/mods/Steam/2552175137
[15:19:13.812] [1] [INFO] C:/Users/actep/OneDrive/Documents/Klei/OxygenNotIncluded/mods/Steam/2552175137
[15:19:13.824] [1] [INFO] C:/Users/actep/OneDrive/Documents/Klei/OxygenNotIncluded/mods/Steam/1832319118
[15:19:13.825] [1] [INFO] C:/Users/actep/OneDrive/Documents/Klei/OxygenNotIncluded/mods/Steam/1832319118
[15:19:13.837] [1] [INFO] C:/Users/actep/OneDrive/Documents/Klei/OxygenNotIncluded/mods/Steam/2815406414
[15:19:13.839] [1] [INFO] C:/Users/actep/OneDrive/Documents/Klei/OxygenNotIncluded/mods/Steam/2815406414
[15:19:13.915] [1] [INFO] C:/Users/actep/OneDrive/Documents/Klei/OxygenNotIncluded/mods/Steam/1822160024
[15:19:13.916] [1] [INFO] C:/Users/actep/OneDrive/Documents/Klei/OxygenNotIncluded/mods/Steam/1822160024
[15:19:13.929] [1] [INFO] C:/Users/actep/OneDrive/Documents/Klei/OxygenNotIncluded/mods/Steam/2128885110
[15:19:13.931] [1] [INFO] C:/Users/actep/OneDrive/Documents/Klei/OxygenNotIncluded/mods/Steam/2128885110
[15:19:13.945] [1] [INFO] C:/Users/actep/OneDrive/Documents/Klei/OxygenNotIncluded/mods/Steam/3468585385
[15:19:13.947] [1] [INFO] C:/Users/actep/OneDrive/Documents/Klei/OxygenNotIncluded/mods/Steam/3468585385
[15:19:13.961] [1] [INFO] C:/Users/actep/OneDrive/Documents/Klei/OxygenNotIncluded/mods/Steam/1835394161
[15:19:13.962] [1] [INFO] C:/Users/actep/OneDrive/Documents/Klei/OxygenNotIncluded/mods/Steam/1835394161
[15:19:13.977] [1] [INFO] C:/Users/actep/OneDrive/Documents/Klei/OxygenNotIncluded/mods/Steam/1708809748
[15:19:13.978] [1] [INFO] C:/Users/actep/OneDrive/Documents/Klei/OxygenNotIncluded/mods/Steam/1708809748
[15:19:13.993] [1] [INFO] C:/Users/actep/OneDrive/Documents/Klei/OxygenNotIncluded/mods/Steam/2041219184
[15:19:13.994] [1] [INFO] C:/Users/actep/OneDrive/Documents/Klei/OxygenNotIncluded/mods/Steam/2041219184
[15:19:14.009] [1] [INFO] C:/Users/actep/OneDrive/Documents/Klei/OxygenNotIncluded/mods/Steam/3384457117
[15:19:14.011] [1] [INFO] C:/Users/actep/OneDrive/Documents/Klei/OxygenNotIncluded/mods/Steam/3384457117
[15:19:14.026] [1] [INFO] C:/Users/actep/OneDrive/Documents/Klei/OxygenNotIncluded/mods/Steam/2032187035
[15:19:14.027] [1] [INFO] C:/Users/actep/OneDrive/Documents/Klei/OxygenNotIncluded/mods/Steam/2032187035
[15:19:14.043] [1] [INFO] C:/Users/actep/OneDrive/Documents/Klei/OxygenNotIncluded/mods/Steam/1722760223
[15:19:14.044] [1] [INFO] C:/Users/actep/OneDrive/Documents/Klei/OxygenNotIncluded/mods/Steam/1722760223
[15:19:14.061] [1] [INFO] C:/Users/actep/OneDrive/Documents/Klei/OxygenNotIncluded/mods/Steam/1843965353
[15:19:14.061] [1] [INFO] C:/Users/actep/OneDrive/Documents/Klei/OxygenNotIncluded/mods/Steam/1843965353
[15:19:14.061] [1] [INFO] C:/Users/actep/OneDrive/Documents/Klei/OxygenNotIncluded/mods/Dev/BetterInfoCards
[15:19:14.061] [1] [INFO] C:/Users/actep/OneDrive/Documents/Klei/OxygenNotIncluded/mods/Steam/2977728791
[15:19:14.061] [1] [INFO] C:/Users/actep/OneDrive/Documents/Klei/OxygenNotIncluded/mods/Steam/3468585385
[15:19:14.061] [1] [INFO] C:/Users/actep/OneDrive/Documents/Klei/OxygenNotIncluded/mods/Steam/1960996649
[15:19:14.061] [1] [INFO] C:/Users/actep/OneDrive/Documents/Klei/OxygenNotIncluded/mods/Steam/2032187035
[15:19:14.061] [1] [INFO] C:/Users/actep/OneDrive/Documents/Klei/OxygenNotIncluded/mods/Steam/2493100777
[15:19:14.061] [1] [INFO] C:/Users/actep/OneDrive/Documents/Klei/OxygenNotIncluded/mods/Steam/3384457117
[15:19:14.061] [1] [INFO] C:/Users/actep/OneDrive/Documents/Klei/OxygenNotIncluded/mods/Steam/2348079481
[15:19:14.062] [1] [INFO] C:/Users/actep/OneDrive/Documents/Klei/OxygenNotIncluded/mods/Steam/2947429297
[15:19:14.062] [1] [INFO] C:/Users/actep/OneDrive/Documents/Klei/OxygenNotIncluded/mods/Steam/2128885110
[15:19:14.062] [1] [INFO] C:/Users/actep/OneDrive/Documents/Klei/OxygenNotIncluded/mods/Steam/1725950119
[15:19:14.062] [1] [INFO] C:/Users/actep/OneDrive/Documents/Klei/OxygenNotIncluded/mods/Steam/2815406414
[15:19:14.062] [1] [INFO] C:/Users/actep/OneDrive/Documents/Klei/OxygenNotIncluded/mods/Steam/1832319118
[15:19:14.062] [1] [INFO] C:/Users/actep/OneDrive/Documents/Klei/OxygenNotIncluded/mods/Steam/1878896484
[15:19:14.062] [1] [INFO] C:/Users/actep/OneDrive/Documents/Klei/OxygenNotIncluded/mods/Steam/1893887916
[15:19:14.062] [1] [INFO] C:/Users/actep/OneDrive/Documents/Klei/OxygenNotIncluded/mods/Steam/2018291283
[15:19:14.062] [1] [INFO] C:/Users/actep/OneDrive/Documents/Klei/OxygenNotIncluded/mods/Steam/1706181611
[15:19:14.062] [1] [INFO] C:/Users/actep/OneDrive/Documents/Klei/OxygenNotIncluded/mods/Steam/1855163252
[15:19:14.062] [1] [INFO] C:/Users/actep/OneDrive/Documents/Klei/OxygenNotIncluded/mods/Steam/1838445101
[15:19:14.062] [1] [INFO] C:/Users/actep/OneDrive/Documents/Klei/OxygenNotIncluded/mods/Steam/1881925531
[15:19:14.062] [1] [INFO] C:/Users/actep/OneDrive/Documents/Klei/OxygenNotIncluded/mods/Steam/1708809748
[15:19:14.062] [1] [INFO] C:/Users/actep/OneDrive/Documents/Klei/OxygenNotIncluded/mods/Steam/1737893485
[15:19:14.062] [1] [INFO] C:/Users/actep/OneDrive/Documents/Klei/OxygenNotIncluded/mods/Steam/1835394161
[15:19:14.062] [1] [INFO] C:/Users/actep/OneDrive/Documents/Klei/OxygenNotIncluded/mods/Steam/1703611962
[15:19:14.062] [1] [INFO] C:/Users/actep/OneDrive/Documents/Klei/OxygenNotIncluded/mods/Steam/1870696175
[15:19:14.062] [1] [INFO] C:/Users/actep/OneDrive/Documents/Klei/OxygenNotIncluded/mods/Steam/1717463209
[15:19:14.062] [1] [INFO] C:/Users/actep/OneDrive/Documents/Klei/OxygenNotIncluded/mods/Steam/3284635963
[15:19:14.062] [1] [INFO] C:/Users/actep/OneDrive/Documents/Klei/OxygenNotIncluded/mods/Steam/3164212090
[15:19:14.062] [1] [INFO] C:/Users/actep/OneDrive/Documents/Klei/OxygenNotIncluded/mods/Steam/2552175137
[15:19:14.062] [1] [INFO] C:/Users/actep/OneDrive/Documents/Klei/OxygenNotIncluded/mods/Steam/1722760223
[15:19:14.062] [1] [INFO] C:/Users/actep/OneDrive/Documents/Klei/OxygenNotIncluded/mods/Steam/2844843044
[15:19:14.062] [1] [INFO] C:/Users/actep/OneDrive/Documents/Klei/OxygenNotIncluded/mods/Steam/1822160024
[15:19:14.062] [1] [INFO] C:/Users/actep/OneDrive/Documents/Klei/OxygenNotIncluded/mods/Steam/2968583663
[15:19:14.062] [1] [INFO] C:/Users/actep/OneDrive/Documents/Klei/OxygenNotIncluded/mods/Steam/3555374847
[15:19:14.062] [1] [INFO] C:/Users/actep/OneDrive/Documents/Klei/OxygenNotIncluded/mods/Steam/2721654252
[15:19:14.062] [1] [INFO] C:/Users/actep/OneDrive/Documents/Klei/OxygenNotIncluded/mods/Steam/1868454866
[15:19:14.062] [1] [INFO] C:/Users/actep/OneDrive/Documents/Klei/OxygenNotIncluded/mods/Steam/2965547030
[15:19:14.062] [1] [INFO] C:/Users/actep/OneDrive/Documents/Klei/OxygenNotIncluded/mods/Steam/2041219184
[15:19:14.062] [1] [INFO] C:/Users/actep/OneDrive/Documents/Klei/OxygenNotIncluded/mods/Steam/3301490799
[15:19:14.062] [1] [INFO] C:/Users/actep/OneDrive/Documents/Klei/OxygenNotIncluded/mods/Dev/ContainerTooltips
[15:19:14.070] [1] [INFO] C:/Users/actep/OneDrive/Documents/Klei/OxygenNotIncluded/mods/Steam/1843965353
[15:19:14.070] [1] [INFO] C:/Users/actep/OneDrive/Documents/Klei/OxygenNotIncluded/mods/Dev/BetterInfoCards
[15:19:14.070] [1] [INFO] C:/Users/actep/OneDrive/Documents/Klei/OxygenNotIncluded/mods/Steam/2977728791
[15:19:14.070] [1] [INFO] C:/Users/actep/OneDrive/Documents/Klei/OxygenNotIncluded/mods/Steam/3468585385
[15:19:14.070] [1] [INFO] C:/Users/actep/OneDrive/Documents/Klei/OxygenNotIncluded/mods/Steam/1960996649
[15:19:14.070] [1] [INFO] C:/Users/actep/OneDrive/Documents/Klei/OxygenNotIncluded/mods/Steam/2032187035
[15:19:14.070] [1] [INFO] C:/Users/actep/OneDrive/Documents/Klei/OxygenNotIncluded/mods/Steam/2493100777
[15:19:14.070] [1] [INFO] C:/Users/actep/OneDrive/Documents/Klei/OxygenNotIncluded/mods/Steam/3384457117
[15:19:14.070] [1] [INFO] C:/Users/actep/OneDrive/Documents/Klei/OxygenNotIncluded/mods/Steam/2348079481
[15:19:14.070] [1] [INFO] C:/Users/actep/OneDrive/Documents/Klei/OxygenNotIncluded/mods/Steam/2947429297
[15:19:14.070] [1] [INFO] C:/Users/actep/OneDrive/Documents/Klei/OxygenNotIncluded/mods/Steam/2128885110
[15:19:14.070] [1] [INFO] C:/Users/actep/OneDrive/Documents/Klei/OxygenNotIncluded/mods/Steam/1725950119
[15:19:14.070] [1] [INFO] C:/Users/actep/OneDrive/Documents/Klei/OxygenNotIncluded/mods/Steam/2815406414
[15:19:14.070] [1] [INFO] C:/Users/actep/OneDrive/Documents/Klei/OxygenNotIncluded/mods/Steam/1832319118
[15:19:14.070] [1] [INFO] C:/Users/actep/OneDrive/Documents/Klei/OxygenNotIncluded/mods/Steam/1878896484
[15:19:14.070] [1] [INFO] C:/Users/actep/OneDrive/Documents/Klei/OxygenNotIncluded/mods/Steam/1893887916
[15:19:14.070] [1] [INFO] C:/Users/actep/OneDrive/Documents/Klei/OxygenNotIncluded/mods/Steam/2018291283
[15:19:14.070] [1] [INFO] C:/Users/actep/OneDrive/Documents/Klei/OxygenNotIncluded/mods/Steam/1706181611
[15:19:14.070] [1] [INFO] C:/Users/actep/OneDrive/Documents/Klei/OxygenNotIncluded/mods/Steam/1855163252
[15:19:14.070] [1] [INFO] C:/Users/actep/OneDrive/Documents/Klei/OxygenNotIncluded/mods/Steam/1838445101
[15:19:14.070] [1] [INFO] C:/Users/actep/OneDrive/Documents/Klei/OxygenNotIncluded/mods/Steam/1881925531
[15:19:14.070] [1] [INFO] C:/Users/actep/OneDrive/Documents/Klei/OxygenNotIncluded/mods/Steam/1708809748
[15:19:14.070] [1] [INFO] C:/Users/actep/OneDrive/Documents/Klei/OxygenNotIncluded/mods/Steam/1737893485
[15:19:14.070] [1] [INFO] C:/Users/actep/OneDrive/Documents/Klei/OxygenNotIncluded/mods/Steam/1835394161
[15:19:14.070] [1] [INFO] C:/Users/actep/OneDrive/Documents/Klei/OxygenNotIncluded/mods/Steam/1703611962
[15:19:14.070] [1] [INFO] C:/Users/actep/OneDrive/Documents/Klei/OxygenNotIncluded/mods/Steam/1870696175
[15:19:14.070] [1] [INFO] C:/Users/actep/OneDrive/Documents/Klei/OxygenNotIncluded/mods/Steam/1717463209
[15:19:14.070] [1] [INFO] C:/Users/actep/OneDrive/Documents/Klei/OxygenNotIncluded/mods/Steam/3284635963
[15:19:14.070] [1] [INFO] C:/Users/actep/OneDrive/Documents/Klei/OxygenNotIncluded/mods/Steam/3164212090
[15:19:14.070] [1] [INFO] C:/Users/actep/OneDrive/Documents/Klei/OxygenNotIncluded/mods/Steam/2552175137
[15:19:14.070] [1] [INFO] C:/Users/actep/OneDrive/Documents/Klei/OxygenNotIncluded/mods/Steam/1722760223
[15:19:14.070] [1] [INFO] C:/Users/actep/OneDrive/Documents/Klei/OxygenNotIncluded/mods/Steam/2844843044
[15:19:14.070] [1] [INFO] C:/Users/actep/OneDrive/Documents/Klei/OxygenNotIncluded/mods/Steam/1822160024
[15:19:14.070] [1] [INFO] C:/Users/actep/OneDrive/Documents/Klei/OxygenNotIncluded/mods/Steam/2968583663
[15:19:14.070] [1] [INFO] C:/Users/actep/OneDrive/Documents/Klei/OxygenNotIncluded/mods/Steam/3555374847
[15:19:14.070] [1] [INFO] C:/Users/actep/OneDrive/Documents/Klei/OxygenNotIncluded/mods/Steam/2721654252
[15:19:14.070] [1] [INFO] C:/Users/actep/OneDrive/Documents/Klei/OxygenNotIncluded/mods/Steam/1868454866
[15:19:14.070] [1] [INFO] C:/Users/actep/OneDrive/Documents/Klei/OxygenNotIncluded/mods/Steam/2965547030
[15:19:14.070] [1] [INFO] C:/Users/actep/OneDrive/Documents/Klei/OxygenNotIncluded/mods/Steam/2041219184
[15:19:14.070] [1] [INFO] C:/Users/actep/OneDrive/Documents/Klei/OxygenNotIncluded/mods/Steam/3301490799
[15:19:14.070] [1] [INFO] C:/Users/actep/OneDrive/Documents/Klei/OxygenNotIncluded/mods/Dev/ContainerTooltips
[15:19:14.281] [1] [INFO] [ClusterTraitGenerationManager/Sgt_Imalas-VersionChecker]: Current UI handler version: 10
[15:19:14.282] [1] [INFO] [Sgt_Imalas-VersionChecker]: starting version check
[15:19:14.282] [1] [INFO] [Sgt_Imalas-VersionChecker]: checking for outdated plib version checkers
[15:19:14.295] [1] [INFO] [plib mod count]: 0
[15:19:14.295] [1] [INFO] [Sgt_Imalas-VersionChecker]: version checked 2 mods.
[15:19:14.295] [1] [INFO] [ClusterTraitGenerationManager/Sgt_Imalas-VersionChecker]: no mods out of date
Unloading 9 unused Assets / (0.5 KB). Loaded Objects now: 94075.
Memory consumption went from 383.1 MB to 383.1 MB.
Total: 80.845600 ms (FindLiveObjects: 6.087600 ms CreateObjectMapping: 2.674400 ms MarkObjects: 71.878000 ms  DeleteObjects: 0.205000 ms)

[15:19:14.465] [1] [INFO] -- MAIN MENU -- 
[15:19:14.554] [1] [INFO] Checking which steam branch we're on. Got: [public_testing]
[15:19:14.581] [1] [INFO] [PLib/ModUpdateDate] SteamUGCServiceFixed initializing with 39 items
[15:19:14.610] [1] [INFO] Screen resolution updated, saving values to prefs: 1920x1080 @ 60, fullscreen: FullScreenWindow
Input System module state changed to: ShutdownInProgress.
Input System polling thread exited.
Input System module state changed to: Shutdown.
[15:19:15.505] [8] [ERROR] Fatal parse error in F:/SteamLibrary/steamapps/common/OxygenNotIncluded/OxygenNotIncluded_Data/StreamingAssets/templates/poi/frozen/lab_splitroom.yaml
(Line: 229, Col: 3, Idx: 4769) - (Line: 229, Col: 3, Idx: 4769): Exception during deserialization
Thread was being aborted.
Fatal parse error in F:/SteamLibrary/steamapps/common/OxygenNotIncluded/OxygenNotIncluded_Data/StreamingAssets/templates/poi/frozen/lab_splitroom.yaml
(Line: 229, Col: 3, Idx: 4769) - (Line: 229, Col: 3, Idx: 4769): Exception during deserialization
Thread was being aborted.
PlayerConnection::CleanupMemory Statistics:
[ALLOC_TEMP_TLS] TLS Allocator
  StackAllocators : 
    [ALLOC_TEMP_MAIN]
      Peak usage frame count: [1.0 MB-2.0 MB]: 1 frames, [2.0 MB-4.0 MB]: 1 frames, [4.0 MB-8.0 MB]: 1 frames
      Initial Block Size 4.0 MB
      Current Block Size 7.9 MB
      Peak Allocated Bytes 7.9 MB
      Overflow Count 3
    [ALLOC_TEMP_Background Job.Worker 9]
      Initial Block Size 32.0 KB
      Current Block Size 32.0 KB
      Peak Allocated Bytes 54 B
      Overflow Count 0
    [ALLOC_TEMP_Background Job.Worker 8]
      Initial Block Size 32.0 KB
      Current Block Size 32.0 KB
      Peak Allocated Bytes 54 B
      Overflow Count 0
    [ALLOC_TEMP_Background Job.Worker 10]
      Initial Block Size 32.0 KB
      Current Block Size 32.0 KB
      Peak Allocated Bytes 54 B
      Overflow Count 0
    [ALLOC_TEMP_Background Job.Worker 6]
      Initial Block Size 32.0 KB
      Current Block Size 32.0 KB
      Peak Allocated Bytes 54 B
      Overflow Count 0
    [ALLOC_TEMP_Job.Worker 4]
      Initial Block Size 256.0 KB
      Current Block Size 256.0 KB
      Peak Allocated Bytes 5.8 KB
      Overflow Count 0
    [ALLOC_TEMP_Background Job.Worker 1]
      Initial Block Size 32.0 KB
      Current Block Size 32.0 KB
      Peak Allocated Bytes 1.5 KB
      Overflow Count 0
    [ALLOC_TEMP_Background Job.Worker 11]
      Initial Block Size 32.0 KB
      Current Block Size 32.0 KB
      Peak Allocated Bytes 54 B
      Overflow Count 0
    [ALLOC_TEMP_Background Job.Worker 3]
      Initial Block Size 32.0 KB
      Current Block Size 32.0 KB
      Peak Allocated Bytes 54 B
      Overflow Count 0
    [ALLOC_TEMP_BatchDeleteObjects]
      Initial Block Size 64.0 KB
      Current Block Size 64.0 KB
      Peak Allocated Bytes 54 B
      Overflow Count 0
    [ALLOC_TEMP_Job.Worker 13]
      Initial Block Size 256.0 KB
      Current Block Size 256.0 KB
      Peak Allocated Bytes 54 B
      Overflow Count 0
    [ALLOC_TEMP_Background Job.Worker 2]
      Initial Block Size 32.0 KB
      Current Block Size 32.0 KB
      Peak Allocated Bytes 54 B
      Overflow Count 0
    [ALLOC_TEMP_Background Job.Worker 7]
      Initial Block Size 32.0 KB
      Current Block Size 32.0 KB
      Peak Allocated Bytes 54 B
      Overflow Count 0
    [ALLOC_TEMP_Job.Worker 8]
      Initial Block Size 256.0 KB
      Current Block Size 256.0 KB
      Peak Allocated Bytes 5.8 KB
      Overflow Count 0
    [ALLOC_TEMP_Job.Worker 1]
      Initial Block Size 256.0 KB
      Current Block Size 256.0 KB
      Peak Allocated Bytes 25.2 KB
      Overflow Count 0
    [ALLOC_TEMP_Job.Worker 10]
      Initial Block Size 256.0 KB
      Current Block Size 256.0 KB
      Peak Allocated Bytes 54 B
      Overflow Count 0
    [ALLOC_TEMP_Job.Worker 12]
      Initial Block Size 256.0 KB
      Current Block Size 256.0 KB
      Peak Allocated Bytes 54 B
      Overflow Count 0
    [ALLOC_TEMP_Loading.PreloadManager]
      Initial Block Size 256.0 KB
      Current Block Size 432.0 KB
      Peak Allocated Bytes 405.7 KB
      Overflow Count 52
    [ALLOC_TEMP_Background Job.Worker 15]
      Initial Block Size 32.0 KB
      Current Block Size 32.0 KB
      Peak Allocated Bytes 54 B
      Overflow Count 0
    [ALLOC_TEMP_Profiler.Dispatcher]
      Initial Block Size 64.0 KB
      Current Block Size 64.0 KB
      Peak Allocated Bytes 456 B
      Overflow Count 0
    [ALLOC_TEMP_Job.Worker 14]
      Initial Block Size 256.0 KB
      Current Block Size 256.0 KB
      Peak Allocated Bytes 54 B
      Overflow Count 0
    [ALLOC_TEMP_Job.Worker 3]
      Initial Block Size 256.0 KB
      Current Block Size 256.0 KB
      Peak Allocated Bytes 5.8 KB
      Overflow Count 0
    [ALLOC_TEMP_Background Job.Worker 12]
      Initial Block Size 32.0 KB
      Current Block Size 32.0 KB
      Peak Allocated Bytes 54 B
      Overflow Count 0
    [ALLOC_TEMP_AssetGarbageCollectorHelper] x 15
      Initial Block Size 64.0 KB
      Current Block Size 64.0 KB
      Peak Allocated Bytes 138 B
      Overflow Count 0
    [ALLOC_TEMP_Background Job.Worker 5]
      Initial Block Size 32.0 KB
      Current Block Size 32.0 KB
      Peak Allocated Bytes 54 B
      Overflow Count 0
    [ALLOC_TEMP_Background Job.Worker 13]
      Initial Block Size 32.0 KB
      Current Block Size 32.0 KB
      Peak Allocated Bytes 54 B
      Overflow Count 0
    [ALLOC_TEMP_Job.Worker 2]
      Initial Block Size 256.0 KB
      Current Block Size 256.0 KB
      Peak Allocated Bytes 5.8 KB
      Overflow Count 0
    [ALLOC_TEMP_Background Job.Worker 0]
      Initial Block Size 32.0 KB
      Current Block Size 32.0 KB
      Peak Allocated Bytes 54 B
      Overflow Count 0
    [ALLOC_TEMP_Job.Worker 11]
      Initial Block Size 256.0 KB
      Current Block Size 256.0 KB
      Peak Allocated Bytes 54 B
      Overflow Count 0
    [ALLOC_TEMP_Background Job.Worker 4]
      Initial Block Size 32.0 KB
      Current Block Size 32.0 KB
      Peak Allocated Bytes 54 B
      Overflow Count 0
    [ALLOC_TEMP_Job.Worker 0]
      Initial Block Size 256.0 KB
      Current Block Size 256.0 KB
      Peak Allocated Bytes 0 B
      Overflow Count 0
    [ALLOC_TEMP_Job.Worker 5]
      Initial Block Size 256.0 KB
      Current Block Size 256.0 KB
      Peak Allocated Bytes 5.8 KB
      Overflow Count 0
    [ALLOC_TEMP_Background Job.Worker 14]
      Initial Block Size 32.0 KB
      Current Block Size 32.0 KB
      Peak Allocated Bytes 54 B
      Overflow Count 0
    [ALLOC_TEMP_ReadCacheIndex]
      Initial Block Size 64.0 KB
      Current Block Size 64.0 KB
      Peak Allocated Bytes 0.5 KB
      Overflow Count 0
    [ALLOC_TEMP_EnlightenWorker] x 4
      Initial Block Size 64.0 KB
      Current Block Size 64.0 KB
      Peak Allocated Bytes 54 B
      Overflow Count 0
    [ALLOC_TEMP_UnityGfxDeviceWorker]
      Initial Block Size 256.0 KB
      Current Block Size 256.0 KB
      Peak Allocated Bytes 18.1 KB
      Overflow Count 0
    [ALLOC_TEMP_Job.Worker 9]
      Initial Block Size 256.0 KB
      Current Block Size 256.0 KB
      Peak Allocated Bytes 0 B
      Overflow Count 0
    [ALLOC_TEMP_Job.Worker 6]
      Initial Block Size 256.0 KB
      Current Block Size 256.0 KB
      Peak Allocated Bytes 5.8 KB
      Overflow Count 0
    [ALLOC_TEMP_Job.Worker 7]
      Initial Block Size 256.0 KB
      Current Block Size 256.0 KB
      Peak Allocated Bytes 5.8 KB
      Overflow Count 0
    [ALLOC_TEMP_Loading.AsyncRead]
      Initial Block Size 64.0 KB
      Current Block Size 128.0 KB
      Peak Allocated Bytes 127.7 KB
      Overflow Count 0
[ALLOC_MEMORYPROFILER]
  Peak usage frame count: [1.0 MB-2.0 MB]: 1 frames, [4.0 MB-8.0 MB]: 2 frames
  Requested Block Size 1.0 MB
  Peak Block count 5
  Peak Allocated memory 4.4 MB
  Peak Large allocation bytes 0 B
[ALLOC_DEFAULT] Dual Thread Allocator
  Peak main deferred allocation count 21547
    [ALLOC_BUCKET]
      Large Block size 4.0 MB
      Used Block count 1
      Peak Allocated bytes 2.1 MB
      Failed Allocations. Bucket layout:
        16B: 18 Subsections = 6144 buckets. Failed count: 169479
        32B: 41 Subsections = 10496 buckets. Failed count: 35984
        48B: 93 Subsections = 19046 buckets. Failed count: 35465
        64B: 29 Subsections = 4949 buckets. Failed count: 17659
        80B: 46 Subsections = 6729 buckets. Failed count: 10320
        96B: 17 Subsections = 2176 buckets. Failed count: 7471
        112B: 11 Subsections = 1251 buckets. Failed count: 9393
        128B: 1 Subsections = 102 buckets. Failed count: 30408
    [ALLOC_DEFAULT_MAIN]
      Peak usage frame count: [16.0 MB-32.0 MB]: 1 frames, [128.0 MB-256.0 MB]: 2 frames
      Requested Block Size 16.0 MB
      Peak Block count 15
      Peak Allocated memory 226.0 MB
      Peak Large allocation bytes 8.0 MB
    [ALLOC_DEFAULT_THREAD]
      Peak usage frame count: [256.0 MB-0.50 GB]: 3 frames
      Requested Block Size 16.0 MB
      Peak Block count 21
      Peak Allocated memory 331.6 MB
      Peak Large allocation bytes 21.3 MB
[ALLOC_TEMP_JOB_1_FRAME]
  Initial Block Size 2.0 MB
  Used Block Count 0
  Overflow Count (too large) 0
  Overflow Count (full) 0
[ALLOC_TEMP_JOB_2_FRAMES]
  Initial Block Size 2.0 MB
  Used Block Count 0
  Overflow Count (too large) 0
  Overflow Count (full) 0
[ALLOC_TEMP_JOB_4_FRAMES (JobTemp)]
  Initial Block Size 2.0 MB
  Used Block Count 1
  Overflow Count (too large) 0
  Overflow Count (full) 0
[ALLOC_TEMP_JOB_ASYNC (Background)]
  Initial Block Size 1.0 MB
  Used Block Count 1
  Overflow Count (too large) 0
  Overflow Count (full) 0
[ALLOC_GFX] Dual Thread Allocator
  Peak main deferred allocation count 35
    [ALLOC_BUCKET]
      Large Block size 4.0 MB
      Used Block count 1
      Peak Allocated bytes 2.1 MB
      Failed Allocations. Bucket layout:
        16B: 18 Subsections = 6144 buckets. Failed count: 169479
        32B: 41 Subsections = 10496 buckets. Failed count: 35984
        48B: 93 Subsections = 19046 buckets. Failed count: 35465
        64B: 29 Subsections = 4949 buckets. Failed count: 17659
        80B: 46 Subsections = 6729 buckets. Failed count: 10320
        96B: 17 Subsections = 2176 buckets. Failed count: 7471
        112B: 11 Subsections = 1251 buckets. Failed count: 9393
        128B: 1 Subsections = 102 buckets. Failed count: 30408
    [ALLOC_GFX_MAIN]
      Peak usage frame count: [256.0 KB-0.5 MB]: 1 frames, [8.0 MB-16.0 MB]: 1 frames, [256.0 MB-0.50 GB]: 1 frames
      Requested Block Size 16.0 MB
      Peak Block count 2
      Peak Allocated memory 371.3 MB
      Peak Large allocation bytes 360.0 MB
    [ALLOC_GFX_THREAD]
      Peak usage frame count: [64.0 MB-128.0 MB]: 3 frames
      Requested Block Size 16.0 MB
      Peak Block count 2
      Peak Allocated memory 65.1 MB
      Peak Large allocation bytes 48.0 MB
[ALLOC_CACHEOBJECTS] Dual Thread Allocator
  Peak main deferred allocation count 1783
    [ALLOC_BUCKET]
      Large Block size 4.0 MB
      Used Block count 1
      Peak Allocated bytes 2.1 MB
      Failed Allocations. Bucket layout:
        16B: 18 Subsections = 6144 buckets. Failed count: 169479
        32B: 41 Subsections = 10496 buckets. Failed count: 35984
        48B: 93 Subsections = 19046 buckets. Failed count: 35465
        64B: 29 Subsections = 4949 buckets. Failed count: 17659
        80B: 46 Subsections = 6729 buckets. Failed count: 10320
        96B: 17 Subsections = 2176 buckets. Failed count: 7471
        112B: 11 Subsections = 1251 buckets. Failed count: 9393
        128B: 1 Subsections = 102 buckets. Failed count: 30408
    [ALLOC_CACHEOBJECTS_MAIN]
      Peak usage frame count: [4.0 MB-8.0 MB]: 1 frames, [128.0 MB-256.0 MB]: 2 frames
      Requested Block Size 4.0 MB
      Peak Block count 49
      Peak Allocated memory 193.0 MB
      Peak Large allocation bytes 0 B
    [ALLOC_CACHEOBJECTS_THREAD]
      Peak usage frame count: [16.0 MB-32.0 MB]: 3 frames
      Requested Block Size 4.0 MB
      Peak Block count 6
      Peak Allocated memory 19.1 MB
      Peak Large allocation bytes 0 B
[ALLOC_TYPETREE] Dual Thread Allocator
  Peak main deferred allocation count 0
    [ALLOC_BUCKET]
      Large Block size 4.0 MB
      Used Block count 1
      Peak Allocated bytes 2.1 MB
      Failed Allocations. Bucket layout:
        16B: 18 Subsections = 6144 buckets. Failed count: 169479
        32B: 41 Subsections = 10496 buckets. Failed count: 35984
        48B: 93 Subsections = 19046 buckets. Failed count: 35465
        64B: 29 Subsections = 4949 buckets. Failed count: 17659
        80B: 46 Subsections = 6729 buckets. Failed count: 10320
        96B: 17 Subsections = 2176 buckets. Failed count: 7471
        112B: 11 Subsections = 1251 buckets. Failed count: 9393
        128B: 1 Subsections = 102 buckets. Failed count: 30408
    [ALLOC_TYPETREE_MAIN]
      Peak usage frame count: [4.0 KB-8.0 KB]: 1 frames, [0.5 MB-1.0 MB]: 2 frames
      Requested Block Size 2.0 MB
      Peak Block count 1
      Peak Allocated memory 0.9 MB
      Peak Large allocation bytes 0 B
    [ALLOC_TYPETREE_THREAD]
      Peak usage frame count: [32.0 KB-64.0 KB]: 3 frames
      Requested Block Size 2.0 MB
      Peak Block count 1
      Peak Allocated memory 36.4 KB
      Peak Large allocation bytes 0 B
[ALLOC_PROFILER]
  Peak usage frame count: [256.0 KB-0.5 MB]: 2 frames, [32.0 MB-64.0 MB]: 1 frames
  Requested Block Size 16.0 MB
  Peak Block count 3
  Peak Allocated memory 33.3 MB
  Peak Large allocation bytes 0 B
    [ALLOC_PROFILER_BUCKET]
      Large Block size 4.0 MB
      Used Block count 1
      Peak Allocated bytes 66.0 KB
##utp:{"type":"MemoryLeaks","version":2,"phase":"Immediate","time":1762183156139,"processId":17536,"allocatedMemory":640631,"memoryLabels":[{"Default":-128},{"NewDelete":200},{"Manager":533678},{"GfxDevice":72},{"Serialization":508},{"JobScheduler":33464},{"String":382},{"HashMap":51456},{"PoolAlloc":168},{"WebRequest":4288},{"VR":1784},{"Secure":768},{"Subsystems":96},{"CoreBusinessMetrics":128},{"TLS":13767}]}
